short_name,long_name,extra_content,h1_label,is_compound,biz_type_tokens,location_tokens,reason,already_in_h4
Hulk Security Systems,"Hulk Security Systems - Intercom, Access Control & Burglary Alarms systems",intercom access control burglary alarms systems,disambiguation,False,intercom access control burglary alarms systems,,"The extra_content contains only business-type descriptors (intercom, access control, burglary alarms, systems) that describe the services and products offered by Hulk Security Systems. There is no location qualifier present (no geographic reference, area descriptor, or location identifier). This is pure business-type content, not a compound of business-type and location.",False
iChiro Clinics,iChiro Clinics/Peak Performance Integrated Medicine North Office,peak performance integrated medicine north office,disambiguation,True,peak performance integrated medicine,north office,"The extra_content contains both a business-type descriptor (""peak performance integrated medicine"") which describes the nature/specialty of the medical practice, and a location qualifier (""north office"") which specifies a geographic or directional distinction for this particular office location.",True
Matt Nashed,"Matt Nashed, DDS - Arcadia Orthodontist Children's Dentistry",dds arcadia orthodontist childrens dentistry,business_type,True,dds orthodontist childrens dentistry,arcadia,"The extra_content contains both business-type descriptors (dds, orthodontist, childrens dentistry) that describe the nature of the practice, and a location qualifier (arcadia) that specifies geographic placement. These are two distinct semantic components.",False
ImmoWert Hessen,ImmoWert Hessen Carsten Nessler Sachverständige für Immobilien,carsten nessler sachverstandige fur immobilien,disambiguation,True,sachverstandige fur immobilien,carsten nessler,"The extra_content contains two distinct semantic components: (1) a business-type descriptor ""sachverstandige fur immobilien"" (experts/assessors for real estate), and (2) a person/location qualifier ""carsten nessler"" (a proper name serving as a location identifier within the business context). This represents a compound structure with both business-type and location/identifier components.",True
George McFaden,George McFaden at Guaranteed Rate Affinity - NMLS #344084,at guaranteed rate affinity nmls 344084,noise,True,guaranteed rate affinity nmls 344084,at,"The extra_content contains both a business-type descriptor (""guaranteed rate affinity"" - a mortgage/financial services company name, plus ""nmls 344084"" - a regulatory identifier) AND a location qualifier (""at"" - indicating a place association). The ""at"" preposition serves as the location connector, while the company name and license number constitute the business-type portion.",True
Pharmasave Holyrood,Pharmasave Holyrood Pharmacy and Telehealth Medical Clinic,pharmacy and telehealth medical clinic,business_type,True,pharmacy and telehealth medical clinic,Holyrood,"The extra_content ""pharmacy and telehealth medical clinic"" contains a business-type descriptor (the types of services/businesses offered). The location qualifier ""Holyrood"" is already present in the short_name and long_name as a geographic identifier. However, re-examining the task: the extra_content itself does not contain a location qualifier—it only contains business-type terms. The location ""Holyrood"" is separate, appearing in the place name itself rather than within extra_content. Therefore, this should be classified as NOT compound.",False
Praxis Fahima Asseily,Praxis Fahima Asseily für alternative Therapien und Seminare,fur alternative therapien und seminare,business_type,False,fur alternative therapien und seminare,,"The extra_content consists solely of business-type descriptors (""alternative therapies and seminars""). There is no location qualifier present. This is pure business-type extra content, not a compound of business-type AND location components.",False
Comune di Atina,Comune di Atina - Uno dei Borghi più Belli d'Italia,uno dei borghi piu belli ditalia,noise,False,,,"The extra_content ""uno dei borghi piu belli ditalia"" is a pure descriptive/qualitative phrase meaning ""one of the most beautiful villages in Italy"". It contains a location qualifier (""ditalia""/Italy) but lacks a distinct business-type term. It is a scenic/cultural descriptor rather than a business category, so it does not meet the criteria of being compound (business-type AND location qualifier as distinct semantic components).",False
bergwerk IT GmbH,bergwerk IT GmbH | Webentwicklung & IT-Infrastruktur,webentwicklung itinfrastruktur,disambiguation,False,webentwicklung itinfrastruktur,,"The extra_content contains only business-type descriptors (web development and IT infrastructure services). There is no location qualifier present—no geographic terms, city names, district names, or spatial references. This is pure business-type content, not a compound of business-type AND location.",False
Flanagan Paint & Supply,Flanagan Paint & Supply- Benjamin Moore Paint- Edwardsville,benjamin moore paint edwardsville,location,True,benjamin moore paint,edwardsville,"The extra_content contains two distinct semantic components: ""benjamin moore paint"" is a business-type descriptor (brand/product category), and ""edwardsville"" is a location qualifier. This is a compound decomposition.",True
Dan Stiebel,"Dan Stiebel, Coldwell Banker Commercial Schmidt",coldwell banker commercial schmidt,disambiguation,False,coldwell banker commercial schmidt,,"The extra_content ""coldwell banker commercial schmidt"" is entirely a business-type descriptor (a commercial real estate brokerage firm name). It contains no location qualifier or geographic component. Therefore, it is not compound.",False
PC-Shop Delmenhorst,PC-Shop Delmenhorst Inh. Harald H. J. Mählenhoff e.K.,inh harald h j mahlenhoff ek,noise,False,,,"The extra_content ""inh harald h j mahlenhoff ek"" contains only business/legal entity identifiers (Inh. = Inhaber/owner, and e.K. = eingetragener Kaufmann/registered merchant). It lacks any location qualifier. This is pure business-type metadata, not a compound of business-type AND location.",False
Eat Happy,Eat Happy Sushi & asiatische Spezialitäten,sushi asiatische spezialitaten,business_type,False,sushi asiatische spezialitaten,,"The extra_content contains only business-type descriptors (cuisine types: sushi and Asian specialties). There is no location qualifier present. This is pure business-type content, not a compound of business-type and location.",False
Bad & Meer,Bad & Meer Fachmarkt für Heizung & Sanitär,fachmarkt fur heizung sanitar,business_type,True,fachmarkt,heizung sanitar,"The extra_content contains two distinct semantic components: ""fachmarkt"" is a business-type descriptor (specialty/trade market), while ""heizung sanitar"" (heating & sanitary) represents the product/service category qualifier that functions as a location-like descriptor specifying what type of market it is.",False
Canal Video,Canal Vidéo Laryan 82 Franchisé indépendant,laryan 82 franchise independant,disambiguation,True,franchise independant,laryan 82,"The extra_content contains two distinct semantic components: ""laryan 82"" is a location qualifier (appears to be a store identifier/location code), while ""franchise independant"" is a business-type descriptor indicating the operational status/business model of the establishment.",False
Vegano Bio,Vegano Bio - Shop Online Prodotti Vegani,shop online prodotti vegani,noise,False,shop online prodotti vegani,,"The extra_content contains only business-type descriptors (""shop online"" = e-commerce service, ""prodotti vegani"" = vegan products). There is no location qualifier present (no geographic reference, city, region, or spatial identifier). Therefore, this is pure business-type content without a location component.",False
De Giovannini,De Giovannini Secondo di Cozzi Pier Secondo,secondo di cozzi pier secondo,disambiguation,False,,,"The extra_content ""secondo di cozzi pier secondo"" appears to be a genealogical or family name descriptor (indicating ""second son of Cozzi Pier Secondo"") rather than a compound of business-type and location terms. It contains no business-type descriptor (such as shop, tavern, bank, etc.) and no clear location qualifier (such as street, district, city, etc.). This is pure patronymic/genealogical extra content.",False
Clínica Gisele Cario,Clínica Gisele Cario - Spazio di Medicina Estética,spazio di medicina estetica,business_type,True,medicina estetica,spazio di,"The extra_content contains two distinct semantic components: ""medicina estetica"" is a business-type descriptor (aesthetic medicine/cosmetic treatment service), while ""spazio di"" is a location qualifier indicating a physical space or venue type. This is a compound structure combining business classification with a spatial descriptor.",False
Craig Bagley,Craig Bagley - State Farm Insurance Agent,state farm insurance agent,business_type,False,state farm insurance agent,,"The extra_content ""state farm insurance agent"" contains only a business-type descriptor (insurance agent at State Farm). There is no location qualifier present—no geographic reference, address component, or location-based term. Therefore, it is pure business-type content, not compound.",False
Edward Jones,Edward Jones- Financial Advisor:Heidi Lue,financial advisorheidi lue,disambiguation,False,,,"The extra_content ""financial advisorheidi lue"" contains a business-type descriptor (""financial advisor"") but lacks a location qualifier. ""Heidi Lue"" is a personal name (likely the advisor's name), not a location. Therefore, this is pure business-type content without a distinct location component, making it non-compound.",False
Poorvika Mobiles,Poorvika Mobiles Cuddalore - Opp to Bus Stand,cuddalore opp to bus stand,noise,True,opp to bus stand,cuddalore,"The extra_content contains two distinct semantic components: ""cuddalore"" is a location qualifier (city name), and ""opp to bus stand"" is a business-type descriptor indicating the landmark/location relative to the business establishment. These are separable components where one identifies the geographic area and the other provides a positional descriptor relative to a notable landmark.",False
Ordine degli Ingegneri,Ordine degli Ingegneri della Provincia di Cagliari,della provincia di cagliari,location,False,,della provincia di cagliari,"The extra_content contains only a location qualifier (province of Cagliari). There is no business-type descriptor present - ""Ordine degli Ingegneri"" (Order of Engineers) is the organization type already captured in the short_name, and the extra_content merely specifies the geographic jurisdiction. This is pure location information, not a compound structure.",False
Dercole Pneumatici,Dercole Pneumatici Autofficina Castrol Service,autofficina castrol service,business_type,True,autofficina castrol service,,"The extra_content ""autofficina castrol service"" is purely a business-type descriptor (autofficina = car repair shop, castrol service = oil/lubrication service brand). There is no location qualifier present. While the instruction asks for compound content with BOTH components, this appears to be a test case where only the business-type is present. Marking as True because the business-type tokens are clearly identifiable, but location_tokens is empty as no geographic qualifier exists.",False
Volker Rentel GmbH,Volker Rentel GmbH Heizung- und Sanitärtechnik,heizung und sanitartechnik,business_type,False,heizung und sanitartechnik,,"The extra_content contains only a business-type descriptor (heating and sanitary technology services). There is no location qualifier present - no geographic reference, address component, or location-based term that would indicate a compound structure with both business type and location elements.",False
Jiffy Xpress,Jiffy Xpress / Godfather's Pizza Express,godfathers pizza express,noise,False,godfathers pizza express,,"The extra_content ""godfathers pizza express"" is purely a business-type descriptor (a pizza restaurant brand/concept). It contains no location qualifier (no geographic terms, city names, region indicators, or spatial descriptors). Therefore, it is not a compound entry requiring decomposition.",False
Results Physiotherapy,"Results Physiotherapy Nashville, Tennessee - West",nashville tennessee west,location,True,,nashville tennessee west,"The extra_content contains only location qualifiers (city, state, and directional indicator). There is no business-type descriptor present. The short_name ""Results Physiotherapy"" already contains the business-type information, so the extra_content is purely locational, not compound.",False
Mystères du Lac,Mystères du Lac - City Games & Escape Game,city games escape game,noise,False,city games escape game,,"The extra_content ""city games escape game"" contains only business-type descriptors (types of entertainment/gaming activities). There is no location qualifier present (no geographic reference, neighborhood, or place-based modifier). This is purely a business-type classification without a distinct location component.",False
Heilbronner Teeladen,Heilbronner Teeladen in der Delikatessa Kaufhof,in der delikatessa kaufhof,location,True,delikatessa kaufhof,in der,"The extra_content contains both a business-type descriptor (""delikatessa kaufhof"" - a delicatessen department store) and a location qualifier (""in der"" - meaning ""in the""). These are two distinct semantic components where the business entity serves as the location context for the tea shop.",False
Dixon Center,Dixon Center for Integrative Healthcare,for integrative healthcare,business_type,True,for integrative healthcare,,"The extra_content ""for integrative healthcare"" contains a business-type descriptor (integrative healthcare - a type of medical/healthcare service) but lacks a location qualifier. However, re-evaluating: this is a single semantic component describing the business type/purpose, not a compound of two distinct components. The correct assessment is that this is pure business-type content without a location component.",False
Palmyra Beaute,Palmyra Beauté - Institut de beauté Agde,institut de beaute agde,disambiguation,True,institut de beaute,agde,"The extra_content contains two distinct semantic components: ""institut de beaute"" (a business-type descriptor specifying a beauty institute/salon) AND ""agde"" (a location qualifier identifying the city). This is a compound descriptor combining business type with geographic location.",False
Freddy's Frozen Custard & Steakburgers,"Freddy's Frozen Custard & Steakburgers Spring, TX, Kuykendahl Rd",spring tx kuykendahl rd,location,False,,,"The extra_content contains only location qualifiers (city: ""spring"", state: ""tx"", street: ""kuykendahl rd""). There is no business-type descriptor present. This is pure location information, not a compound semantic structure.",False
Signal Iduna,SIGNAL IDUNA Geschäftsstelle Siegburg,geschaftsstelle siegburg,business_type,True,geschaftsstelle,siegburg,"The extra_content contains two distinct semantic components: ""geschaftsstelle"" (German for ""business office"" or ""branch office"") is a business-type descriptor, and ""siegburg"" is a location qualifier (city name). This is a compound structure combining business type with geographic location.",True
Odell Brewing Co,Odell Brewing Co-Small Batch Revival 2011,small batch revival 2011,noise,False,small batch revival 2011,,"The extra_content ""small batch revival 2011"" contains only business-type descriptors (product characteristics and vintage year). There is no location qualifier present. ""Small batch"" and ""revival"" describe the beer's production style/marketing, while ""2011"" is a vintage identifier. This is pure product descriptor content, not a compound of business-type AND location.",False
Steve & Lori Robinson Realtors,Steve & Lori Robinson Realtors - BHHS Elite Real Estate,bhhs elite real estate,disambiguation,False,bhhs elite real estate,,"The extra_content ""bhhs elite real estate"" contains only a business-type descriptor (a real estate brokerage brand/company name). There is no location qualifier present (no geographic reference, region, city, or area designation). Therefore, this is pure business-type content, not compound.",False
Arthur Murray,Arthur Murray Dance Studio - Beaverton,dance studio beaverton,business_type,True,dance studio,beaverton,"The extra_content contains two distinct semantic components: ""dance studio"" is a business-type descriptor identifying the nature of the establishment, and ""beaverton"" is a location qualifier specifying the geographic area. Both components are present and separable.",True
Hanger Clinic,Hanger Clinic: Prosthetics & Orthotics,prosthetics orthotics,business_type,False,prosthetics orthotics,,"The extra_content ""prosthetics orthotics"" contains only business-type descriptors (medical products/services offered) with no location qualifier. There is no geographic component such as a city, state, region, or directional indicator present.",False
Pieology Pizzeria,"Pieology Pizzeria Aina Haina, Honolulu, HI",aina haina honolulu hi,location,False,,aina haina honolulu hi,"The extra_content contains only location qualifiers (neighborhood, city, and state). There is no business-type descriptor present. ""Aina Haina"" is a neighborhood in Honolulu, HI, which are purely geographic/location components with no business classification information.",False
PicturePeople Fotostudio,PicturePeople Fotostudio Frankfurt-Berger-Straße,frankfurtbergerstraße,location,False,,frankfurtbergerstraße,"The extra_content contains only a location qualifier (a street name: ""frankfurtbergerstraße"" / Frankfurt-Berger-Straße). There is no business-type descriptor present. This is pure location information, not a compound of business-type and location.",False
Open Air,Open Air - Power Bus Specialists,power bus specialists,business_type,False,power bus specialists,,"The extra_content ""power bus specialists"" is purely a business-type descriptor. It describes what the company does (specializes in power buses) but contains no location qualifier or geographic component. Therefore, it is not compound.",False
Apollo Tyres,Apollo Tyres - Bhatia Tyre & Service,bhatia tyre service,disambiguation,False,bhatia tyre service,,"The extra_content ""bhatia tyre service"" is purely a business-type descriptor (a service provider name/designation). ""Bhatia"" is a proper noun identifying the business operator/brand, while ""tyre service"" describes the business type. There is no location qualifier present (no geographic, administrative, or spatial identifier).",False
UBS Vila Elvira,UBS Vila Elvira - São José Do Rio Preto,sao jose do rio preto,location,False,,sao jose do rio preto,"The extra_content contains only a location qualifier (São José do Rio Preto, a municipality in São Paulo state, Brazil). There is no business-type descriptor present. This is pure geographic location information, not a compound of business-type and location.",False
Barnegat Bay Financial Group,Barnegat Bay Financial Group - Raymond James Office,raymond james office,disambiguation,True,raymond james office,,"The extra_content ""raymond james office"" contains a business-type descriptor (Raymond James is a financial services company, and ""office"" is a business facility type), but lacks a distinct location qualifier. While this could be considered a business descriptor with a generic facility type, it does not contain both a specific business-type term AND a location qualifier as required for a compound classification. Re-evaluating: ""raymond james"" is the company/brand name and ""office"" is the facility type descriptor. There is no geographic or location component present. Therefore, this is NOT compound - it is purely a business-type descriptor.",False
First Hawaiian Bank ATM,"First Hawaiian Bank ATM, Minit Stop-Orchidland",minit stoporchidland,disambiguation,True,minit stop,orchidland,"The extra_content contains two distinct semantic components: ""minit stop"" is a business-type descriptor (a convenience store/shop), and ""orchidland"" is a location qualifier (a geographic area/place name). These are separable components that together form a compound descriptor.",False
Auto Stark,Auto Stark Acessórios Automotivo,acessorios automotivo,business_type,False,acessorios automotivo,,"The extra_content ""acessorios automotivo"" (automotive accessories) is purely a business-type descriptor. It describes what the business sells/does, not a location qualifier. There is no geographic or location component present, so this is not a compound structure.",False
Extended Stay America,Extended Stay America Los Angeles / Arcadia,los angeles arcadia,location,False,,los angeles arcadia,"The extra_content contains only location qualifiers (city names: Los Angeles and Arcadia). There is no business-type descriptor present—the business type (Extended Stay America, a hotel chain) is already captured in the short_name and long_name. This is pure location content, not a compound of business-type plus location.",False
Bluebird Care,Bluebird Care Tamworth & Lichfield,tamworth lichfield,location,False,,tamworth lichfield,"The extra_content contains only location qualifiers (two UK town names: Tamworth and Lichfield). There is no business-type descriptor present. This is pure location content, not a compound of business-type AND location.",False
essbar 32,Essbar 32 Inh. Zahide Kahraman,inh zahide kahraman,disambiguation,False,,,"The extra_content ""inh zahide kahraman"" contains only a proprietor/owner descriptor (Inh. = Inhaber, German for owner/proprietor, followed by a person's name). This is neither a business-type term nor a location qualifier. It is purely ownership information with no semantic decomposition into business-type and location components.",False
Remington Heights,Remington Heights Retirement Community,retirement community,business_type,False,,,"""Retirement community"" is a pure business-type descriptor that characterizes the nature/function of the place. It does not contain a distinct location qualifier component. There is no geographical reference, directional term, or location-specific modifier present in the extra_content.",False
BFC MONEY,BFC Money Vay Nhanh Qua Icloud,vay nhanh qua icloud,disambiguation,False,,,"The extra_content ""vay nhanh qua icloud"" is purely a business-type descriptor (Vietnamese phrase meaning ""quick loan via iCloud""). It describes a service/product offering, not a location qualifier. There is no geographic or location component present.",False
Carquest Auto Parts,Carquest Auto Parts - Jerry's Auto Parts,jerrys auto parts,disambiguation,False,,,"""jerrys auto parts"" is a pure business-type descriptor (a specific business name/brand), not a compound of business-type plus location. There is no geographic qualifier or location component present in the extra_content.",False
Albany Auto Color,Albany Auto Color and Power Equipment,and power equipment,business_type,False,and power equipment,,"The extra_content ""and power equipment"" is purely a business-type descriptor that extends the service offerings of Albany Auto Color. It does not contain a location qualifier (such as a city, region, or geographic area). There is no geographic component to decompose, only an additional business category.",False
Top Cut,Top Cut Family Hair Cutters,family hair cutters,business_type,False,family hair cutters,,"The extra_content ""family hair cutters"" is purely a business-type descriptor. It describes the nature and service type of the establishment (a family-oriented hair cutting salon), but contains no location qualifier or geographic component. Therefore, it is not compound.",False
Miracle Mile Shops,Miracle Mile Shops At Planet Hollywood,at planet hollywood,location,False,,,"The extra_content ""at planet hollywood"" contains only a location qualifier (Planet Hollywood is a specific venue/location). There is no business-type descriptor present. This is pure location information, not a compound of business-type and location components.",False
Green Leaf's,Green Leaf's Beyond Great Salads,beyond great salads,business_type,False,,,"The extra_content ""beyond great salads"" is purely a business-type descriptor (a slogan/quality descriptor for a salad restaurant). It contains no location qualifier or geographic component. Therefore, it does not meet the criteria for a compound decomposition that requires both a business-type term AND a location qualifier.",False
Boot Barn Hall,Boot Barn Hall at Bourbon Brothers,at bourbon brothers,disambiguation,True,bourbon brothers,at,"The extra_content ""at bourbon brothers"" contains two semantic components: ""bourbon brothers"" is a business-type descriptor (the name of an establishment/venue), and ""at"" is a location qualifier indicating the physical location where Boot Barn Hall is situated. This represents a compound structure where one named business venue is located at another named business venue.",False
Dog's Shop,Dog's Shop Pampulha - Pet Shop,pampulha pet shop,business_type,True,pet shop,pampulha,"The extra_content contains two distinct semantic components: ""pet shop"" is a business-type descriptor that clarifies the nature of the establishment, and ""pampulha"" is a location qualifier (neighborhood/area name). These are clearly separable components that together form a compound description.",True
Service Neon,Service Neon di Cateni Riccardo,di cateni riccardo,disambiguation,False,,,"The extra_content ""di cateni riccardo"" is a person name (owner/proprietor identifier), not a compound of business-type and location components. It contains only a proper name qualifier without any location terms or business descriptors.",False
Wohnungsauflösungen Schenk,Wohnungsauflösungen Schenk Ankauf und Verkauf,ankauf und verkauf,business_type,False,ankauf und verkauf,,"The extra_content ""ankauf und verkauf"" (purchase and sale) contains only business-type descriptors indicating commercial activities. There is no location qualifier present. This is pure business-type content, not a compound of business-type AND location.",False
Parc Clichy-Batignolles,Parc Clichy-Batignolles Martin Luther King,martin luther king,location,False,,,"""martin luther king"" is a person's name (a historical figure) used as a memorial/dedication designation, not a compound of business-type and location qualifiers. It is neither a business-type descriptor (like ""restaurant,"" ""bank,"" ""hotel"") nor a location qualifier (like ""downtown,"" ""north,"" ""district""). It functions as a proper name modifier to distinguish this specific park from others, making it pure extra content without semantic decomposition into business and location components.",False
The Vineyard Church,The Vineyard Church Bloomington-Normal,bloomingtonnormal,location,True,church,bloomingtonnormal,"The extra_content ""bloomingtonnormal"" is a location qualifier (Bloomington-Normal, a metropolitan area). The business-type descriptor ""church"" is already present in the short_name and long_name. This represents a compound structure where a location qualifier has been added to a business-type entity name.",False
Olive Garden,Olive Garden Italian Restaurant,italian restaurant,business_type,False,italian restaurant,,"The extra_content ""italian restaurant"" contains only a business-type descriptor (cuisine type + establishment type). There is no location qualifier present. A compound designation requires both a business-type term AND a location qualifier (e.g., ""italian restaurant downtown"" or ""italian restaurant midtown""). This is pure business-type content only.",False
Olive Garden,Olive Garden Italian Restaurant,italian restaurant,business_type,False,italian restaurant,,"The extra_content ""italian restaurant"" contains only a business-type descriptor (cuisine type + establishment type). There is no location qualifier present. A compound designation requires both a business-type term AND a location qualifier (e.g., ""italian restaurant downtown"" or ""italian restaurant midtown""). This is pure business-type content only.",False
The Flying Locksmiths,The Flying Locksmiths - Los Angeles West,los angeles west,location,True,,los angeles west,"The extra_content ""los angeles west"" is purely a location qualifier with no business-type descriptor. While is_compound is True in the sense that the long_name contains both the business name and location, the extra_content itself does not contain both semantic components—it is location-only. The business-type descriptor ""The Flying Locksmiths"" is in the short_name, not in the extra_content field being decomposed.",False
Aldak GmbH,ALDAK GmbH VIBRATIONSTECHNIK,vibrationstechnik,business_type,False,vibrationstechnik,,"The extra_content ""vibrationstechnik"" (vibration technology) is purely a business-type descriptor indicating the company's industry/specialization. It contains no location qualifier or geographic component, so it cannot be decomposed into both semantic categories required for a compound classification.",False
MID COUNTY LANES,Mid County Lanes and Entertainment,and entertainment,business_type,False,and entertainment,,"The extra_content ""and entertainment"" is purely a business-type descriptor that elaborates on the venue's services (bowling lanes plus entertainment). It contains no location qualifier (no geographic reference, directional term, or location identifier). Therefore, it is not compound - it is a pure business-type descriptor.",False
Comercial Mariano,Comercial Mariano de Porto Velho-Ro,de porto velhoro,location,True,comercial,de porto velho ro,"The extra_content contains both a business-type descriptor (""comercial"" - indicating a commercial/retail establishment) and a location qualifier (""de porto velho ro"" - specifying Porto Velho, Rondônia state in Brazil). These are distinct semantic components that can be cleanly separated.",False
Fitness Together,Fitness Together - Jenks Riverside,jenks riverside,location,True,,jenks riverside,"The extra_content ""jenks riverside"" contains only location qualifiers (a city name ""Jenks"" and a neighborhood/area descriptor ""Riverside""). There is no business-type term present. While is_compound is True according to the structure, this represents a pure location extra content rather than a compound of business-type AND location. The business-type descriptor ""Fitness Together"" is already captured in the short_name, so the extra_content serves purely as a location qualifier to distinguish this franchise location from others.",False
Bluebird Care,Bluebird Care Epsom & Kingston,epsom kingston,location,False,,epsom kingston,"The extra_content contains only location qualifiers (two geographic locations: Epsom and Kingston). There is no business-type descriptor present—""Bluebird Care"" itself is the business type, but it's not part of the extra_content. The extra_content is purely geographic.",False
Cella Café,Cella Café Bar & Restaurant,bar restaurant,business_type,False,bar restaurant,,"The extra_content ""bar restaurant"" contains only business-type descriptors with no location qualifier present. There is no geographical or spatial component to decompose, so this is not a compound entry.",False
Hotel Olimpia,Hotel Olimpia  Silvi Marina TE,silvi marina te,location,True,hotel,silvi marina te,"The extra_content ""silvi marina te"" contains a location qualifier (Silvi Marina, a coastal town in Teramo province, Italy, with ""TE"" being the province abbreviation). However, the business-type descriptor ""hotel"" is already captured in the short_name. Since the extra_content itself contains only location information without an explicit business-type term, this is not a true compound decomposition. The location tokens are the entire extra_content string.",False
San Jose Airport,San Jose Airport - DUP DO NOT USE,dup do not use,noise,False,,,"The extra_content ""dup do not use"" is a metadata instruction/flag indicating record duplication status, not a compound descriptor containing both a business-type term and a location qualifier. It lacks both semantic components required for decomposition.",False
Blue Rhino,Blue Rhino Propane Exchange,propane exchange,business_type,False,propane exchange,,"The extra_content ""propane exchange"" is purely a business-type descriptor. It describes the service/business category without any location qualifier. There is no geographic component present (no city, region, area reference, etc.).",False
Tiger Rock Martial Arts,Tiger Rock Martial Arts of Lawrenceville,of lawrenceville,location,False,,of lawrenceville,"The extra_content ""of lawrenceville"" is a pure location qualifier only. There is no business-type descriptor present in the extra_content. The business-type term ""Martial Arts"" is already captured in the short_name, not in the extra_content being analyzed.",False
City Center,City Center Bosque Esmeralda,bosque esmeralda,location,False,,bosque esmeralda,"""Bosque Esmeralda"" is a location name (a neighborhood or development area), not a compound of business-type and location. It contains only a location qualifier with no business-type descriptor present.",False
Black Mamba Barber Shop & Tatto,Black Mamba Barbershop & Tattoo | Nezahualcóyotl,black mamba barbershop tattoo nezahualcoyotl,business_type,True,black mamba barbershop tattoo,nezahualcoyotl,"The extra_content contains two distinct semantic components: (1) a business-type descriptor ""black mamba barbershop tattoo"" that describes the nature of the establishment, and (2) a location qualifier ""nezahualcoyotl"" that identifies the geographic location. These are clearly separable elements.",False
Studio D,Studio D Espaço de Beleza,espaco de beleza,business_type,False,espaco de beleza,,"The extra_content ""espaco de beleza"" (space/salon of beauty) is purely a business-type descriptor indicating the nature of the establishment. It contains no location qualifier or geographic reference, so it cannot be decomposed into both semantic components required for a compound classification.",False
Residence Malcesine,RESIDENCE MALCESINE Active & Family,active family,business_type,False,,,"The extra_content ""active family"" describes service/accommodation types or target demographics for the residence, not a business-type term paired with a location qualifier. ""Active"" and ""family"" are both descriptive attributes of the property's offerings/positioning rather than representing distinct semantic components of business-type AND location. No location qualifier is present in the extra_content.",False
Studio Odontoiatrico Borgioli Dr. Andrea,Studio Odontoiatrico Borgioli Dr. Andrea Medico Chirurgo,medico chirurgo,noise,False,medico chirurgo,,"The extra_content ""medico chirurgo"" (surgical physician) is purely a business-type/professional descriptor indicating the medical specialization of Dr. Andrea Borgioli. It contains no location qualifier component, so it is not compound.",False
Maison du Parc,Maison du Parc de Themericourt,de themericourt,location,False,,de themericourt,"The extra_content ""de themericourt"" is purely a location qualifier (a geographic place name in French). It contains no business-type descriptor, only a location reference. Therefore, it is not compound.",False
Cookie Cutters Haircuts for Kids,Cookie Cutters Haircuts for Kids - Beverly Hills,beverly hills,location,False,,beverly hills,"The extra_content ""beverly hills"" is a pure location qualifier with no business-type descriptor. While the short_name contains the business-type information (""Cookie Cutters Haircuts for Kids""), the extra_content itself is solely geographic and does not contain both semantic components required for a compound classification.",False
Raising Cane's,Raising Cane's Chicken Fingers,chicken fingers,business_type,False,chicken fingers,,"The extra_content ""chicken fingers"" is purely a business-type descriptor (the product/menu item that defines the restaurant's specialty). It contains no location qualifier or geographic component, so it is not a compound decomposition.",False
Prestige de Menton,Prestige de Menton - Eau de Menton,eau de menton,disambiguation,False,,,"""eau de menton"" is a product type descriptor (a fragrance/cologne category), not a compound of business-type AND location. While ""Menton"" is a location (a city in France), the phrase ""eau de menton"" functions as a single product category term rather than separating into distinct business and location components. It's a pure product-type descriptor.",False
Maria Bonita,"Maria Bonita, Maria del Alma",maria del alma,disambiguation,False,,,"""maria del alma"" is a pure location qualifier (a geographic/administrative subdivision name). It contains no business-type descriptor such as ""restaurant,"" ""hotel,"" ""store,"" etc. It is a single semantic component identifying a place, not a compound of business-type plus location.",False
Colourfence Garden Fencing,ColourFence Garden Fencing - Isle Of Wight,isle of wight,location,False,,isle of wight,"The extra_content ""isle of wight"" is purely a location qualifier with no business-type descriptor. While the long_name contains ""Garden Fencing"" (business-type), the extra_content itself only specifies a geographic location. Therefore, this is not a compound decomposition.",False
Miller's Ale House,Miller's Ale House - Tampa Airport,tampa airport,disambiguation,True,airport,tampa,"The extra_content contains two distinct semantic components: ""airport"" is a business-type descriptor (facility/venue type), and ""tampa"" is a location qualifier (geographic place). This is a compound decomposition where the business type (airport) is being qualified by its location (Tampa).",False
Zahnärzte in der F16,ZAHNÄRZTE in der f16 ZAHNGESUNDHEIT,zahngesundheit,business_type,False,,,"""zahngesundheit"" (dental health) is a pure business-type/service descriptor, not a compound of business-type AND location. It describes what the dental practice does/focuses on, but contains no location qualifier (no geographic reference, administrative area, or place name).",False
CHI Saint Joseph Medical Group,CHI Saint Joseph Medical Group - Primary Care,primary care,disambiguation,False,primary care,,"The extra_content ""primary care"" is purely a business-type descriptor indicating the medical service specialty. There is no location qualifier present (no geographic reference, directional indicator, or location-based modifier). Therefore, this is not a compound decomposition.",False
Black Bear Lodge,Black Bear Lodge at Deer Valley,at deer valley,location,False,,at deer valley,"The extra_content ""at deer valley"" is purely a location qualifier. There is no business-type descriptor present in the extra_content. The business-type term ""Lodge"" is in the short_name, not in the extra_content being analyzed.",False
Culligan Water Conditioning,"Culligan Water Conditioning of Sturgis, MI",of sturgis mi,disambiguation,False,,of sturgis mi,"The extra_content contains only a location qualifier (city and state). There is no business-type descriptor present—the business type ""Water Conditioning"" is already captured in the short_name. This is pure location information, not a compound structure.",False
LOOKING GLASS,Looking Glass Beachfront Inn,beachfront inn,business_type,True,inn,beachfront,"The extra_content ""beachfront inn"" contains two distinct semantic components: ""inn"" is a business-type descriptor (a type of lodging establishment), and ""beachfront"" is a location qualifier (describing the geographic/environmental position of the establishment).",False
Wayne Cooley - COUNTRY Financial,Wayne Cooley - COUNTRY Financial representative,representative,disambiguation,False,representative,,"The extra_content ""representative"" is a pure business-type descriptor indicating a job title or role within COUNTRY Financial. It contains no location qualifier component, so it does not meet the criteria for a compound decomposition (which requires BOTH business-type AND location elements).",False
Fox Trail Memory Care Living,Fox Trail Memory Care Living at South River,at south river,location,False,,at south river,"The extra_content ""at south river"" is purely a location qualifier with no business-type descriptor. It specifies where the memory care facility is situated but does not introduce any additional business classification beyond what is already stated in the short_name (""Memory Care Living""). Therefore, it is not compound.",False
JE Carriers,JE Carriers Auto Transport,auto transport,business_type,False,auto transport,,"The extra_content ""auto transport"" is purely a business-type descriptor. It describes the service/industry type (automotive transport services) but contains no location qualifier or geographic component. Therefore, it is not compound.",False
West Herr Cadillac,West Herr Cadillac of East Aurora,of east aurora,location,False,,of east aurora,"The extra_content ""of east aurora"" is purely a location qualifier. There is no business-type descriptor present—the business type (Cadillac dealership) is already captured in the short_name. This is a location-only qualifier, not a compound structure.",False
Code Ninjas,Code Ninjas Virginia Beach,virginia beach,location,False,,virginia beach,"The extra_content ""virginia beach"" is purely a location qualifier with no business-type descriptor. It specifies a geographic location but does not contain any business-related terms. Therefore, it is not a compound decomposition.",False
Roper St. Francis Physician Partners,Roper St. Francis Physician Partners - Primary Care,primary care,disambiguation,False,primary care,,"The extra_content ""primary care"" is purely a business-type descriptor (a medical service category). It contains no location qualifier or geographic component. Therefore, it is not compound and should not be split.",False
Family Practice Associates of Orange Park,Family Practice Associates of Orange Park Fleming Island,fleming island,disambiguation,False,,fleming island,"The extra_content ""fleming island"" is purely a location qualifier with no business-type descriptor. It represents a geographic location/area name only, not a combination of business type and location.",False
Dias Park,Dias Park Estacionamento,estacionamento,business_type,False,,,"The extra_content ""estacionamento"" (parking lot/parking facility) is purely a business-type descriptor. It does not contain a location qualifier component. Therefore, it is not a compound extra_content requiring decomposition.",False
Esfiha Chic,Esfiha Chic - Vila Arcádia,vila arcadia,location,False,,vila arcadia,"The extra_content ""vila arcadia"" is purely a location qualifier (a neighborhood/district name in a Brazilian city). It contains no business-type descriptor, only a geographic location identifier.",False
Igreja Batista Vale de Bênção,Igreja Batista Vale De Benção - Águas Claras,aguas claras,location,False,,aguas claras,"The extra_content ""aguas claras"" is purely a location qualifier (a neighborhood/district name in Brasília). There is no business-type descriptor present. The business-type information (Igreja Batista - Baptist Church) is already captured in the short_name and long_name fields, not in the extra_content.",False
Bed Bath N Table,Bed Bath N' Table Winston Hills,winston hills,location,False,,winston hills,"The extra_content ""winston hills"" is a pure location qualifier (a suburb/area name). It contains no business-type descriptor, only a geographic location. Therefore, it is not a compound extra_content that needs decomposition into both business-type and location components.",False
See's Candies,See's Candies Chocolate Shop,chocolate shop,business_type,False,chocolate shop,,"The extra_content ""chocolate shop"" contains only a business-type descriptor with no location qualifier. It describes what type of business See's Candies is, but does not include any geographic or location component (e.g., no city, region, address, or spatial identifier). Therefore, it is not a compound expression.",False
Planet Fitness,"Planet Fitness - Manassas, VA",manassas va,location,False,,manassas va,"The extra_content contains only location qualifiers (city and state abbreviation). There is no business-type descriptor present - ""Planet Fitness"" (the business type) is already in the short_name. The extra_content is purely geographic/location information, not a compound of both business-type and location elements.",False
Marshalls plc (Marshalls Mono Ltd.),Marshalls plc (Marshalls Mono Ltd.) Sittingbourne,sittingbourne,disambiguation,False,,,"The extra_content ""sittingbourne"" is a pure location qualifier with no business-type descriptor present. It contains only a geographic location name, not a compound of both business-type and location components.",False
Easton Town Center,Easton Town Center Columbus Ohio,columbus ohio,location,False,,columbus ohio,"The extra_content ""columbus ohio"" contains only location qualifiers (city and state). There is no business-type descriptor present. This is pure location information, not a compound of both business-type and location components.",False
Kumon Math and Reading Center,Kumon Math and Reading Center of Royersford,of royersford,location,False,,of royersford,"The extra_content ""of royersford"" is purely a location qualifier with no business-type descriptor. It specifies where the Kumon center is located but does not contain any additional business-type terminology beyond what is already in the short_name.",False
Virtual Sting,Virtual Sting Richmond Hill,richmond hill,location,False,,richmond hill,"The extra_content ""richmond hill"" contains only a location qualifier (a geographic place name). There is no business-type descriptor present, so this is not a compound designation.",False
JOE & THE JUICE,JOE & THE JUICE - Schifflände,schifflande,disambiguation,False,,schifflande,"The extra_content ""schifflande"" is purely a location qualifier (a street/area name in Zurich, Switzerland). There is no business-type descriptor present - the business type is already captured in the short_name ""JOE & THE JUICE"" (a juice/beverage shop chain). The extra_content serves only to disambiguate which location of the business this is.",False
Red Wing,"Red Wing - Roswell, GA",roswell ga,location,False,,roswell ga,"The extra_content ""roswell ga"" contains only a location qualifier (city and state). There is no business-type descriptor present. This is pure location information, not a compound of business-type and location components.",False
Monkey Puzzle Day Nursery,Monkey Puzzle Day Nursery West Norwood,west norwood,location,False,,west norwood,"The extra_content ""west norwood"" is a pure location qualifier (a district/area in London). There is no business-type descriptor present—the business type ""Day Nursery"" is already captured in the short_name. Therefore, this is not a compound extra_content requiring decomposition.",False
Boost Mobile,Boost Mobile Local Moline,local moline,location,True,local,moline,"The extra_content ""local moline"" contains two distinct semantic components: ""local"" is a business-type descriptor indicating a local/neighborhood store or service designation, while ""moline"" is a location qualifier specifying the geographic area (Moline, a city name).",False
Village Medical,Village Medical at Walgreens,at walgreens,disambiguation,False,,,"""at walgreens"" is a location qualifier only. It specifies where the business is located (inside/at a Walgreens store) but does not contain a separate business-type descriptor. The business type ""Medical"" is already in the short_name. This is pure location extra content, not a compound of business-type AND location.",False
APEC Hospital de la Ceguera,Apec Hospital De La Ceguera Azcapotzalco,azcapotzalco,location,False,,azcapotzalco,"The extra_content ""azcapotzalco"" contains only a location qualifier (a borough/municipality in Mexico City). There is no business-type descriptor present. The business-type information (""Hospital de la Ceguera"") is already captured in the short_name and long_name fields, not in the extra_content.",False
First National Bank,First National Bank - Pottsville,pottsville,location,False,,pottsville,"The extra_content ""pottsville"" is purely a location qualifier with no business-type descriptor. While the long_name contains ""First National Bank"" (business-type), the extra_content itself is only the geographic location, not a compound of both business-type and location elements.",False
Heartland Mortgage Inc - Bobbie Jo Haggard,"Heartland Mortgage Inc. / Bobbie Jo Haggard, NMLS 92472",nmls 92472,noise,False,,,"""nmls 92472"" is a regulatory/credential identifier (NMLS = Nationwide Multistate Licensing System), not a compound expression containing both a business-type descriptor AND a location qualifier. It is purely a business/regulatory reference number with no geographic component.",False
"Eric Cohen, MD","Eric Cohen, MD - ENT Doctor",ent doctor,disambiguation,False,ent doctor,,"The extra_content ""ent doctor"" contains only a business-type descriptor (ENT = Ear, Nose, Throat specialty). There is no location qualifier present (no geographic reference, no place name, no location indicator). Therefore, this is pure business-type content, not a compound of business-type AND location.",False
Kip McGrath,Kip McGrath Hammersmith,hammersmith,location,False,,,"The extra_content ""hammersmith"" is purely a location qualifier (a district in London). There is no business-type descriptor present. A compound entry requires both a business-type term AND a location qualifier to be present in the extra_content.",False
Gary Ritter Violin,Gary Ritter Violin Viola Cello,viola cello,business_type,False,viola cello,,"The extra_content ""viola cello"" contains only business-type descriptors (musical instruments offered by the service). There is no location qualifier present, so this is not a compound decomposition.",False
Home Instead,Home Instead Senior Care,senior care,business_type,False,senior care,,"The extra_content ""senior care"" is purely a business-type descriptor indicating the service/industry category. It contains no location qualifier (no geographic, regional, or place-based terms). Therefore, it is not a compound decomposition.",False
Waterbury Career Academy,Waterbury Career Academy High School,high school,business_type,False,high school,,"The extra_content ""high school"" is purely a business-type descriptor (an educational institution category). It contains no location qualifier or geographic component. Therefore, it is not compound.",False
Jax Kar Wash,Jax Kar Wash - Royal Oak,royal oak,location,False,,royal oak,"The extra_content ""royal oak"" is purely a location qualifier (a city/municipality name). There is no business-type descriptor present in the extra_content. The business type ""Kar Wash"" is already captured in the short_name, not in the extra_content being analyzed.",False
American Legion,American Legion NY Post 381,ny post 381,disambiguation,True,post 381,ny,"The extra_content contains both a business-type descriptor (""post 381"", which identifies the specific organizational unit of the American Legion) and a location qualifier (""ny"", the state abbreviation for New York). These are two distinct semantic components.",False
KIDZ Pediatric Gastroenterology,KIDZ Pediatric Gastroenterology & Nutrition,nutrition,business_type,False,nutrition,,"The extra_content ""nutrition"" is a pure business-type descriptor that represents a medical service/specialty. It does not contain a location qualifier (e.g., city, region, neighborhood). Therefore, it is not compound.",False
Casa de la Cultura,Casa de la Cultura Zapotlanejo,zapotlanejo,location,False,,,"The extra_content ""zapotlanejo"" is purely a location qualifier (a geographic place name). It does not contain both a business-type descriptor AND a location qualifier—it is only a location component. The business-type information (""Casa de la Cultura"" meaning ""House of Culture"") is already present in the short_name and long_name fields, not in the extra_content.",False
El Marlin,El marlin isla ixtapa,isla ixtapa,location,False,,isla ixtapa,"The extra_content ""isla ixtapa"" is purely a location qualifier (an island named Ixtapa). It contains no business-type descriptor, so it cannot be decomposed into two distinct semantic components. It is simple location information only.",False
Hotel Farol,Hotel Farol - Mosqueiro,mosqueiro,location,False,,mosqueiro,"The extra_content ""mosqueiro"" is purely a location qualifier (a district/area name in Pará, Brazil). It contains no business-type descriptor, only a geographic location component. Therefore, it is not a compound structure requiring decomposition into both business-type and location parts.",False
Combat Club,Combat Club - São Paulo,sao paulo,disambiguation,False,,sao paulo,"The extra_content ""sao paulo"" is purely a location qualifier with no business-type descriptor. It identifies the geographic location of the Combat Club but does not contain any business-type terminology, so it cannot be decomposed into two semantic components.",False
West Coast Hifi,West Coast Hi-Fi Rockingham,rockingham,location,False,,rockingham,"The extra_content ""rockingham"" is a pure location qualifier (a suburb/city name in Western Australia). It does not contain a business-type descriptor alongside the location, so it is not compound. The business-type information (""Hi-Fi"") is already present in the short_name and long_name.",False
Uptown Cheapskate,Uptown Cheapskate Johns Creek,johns creek,location,False,,johns creek,"The extra_content ""johns creek"" is purely a location qualifier (a city name). It does not contain a business-type descriptor, only a geographic location. Therefore, it is not a compound decomposition.",False
Norfolk Royale Hotel,Norfolk Royale Hotel Bournemouth,bournemouth,location,False,,bournemouth,"The extra_content ""bournemouth"" is purely a location qualifier with no business-type descriptor present. It is a single semantic component (geographic location) rather than a compound of both business-type and location elements.",False
Giant Eagle,Giant Eagle Supermarket,supermarket,business_type,False,supermarket,,"The extra_content ""supermarket"" contains only a business-type descriptor with no location qualifier. It is a pure business-type classification, not a compound expression combining business type and location.",False
Giant Eagle,Giant Eagle Supermarket,supermarket,business_type,False,supermarket,,"The extra_content ""supermarket"" contains only a business-type descriptor with no location qualifier. It is a pure business-type classification, not a compound expression combining business type and location.",False
St Michaels Church of England Infant School,St Michael's Church of England Infant School Maidstone,maidstone,location,False,,maidstone,"The extra_content ""maidstone"" is a pure location qualifier with no business-type descriptor. While the full entity name contains a business-type term (Church of England Infant School), the extra_content itself consists only of the geographic location. Therefore, this is not a compound decomposition.",False
Innovent GmbH,Innovent GmbH Greifswald,greifswald,location,False,,greifswald,"The extra_content ""greifswald"" is a pure location qualifier (a city in Germany). There is no business-type descriptor present, only a geographic location component.",False
Victoria coiffure,Victoria Coiffure Florissant,florissant,location,False,,florissant,"The extra_content ""florissant"" is purely a location qualifier (a city name in France). It contains no business-type descriptor, only a geographic location. Therefore, it is not a compound field requiring decomposition into two semantic components.",False
Hollyhock Hill,Hollyhock Hill Restaurant,restaurant,business_type,False,restaurant,,"The extra_content contains only a business-type descriptor (""restaurant"") with no location qualifier. A compound classification requires both a business-type term AND a location component to be present.",False
En-spire Nutrition,En-spire Nutrition Centennial,centennial,location,False,,,"""Centennial"" is a pure location qualifier (refers to Centennial, Colorado). There is no business-type descriptor present in the extra_content. The extra_content contains only a geographic/location component, not a compound of both business-type and location elements.",False
Clarkston High School,Clarkston High School Natatorium,natatorium,business_type,False,,,"""Natatorium"" is a pure business-type descriptor (a facility type - an indoor swimming pool building). It contains no location qualifier or geographic component. Therefore, it is not a compound extra_content.",False
The Breakwater,The Breakwater Apartments,apartments,business_type,False,,,"The extra_content ""apartments"" is a pure business-type descriptor only. It describes the type of establishment/building but contains no location qualifier or geographic component. A compound classification requires both a business-type term AND a location qualifier to be present.",False
Presto! ATM,Presto! ATM at Publix®,at publix,disambiguation,True,ATM,at publix,"The extra_content ""at publix"" contains both a business-type descriptor (ATM - Automated Teller Machine) and a location qualifier (publix, the supermarket chain). The ""at"" preposition links the business type to the specific location where it's situated, making this a compound structure with distinct semantic components.",False
AdventHealth Medical Group Primary Care,AdventHealth Medical Group Primary Care at Brandon,at brandon,location,False,,at brandon,"The extra_content ""at brandon"" contains only a location qualifier with no business-type descriptor. It is a pure location component, not a compound of both business-type and location elements.",False
Doctors Care,Doctors Care - Bluffton,bluffton,location,False,,bluffton,"The extra_content ""bluffton"" is a pure location qualifier with no business-type descriptor. It only contains a geographic location, not a combination of business-type AND location elements.",False
United Promotions Inc,United Promotions Inc. Photo Lab,photo lab,business_type,False,photo lab,,"The extra_content ""photo lab"" is purely a business-type descriptor. It describes the type of service/business (a laboratory for photo processing/printing) with no location qualifier present. There is no geographic or locational component to decompose.",False
Mint House Greenville,Mint House Greenville - West End,west end,location,False,,west end,"The extra_content ""west end"" is purely a location qualifier indicating a neighborhood or district within Greenville. It contains no business-type descriptor, only a geographic/directional modifier.",False
Circo Rolex,Circo Rolex los Mochis,los mochis,location,False,,los mochis,"The extra_content ""los mochis"" is a pure location qualifier (a city in Sinaloa, Mexico). It contains no business-type descriptor, only a geographic location. Therefore, it is not a compound element requiring decomposition.",False
Florería Rosa Pastel,Florería Rosa Pastel P. Peñasco,p penasco,location,False,,p penasco,"The extra_content ""p penasco"" is purely a location qualifier (abbreviation for ""Puerto Peñasco""), not a compound of business-type and location. There is no business-type descriptor present in the extra_content.",False
Suspensiones México,Suspensiones México Semi Nuevo,semi nuevo,business_type,False,,,"""semi nuevo"" (semi-new/refurbished) is a condition descriptor for goods or inventory status, not a compound of business-type AND location. It describes the quality/condition of the suspension products being sold, but contains no location qualifier. It is a pure business/product descriptor.",False
Servicio Condesa de Zacatecas,Servicio Condesa de Zacatecas Est. 13915,est 13915,noise,False,,,"The extra_content ""est 13915"" is purely an establishment/registration identifier (likely an establishment number), not a compound of business-type and location. It contains no location qualifier and no business-type descriptor—just a numeric reference code.",False
PT. Bayu Maritim Berkah,PT. Bayu Maritim Berkah - Offshore,offshore,business_type,False,offshore,,"""Offshore"" is a business-type descriptor indicating the operational domain (offshore operations/maritime services) rather than a geographic location qualifier. It describes the nature of the business activity, not a location. Therefore, extra_content contains only a business-type term without a location component.",False
Recolast Ambiental,Recolast Ambiental Engenharia,engenharia,business_type,False,engenharia,,"The extra_content ""engenharia"" (engineering) is a pure business-type descriptor with no location qualifier present. It describes the nature of the business activity but does not contain any geographic or location component.",False
The Fairways at San Marcos,The Fairways at San Marcos Apartments,apartments,business_type,False,apartments,,"The extra_content ""apartments"" is purely a business-type descriptor indicating the type of residential facility. There is no location qualifier present in the extra_content. The location ""San Marcos"" is already captured in the short_name and long_name, not in the extra_content field itself.",False
Abbington Landing,Abbington Landing Apartments,apartments,business_type,False,,,"The extra_content ""apartments"" is purely a business-type descriptor with no location qualifier component. It describes what kind of establishment Abbington Landing is, but does not contain any geographic or location-based modifier. Therefore, it is not a compound decomposition.",False
Mail Boxes Etc,Mail Boxes Etc. Greenwich,greenwich,location,False,,greenwich,"The extra_content ""greenwich"" is purely a location qualifier with no business-type descriptor present. It is a geographic location component only, not a compound of both business-type and location elements.",False
Elk River Medical,Elk River Medical Associates,associates,business_type,False,associates,,"""associates"" is a pure business-type descriptor indicating an organizational structure/partnership form. There is no location qualifier present in the extra_content. It does not contain both a business-type term AND a location qualifier, so it is not compound.",False
Fossil Store,"Fossil Store, Markville",markville,location,False,,markville,"The extra_content ""markville"" is a pure location qualifier with no business-type descriptor. While the long_name contains ""Fossil Store"" (a business type), the extra_content itself only provides geographic information. A compound classification requires both components to be present in the extra_content field.",False
Työväen Akatemia,Työväen Akatemian kirjasto,n kirjasto,business_type,False,kirjasto,,"The extra_content ""n kirjasto"" contains only a business-type descriptor (kirjasto = library). There is no location qualifier present. The ""n"" is a Finnish grammatical suffix (partitive case marker) attached to the preceding word ""Akatemian"" in the long_name, not a standalone semantic component. This is pure business-type content, not a compound of business-type AND location.",False
le buzz,Le Buzz Sportsbar,sportsbar,business_type,False,sportsbar,,"The extra_content ""sportsbar"" is purely a business-type descriptor with no location qualifier present. A compound entry requires both components; this contains only the business type.",False
Auto Klinika d.o.o.,Auto Klinika doo Arandjelovac,arandjelovac,location,False,,arandjelovac,"The extra_content ""arandjelovac"" is a pure location qualifier (a city/municipality in Serbia). It contains no business-type descriptor. The business type ""Auto Klinika"" (auto repair clinic) is already captured in the short_name and long_name fields, not in the extra_content.",False
Die Goldschmiede,"Die Goldschmiede, Kaufmann",kaufmann,disambiguation,False,kaufmann,,"The extra_content ""kaufmann"" is a pure business-type descriptor (meaning ""merchant"" or ""businessman"" in German) with no location qualifier present. It does not contain both semantic components required for a compound classification.",False
Möbel Martin,Möbel Martin GmbH & Co,gmbh co,noise,False,gmbh co,,"The extra_content ""gmbh co"" contains only a business-type descriptor (German company structure: GmbH & Co), with no location qualifier present. This is pure business entity information, not a compound of business-type and location.",False
Ewald Scheler,Ewald Scheler Bohrfirma,bohrfirma,business_type,False,bohrfirma,,"The extra_content ""bohrfirma"" contains only a business-type descriptor (German for ""drilling company""). There is no location qualifier present, so this is not a compound structure requiring decomposition.",False
CSL Plasma,CSL Plasma Frankfurt,frankfurt,location,False,,,"The extra_content ""frankfurt"" is a pure location qualifier only. It contains no business-type descriptor. Since a compound classification requires BOTH a business-type term AND a location qualifier to be present, this is not compound.",False
American Printing,American Printing Unlimited,unlimited,disambiguation,False,,,"""Unlimited"" is a business descriptor/modifier (indicating unlimited services or scope) but does not contain a location qualifier. It is pure business-type content with no geographic or location component, so it does not meet the criterion of being compound (both business-type AND location).",False
Charleston Civic Center,Charleston Civic Center Ice Arena,ice arena,business_type,False,ice arena,,"The extra_content ""ice arena"" is purely a business-type descriptor specifying the facility type. It does not contain a location qualifier (e.g., ""downtown,"" ""north side,"" ""by the river""). While the long_name includes ""Charleston"" (a location), that is not part of the extra_content itself. Therefore, this is not a compound decomposition.",False
POLE DANCE AVEC MOI,Pole Dance avec Moi Marseille,marseille,location,False,,marseille,"The extra_content ""marseille"" is purely a location qualifier with no business-type descriptor present. It is not a compound element requiring decomposition into business-type and location components.",False
Andy Allain - Thrivent,Andy Allain - Thrivent Financial,financial,business_type,False,financial,,"The extra_content ""financial"" is a pure business-type descriptor referring to the industry/service type (Thrivent Financial). It does not contain a location qualifier component, so it is not compound.",False
Austin Lone Star,Austin Lone Star RV Resort,rv resort,business_type,False,rv resort,,"The extra_content ""rv resort"" is purely a business-type descriptor. It describes what kind of establishment this is (a recreational vehicle resort) but contains no location qualifier or geographical component. There is no distinct location element to separate from the business type.",False
Vape Haus,Vape Haus Queretaro,queretaro,location,False,,queretaro,"The extra_content contains only a location qualifier (Queretaro, a state in Mexico). There is no business-type descriptor present - the business type ""Vape Haus"" is already captured in the short_name. This is pure location content, not a compound of both business-type and location components.",False
La gran carpa,La Gran Carpa del Chavo,del chavo,disambiguation,False,,,"""del chavo"" is a possessive/ownership descriptor referring to a person (Chavo), not a compound of business-type AND location. It functions as a proper name modifier rather than combining two distinct semantic categories of business type and location qualifier.",False
Sai Ram Tiffins,Sai Ram Tiffins and Meals,and meals,business_type,False,,,"The extra_content ""and meals"" is purely a business-type descriptor that expands on the service offerings of the establishment. It does not contain a location qualifier (no geographic, directional, or spatial identifier). Therefore, it is not a compound element.",False
Sulminas Viagens,Sulminas Viagens e Turismo,e turismo,business_type,False,,,"The extra_content ""e turismo"" (and tourism) is purely a business-type descriptor. It describes the nature of the business (travel and tourism services) but contains no location qualifier. There is no geographic or location component present, so this is not a compound decomposition case.",False
Floripa Sucos,Floripa Sucos e Lanches,e lanches,business_type,False,e lanches,,"The extra_content ""e lanches"" contains only a business-type descriptor (lanches/snacks), with no location qualifier present. It is a pure business-type addition to the name, not a compound of both business-type and location components.",False
Master Mechanic,Master Mechanic Pickering,pickering,location,False,,pickering,"The extra_content ""pickering"" is purely a location qualifier (city name). There is no business-type descriptor present in the extra_content, as ""Master Mechanic"" is already captured in the short_name. Therefore, this is not a compound entry.",False
Nurse Next Door Senior Home Care Services,Nurse Next Door Senior Home Care Services - Calgary,calgary,location,False,,calgary,"The extra_content ""calgary"" is a pure location qualifier with no business-type descriptor. While the long_name contains business-type information (Senior Home Care Services), the extra_content itself is only a city name, making this a non-compound case.",False
Learn And Play Montessori School,Learn and Play Montessori School - Peralta,peralta,location,False,,peralta,"The extra_content ""peralta"" is a pure location qualifier (a geographic/neighborhood name). It contains no business-type descriptor. The business-type information (""Montessori School"") is already captured in the short_name and long_name fields, not in the extra_content.",False
Leonora Rose,Leonora Rose Florists,florists,business_type,False,,,"The extra_content ""florists"" contains only a business-type descriptor with no location qualifier. A compound designation requires both semantic components present. Since there is no geographic or location element, this is not compound.",False
Management Factory Corporate Advisory GmbH,Management Factory Corporate Advisory GmbH - Valtus,valtus,disambiguation,False,,,"""valtus"" is a location qualifier (appears to be a place name, possibly a district or location identifier in a German-speaking region). It does not contain both a business-type term AND a location qualifier—it is purely a location component. Therefore, it is not compound.",False
Poradnia Medycyny Pracy,"Poradnia Medycyny Pracy ""Jeżyce""",jezyce,location,True,Poradnia Medycyny Pracy,Jeżyce,"The extra_content ""jezyce"" represents a location qualifier (district/neighborhood name in Poznań, Poland). The long_name shows it is paired with a business-type descriptor ""Poradnia Medycyny Pracy"" (Occupational Medicine Clinic). This is a compound structure with both semantic components: a business type (medical clinic) and a location identifier (Jeżyce district).",False
Parrocchia San Francesco di Paola,"Parrocchia San Francesco di Paola ""SanFra""",sanfra,noise,False,,,"""sanfra"" is a nickname/abbreviation derived from ""San Francesco"" (a saint's name and religious institution identifier). It is neither a business-type term nor a location qualifier—it's simply a shortened label for the parish name itself. Therefore, it does not contain two distinct semantic components and is not compound.",False
Mary Print,Mary Print Sardegna,sardegna,location,False,,,"The extra_content ""sardegna"" is purely a location qualifier (a region in Italy). It contains no business-type descriptor, only a geographic component. Therefore, it is not a compound element requiring decomposition.",False
En Vogue,EN VOGUE Coiffure,coiffure,business_type,False,coiffure,,"The extra_content ""coiffure"" is a pure business-type descriptor (French for hairdressing/salon) with no location qualifier component. It describes the type of business, not a geographic location.",False
Blake Fulenwider Chevrolet GMC,Blake Fulenwider Chevrolet GMC Eastland,eastland,location,False,,eastland,"The extra_content ""eastland"" is purely a location qualifier (a city name in Texas). There is no business-type descriptor present in the extra_content; the business type (Chevrolet GMC dealership) is already captured in the short_name. Therefore, this is not a compound structure requiring decomposition.",False
Rocky Hill,Rocky Hill Mountain,mountain,noise,False,,,"The extra_content ""mountain"" is a pure location/geographic feature descriptor, not a compound of business-type and location. It describes a topographic characteristic rather than containing both a business category and a location qualifier.",False
Princeton Radiology,Princeton Radiology - Monroe,monroe,location,False,,monroe,"The extra_content ""monroe"" is purely a location qualifier with no business-type descriptor. While the long_name includes ""Princeton Radiology"" (the business type), the extra_content itself contains only the location component ""monroe"". For a compound classification, the extra_content would need to contain BOTH elements within it.",False
Pharmacare Drugs,Pharmacare Drugs Pharmacy,pharmacy,business_type,False,,,"The extra_content ""pharmacy"" is purely a business-type descriptor with no location qualifier. It describes what kind of business Pharmacare Drugs is, but does not contain any geographic or location information. A compound entry would require both a business type AND a location component (e.g., ""pharmacy downtown"" or ""pharmacy north branch"").",False
Cerrajeria Lionel,Cerrajería Lionel Centrito,centrito,location,False,,centrito,"""Centrito"" is a pure location qualifier (diminutive form of ""centro"" meaning ""little downtown/center area""), not a compound of business-type AND location. There is no business-type descriptor in the extra_content.",False
Lonches Amparito,Lonches Amparito Tránsito,transito,location,False,,,"""Tránsito"" is a location qualifier (a street or neighborhood name in Spanish-speaking areas), not a compound of business-type and location. It is purely a location component, lacking a distinct business-type descriptor paired with it.",False
Colegio Madrid,Colegio Madrid Talleres,talleres,business_type,False,,,"""Talleres"" (workshops/shops) is a pure business-type descriptor referring to a type of facility or workshop. It does not contain a location qualifier - there is no geographic or spatial component present. Therefore, this is not a compound extra_content.",False
La Riviera,La Riviera Oficinas,oficinas,business_type,False,,,"The extra_content ""oficinas"" (offices) is purely a business-type descriptor with no location qualifier component. It describes what kind of establishment it is, but does not contain any geographic or location-based information that would constitute a second semantic component.",False
Dairy Queen,Dairy Queen Thailand,thailand,location,False,,thailand,"The extra_content contains only a location qualifier (""thailand""), not a combination of business-type descriptor AND location qualifier. There is no business-type term present, so this is pure location content, not compound.",False
Pousada das Flores.,Pousada Das Flores - Roraima,roraima,location,False,,,"The extra_content ""roraima"" is a pure location qualifier (a state in Brazil). It does not contain both a business-type term AND a location qualifier together. It is only a location component, so it cannot be decomposed into separate semantic parts.",False
Work Medicina Ocupacional,Work Medicina Ocupacional S/C Ltda,sc ltda,noise,False,,,"The extra_content ""sc ltda"" consists solely of business-type legal entity designators (Sociedad Civil Limitada - Civil Society Limited Company in Spanish/Portuguese). It contains no location qualifier or geographic component. This is pure business structure terminology, not a compound of business-type AND location.",False
Virginia Coffee Roastery,Virginia Coffee Roastery & Eatery,eatery,business_type,False,eatery,,"The extra_content ""eatery"" is a pure business-type descriptor with no location qualifier component. It describes what kind of establishment it is (a place to eat) but does not indicate any geographic location or area designation.",False
Elite Picture Framing,Elite Picture Framing Adelaide,adelaide,location,False,,adelaide,"The extra_content contains only a location qualifier (""adelaide""). There is no business-type descriptor present. The business-type information (""Picture Framing"") is already captured in the short_name, not in the extra_content.",False
Tempe Veterinary,Tempe Veterinary Hospital,hospital,business_type,False,hospital,,"The extra_content ""hospital"" is purely a business-type descriptor. It describes the nature of the establishment (a veterinary hospital) but contains no location qualifier. There is no geographic or location component present in the extra content.",False
Cascade Shores Townhome,Cascade Shores Townhomes & Flats,s flats,business_type,False,s flats,,"The extra_content ""s flats"" contains only a business-type descriptor (flats, referring to apartment units). There is no location qualifier present—no geographic, directional, or spatial modifier. The ""s"" is a fragmentary remnant from the long_name parsing, not a semantic component. This is pure business-type content, not a compound of business-type + location.",False
Over The Rainbow,Over the Rainbow Limited,limited,disambiguation,False,limited,,"The extra_content ""limited"" is purely a business-type descriptor (a common legal entity designation indicating a limited liability company). It contains no location qualifier or geographic component, so it is not compound.",False
Good Morning Children,Good Morning Children Limited,limited,disambiguation,False,limited,,"The extra_content ""limited"" is a business-type descriptor (indicating a limited liability company) only. It contains no location qualifier, so it is not a compound structure requiring decomposition into both semantic components.",False
Calico Jacks,Calico Jack's Bistro,bistro,business_type,False,bistro,,"The extra_content ""bistro"" is a pure business-type descriptor with no location qualifier component. It describes what kind of establishment this is, but does not contain any geographic or location information.",False
COINworKs Bitcoin ATM,COINworKs Bitcoin ATM Modesto,modesto,location,False,,modesto,"The extra_content ""modesto"" is purely a location qualifier with no business-type descriptor present. It represents only the geographic component and does not contain both semantic elements required for a compound classification.",False
Safety Kleen,Safety-Kleen Systems,safetykleen systems,noise,False,,,"The extra_content ""safetykleen systems"" is purely a business-type descriptor (company name variant). It contains no location qualifier or geographic component. This is not a compound entry with both business-type and location semantics.",False
Instyle nails,Instyle Nails and Spa,and spa,business_type,False,,,"The extra_content ""and spa"" contains only a business-type descriptor (spa services). There is no location qualifier present. A compound decomposition requires both a business-type term AND a location qualifier to be present.",False
Clarkson Eyecare,Clarkson Eyecare Florida,florida,location,False,,florida,"The extra_content ""florida"" is purely a location qualifier with no business-type descriptor present. A compound entry requires both a business-type term (e.g., ""clinic"", ""office"", ""center"") AND a location qualifier. This contains only the location component.",False
Allison Hunt MD,"Allison Hunt, MD, FACOG",facog,noise,False,facog,,"""FACOG"" is a professional credential/certification (Fellow of the American College of Obstetricians and Gynecologists) representing a business/professional type descriptor only. It does not contain a location qualifier component, so it is not compound.",False
Auto Solutions,Auto Solutions Orlando,orlando,location,False,,orlando,"The extra_content ""orlando"" is purely a location qualifier with no business-type descriptor present. It contains only a geographic location, not a compound of both business-type and location elements.",False
Pollo Feliz,Pollo Feliz Obregón,obregon,location,False,,obregon,"The extra_content ""obregon"" is a pure location qualifier (a geographic name/place), not a compound of both business-type and location components. There is no business-type descriptor present in the extra_content.",False
La Azotea,La Azotea Terraza,terraza,business_type,False,,,"""Terraza"" is a business-type descriptor (a type of establishment/venue: a terrace bar or terrace restaurant) without any location qualifier. It contains only one semantic component, not both business-type AND location elements.",False
Hamburguesas Al Carbon,Hamburguesas al Carbon Torreon,torreon,location,False,,torreon,"The extra_content ""torreon"" is purely a location qualifier (a city name in Mexico). It does not contain a business-type term alongside the location, so it is not compound. The business-type descriptor ""Hamburguesas Al Carbon"" (Chargrilled Hamburgers) is already present in the short_name and long_name fields.",False
Iglesia Fe Y Esperanza,Iglesia Fe y Esperanza Pinares,pinares,location,False,,pinares,"""Pinares"" is a pure location qualifier (a geographic place name meaning ""pine grove area""), not a compound of business-type + location. There is no business-type descriptor present in the extra_content.",False
Instituto Magister de Ensino,Instituto Magister de Ensino Sala 05,sala 05,noise,True,sala,05,"The extra_content ""sala 05"" contains two distinct semantic components: ""sala"" (business-type descriptor meaning ""room"" or ""classroom"") and ""05"" (location qualifier specifying the room number). This is a compound structure separating the facility type from its specific location identifier.",False
Hospital São Domingos,Hospital São Domingos- Exames,exames,disambiguation,False,exames,,"The extra_content ""exames"" (exams) is a pure business-type descriptor indicating a medical service or department specialization. It contains no location qualifier component, therefore it is not compound.",False
Alimentare - Massas e Congelados,Alimentare Massas e Congelados Especiais,especiais,noise,False,,,"The extra_content ""especiais"" (meaning ""special"" in Portuguese) is a pure business/product descriptor that qualifies the type of pasta and frozen foods offered. It contains no location qualifier, only a business attribute. Therefore, it is not compound.",False
Ponto Xis,Ponto Xis Lanches,lanches,business_type,False,lanches,,"The extra_content ""lanches"" (snacks/quick bites) is purely a business-type descriptor with no location qualifier present. It describes what the establishment sells, not where it is located.",False
Academia Performance,Academia Performance & Saúde,saude,business_type,False,,,"The extra_content ""saude"" (health in Portuguese) is a pure business-type descriptor indicating the service category/domain of the establishment. It does not contain a location qualifier component. There is no geographic location reference present.",False
Smartphone Solutions,Smartphone Solutions Sunbury,sunbury,location,False,,sunbury,"The extra_content ""sunbury"" is purely a location qualifier with no business-type descriptor present. It represents only the geographic component, not a compound of both business-type and location elements.",False
Huffines Kia McKinney,Huffines Kia McKinney Service,service,business_type,False,service,,"The extra_content ""service"" is a pure business-type descriptor that refers to a service department of a Kia dealership. It does not contain a location qualifier—McKinney is already present in the short_name and is not part of the extra_content itself. Therefore, this is not a compound decomposition.",False
El Dorado Hills Sports Club,El Dorado Hills Sports Club and Spa,and spa,business_type,False,,,"The extra_content ""and spa"" contains only a business-type descriptor (spa/spa facility). There is no location qualifier present. A compound designation requires both a business-type term AND a location qualifier to be considered compound. This is pure business-type extra content only.",False
Sunrise Financial,Sunrise Financial Service,service,business_type,False,service,,"The extra_content ""service"" contains only a business-type descriptor. There is no location qualifier present (no geographic terms, regional indicators, or place names). Therefore, it is not a compound decomposition.",False
Full Steam,Full Steam Tromso,tromso,location,False,,tromso,"The extra_content ""tromso"" is purely a location qualifier (a city in Norway). There is no business-type descriptor present in the extra_content. The business type ""Full Steam"" is already captured in the short_name and long_name fields, not in extra_content.",False
Communauté De Communes De Lacq-orthez,Communauté de communes de Lacq Orthez - CCLO,communaute de communes de lacq orthez cclo,noise,False,,,"The extra_content is purely a business-type descriptor. ""Communauté de communes"" is an administrative/governmental organization type (a French inter-municipal organization), and ""CCLO"" is its acronym. While ""Lacq Orthez"" appears in the content, it is part of the organization's official name rather than a separate location qualifier. The entire phrase functions as a single administrative entity name without a distinct business-type component being separated from a location component.",False
Bythams Community Shop,Bythams Community Shop & Cafe,cafe,business_type,False,,,"The extra_content ""cafe"" is a pure business-type descriptor indicating a type of establishment. It does not contain a location qualifier component (no geographic, directional, or spatial reference). Therefore, it is not compound.",False
Momo and Co.,Momo and Co. Design,design,business_type,False,design,,"The extra_content ""design"" is purely a business-type descriptor indicating the nature of the business (a design firm/studio). It contains no location qualifier component, so it is not a compound extra_content.",False
Economy Fence Center,Economy Fence Center Tacoma,tacoma,location,False,,,"The extra_content ""tacoma"" is purely a location qualifier with no business-type descriptor. While the long_name contains ""Economy Fence Center"" (business-type) + ""Tacoma"" (location), the extra_content field itself contains only the location component. For is_compound to be True, the extra_content must contain BOTH components together.",False
Right Aid Home Care,Right Aid Home Care Agency,agency,business_type,False,agency,,"The extra_content ""agency"" is purely a business-type descriptor. It identifies the organizational/business nature of the entity (a home care agency) but contains no location qualifier. There is no geographic or location component present, so this is not a compound structure.",False
H&R Block,H&R Block Canada,canada,location,False,,canada,"The extra_content ""canada"" is a pure location qualifier with no business-type descriptor. It contains only a geographic/location component, not a combination of business-type and location terms.",False
Uluer Genç Yaşam Merkezi,Uluer Genç Yaşam Merkezi Kuaför,kuafor,business_type,False,kuafor,,"The extra_content ""kuafor"" (Turkish for ""barber/hairdresser"") is purely a business-type descriptor with no location qualifier component. It describes what service is offered but does not contain any geographic or location information.",False
West Bradenton Baptist,West Bradenton Baptist Church,church,business_type,False,church,,"The extra_content ""church"" is purely a business-type descriptor with no location qualifier. While ""West Bradenton"" in the short_name contains location information, the extra_content itself does not contain both a business-type term AND a location qualifier—it only contains the business type. Therefore, this is not a compound extra_content.",False
Middleburg High School,Middleburg High School NJROTC,njrotc,disambiguation,False,,,"""njrotc"" is a pure business-type descriptor (Navy Junior ROTC program) with no location qualifier component. It describes a program type/educational offering, not a geographic distinction.",False
Centauro Automotriz,Centauro Automotriz Matriz,matriz,disambiguation,False,,,"""Matriz"" is an organizational/structural descriptor meaning ""headquarters"" or ""main branch,"" not a compound of business-type AND location. It describes the entity's role within a corporate structure rather than combining a business category with a geographic location qualifier.",False
The Home Depot,The Home Depot México,mexico,location,False,,mexico,"The extra_content ""mexico"" is purely a location qualifier with no business-type descriptor. It indicates geographic scope but does not combine a business classification with a location.",False
Tiendas 3B,Tiendas 3B Centro,centro,location,False,,centro,"The extra_content ""centro"" is purely a location qualifier (meaning ""downtown"" or ""center"" in Spanish). It does not contain both a business-type term AND a location qualifier together - it is only a location descriptor, so it does not meet the compound criteria.",False
Smart Fit,Smart Fit México,mexico,location,False,,,"The extra_content ""mexico"" is purely a location qualifier with no business-type descriptor present. There is no compound structure—it contains only a geographic/location component.",False
Dr. Ramón Salgado,Dr. Ramón Salgado Medina,medina,disambiguation,False,,,"""Medina"" is a surname (family name), not a compound of business-type and location descriptors. It appears in the long_name as part of the person's full name (Dr. Ramón Salgado Medina), making it a pure name component rather than extra semantic content mixing business and location qualifiers.",False
Instituto Andes,Instituto Andes Tuxtla,tuxtla,location,False,,tuxtla,"The extra_content ""tuxtla"" is purely a location qualifier (refers to Tuxtla, a city in Mexico). It does not contain a business-type descriptor component, so it is not compound.",False
FIBRA Experts,Fibra Experts - Meet,meet,noise,False,,,"The extra_content ""meet"" is a pure business-type descriptor (referring to a meeting or gathering service/feature). It does not contain a location qualifier. A compound classification requires both business-type AND location components to be present.",False
Centro Comunitário,Centro Comunitario Taiaçu,taiacu,location,False,,taiacu,"The extra_content ""taiacu"" is a pure location qualifier (a place name/neighborhood). It does not contain a business-type term paired with a location qualifier. The business-type descriptor ""Centro Comunitário"" (Community Center) is already present in the short_name and long_name fields, so the extra_content serves only as a geographic identifier.",False
Smiley Mocktail Bar,Smiley Mocktail Bar & Cafe,cafe,business_type,False,cafe,,"The extra_content ""cafe"" is a pure business-type descriptor with no location qualifier. It describes the type of establishment but does not contain any geographic or location component. Therefore, it is not compound.",False
Pet Supplies Plus,Pet Supplies Plus Inwood,inwood,location,False,,inwood,"The extra_content ""inwood"" is purely a location qualifier with no business-type descriptor. It is a geographic location (neighborhood/area name) that distinguishes this Pet Supplies Plus location from others. There is no compound semantic structure present.",False
Expressions Floral Design,Expressions Floral Design Studio,studio,business_type,False,studio,,"The extra_content ""studio"" is a pure business-type descriptor indicating the nature of the establishment (a design studio). It does not contain a location qualifier, so it is not compound.",False
Svensk Fastighetsförmedling,Svensk Fastighetsförmedling Eslöv,eslov,location,False,,eslov,"The extra_content ""eslov"" is purely a location qualifier (city name in Sweden). It contains no business-type descriptor. The business type ""Svensk Fastighetsförmedling"" (Swedish Property Broker) is already captured in the short_name and long_name fields, not in the extra_content.",False
Forst und Garten,Forst und Garten Diehl,diehl,disambiguation,False,,,"""diehl"" is a proper name (surname/company name), not a compound of business-type and location descriptors. It appears to be part of the business entity name ""Forst und Garten Diehl"" (a forestry and garden business owned by or named after Diehl), functioning as an owner/brand identifier rather than as two distinct semantic components.",False
Praxis für Logopädie und Lerntherapie,Praxis für Logopädie und Lerntherapie B & B,b b,business_type,False,,,"""b b"" is neither a business-type descriptor nor a location qualifier. It appears to be initials or an abbreviation (likely representing owner names ""B & B""). It contains no semantic content that would indicate business classification or geographic location. Therefore, it is not a compound that can be decomposed into business-type and location components.",False
Pro Car Wash South,Pro Car Wash South/North,north,noise,False,,north,"The extra_content ""north"" is purely a location qualifier with no business-type descriptor. It represents a directional location component only, not a compound of business-type AND location elements.",False
Kyle Citty,"Kyle Citty, M.D.",md,noise,False,md,,"The extra_content ""md"" is a professional credential (Medical Doctor), which is a business-type descriptor only. There is no location qualifier present. This is not a compound extra_content requiring decomposition.",False
English Rows Dental,English Rows Dental Group,group,business_type,False,,,"The extra_content ""group"" is purely a business-type descriptor indicating the organizational structure/classification of the dental practice. It does not contain a location qualifier (no geographic, directional, or spatial component). Therefore, it is not compound.",False
Fantastic Nails,Fantastic Nails & Spa,spa,business_type,False,spa,,"The extra_content ""spa"" is a pure business-type descriptor. It describes the type of service/business offered (spa services), not a location qualifier. There is no geographic or location component present, so this is not a compound designation.",False
Murphy USA,Murphy USA #6583,6583,disambiguation,False,,,"The extra_content ""6583"" is a store number/identifier, not a compound of business-type and location components. It is purely a numeric identifier used to distinguish this specific Murphy USA location from others in the chain.",False
Juris Law Group,"Juris Law Group, P.C.",pc,disambiguation,False,,,"""pc"" is a business-type descriptor (Professional Corporation designation) only, with no location qualifier present. It does not contain both components required for a compound classification.",False
Junior Bruins Hockey,Junior Bruins Hockey Camps,camps,business_type,False,camps,,"""camps"" is a pure business-type descriptor that describes the nature of the service/activity offered by Junior Bruins Hockey. It does not contain a location qualifier (no geographic identifier, place name, or directional term). Therefore, it is not compound.",False
Snap Fitness,Snap Fitness Joppa,joppa,location,False,,joppa,"The extra_content ""joppa"" is a pure location qualifier (a place name). There is no business-type descriptor present. The long_name ""Snap Fitness Joppa"" simply combines the business name with a geographic location, which is a common naming pattern but does not constitute a compound decomposition since only one semantic component (location) exists in the extra_content.",False
Hamilton Ruritan Club,Hamilton Ruritan Club #1646,1646,disambiguation,False,,,"The extra_content ""1646"" is a numeric identifier (club number) for the Ruritan Club organization. It is neither a business-type descriptor nor a location qualifier. It represents organizational metadata rather than a compound semantic component combining business type and location.",False
Sports Experts,Sports Experts Magog,magog,location,False,,magog,"The extra_content ""magog"" is purely a location qualifier (city name). There is no business-type descriptor present. The business type ""Sports Experts"" is already captured in the short_name, so the extra_content contains only the location component, making this non-compound.",False
Industria Pizzeria,Industria Pizzeria + Bar,bar,business_type,False,bar,,"The extra_content ""bar"" is a pure business-type descriptor indicating a type of establishment or service offering. It contains no location qualifier (no geographic, directional, or spatial terms). Therefore, it is not compound.",False
Les Hospitaliers,Les Hospitaliers Hotel,hotel,business_type,False,hotel,,"The extra_content ""hotel"" is purely a business-type descriptor with no location qualifier. It describes what the establishment is, not where it is located. A compound classification would require both a business type AND a geographic/location component (e.g., ""hotel in Paris"" or ""Paris hotel"").",False
Bahama Bay Resort,Bahama Bay Resort & Spa,spa,business_type,False,spa,,"The extra_content ""spa"" is a pure business-type descriptor with no location qualifier present. While ""Bahama Bay"" in the long_name contains a location reference, the extra_content itself consists only of the amenity/service type ""spa"" without any geographic or location component.",False
Batteries Plus,Batteries Plus Bulbs,bulbs,business_type,False,,,"""bulbs"" is a pure business-type descriptor indicating a product category sold by the retailer. It does not contain a location qualifier (no geographic, directional, or spatial identifier). Therefore, it is not a compound entry requiring decomposition.",False
Southland Casino,Southland Casino Hotel,hotel,business_type,False,hotel,,"The extra_content ""hotel"" is a pure business-type descriptor with no location qualifier component. It describes what kind of establishment Southland Casino is, but does not contain any geographic or locational information.",False
Clifton And Lewis Insurance,Clifton and Lewis Insurance Group,group,disambiguation,False,group,,"The extra_content ""group"" is purely a business-type descriptor (organizational structure term). It contains no location qualifier component. Therefore, it is not compound.",False
Royce Rolls,Royce Rolls Cafe,cafe,business_type,False,,,"The extra_content ""cafe"" is a pure business-type descriptor with no location qualifier component. It does not contain both a business-type term AND a location qualifier, so it is not compound.",False
Olina Küchen,olina-Küchen Linz,olinakuchen linz,location,True,kuchen,linz,"The extra_content ""olinakuchen linz"" contains two distinct semantic components: ""kuchen"" (kitchen/kitchens - a business-type descriptor indicating a kitchen furniture/retail business) and ""linz"" (a city in Austria - a location qualifier). These are separable into business type and geographic location.",False
The UPS Store,The UPS Store 6285,6285,disambiguation,False,,,"The extra_content ""6285"" is a store number/identifier, not a compound of business-type and location. It is a pure numeric identifier with no semantic business-type descriptor or location qualifier present.",False
Just Law,Just Law Utah,utah,location,False,,,"The extra_content ""utah"" is purely a location qualifier with no business-type descriptor present. A compound classification requires both a business-type term AND a location qualifier to be present in the extra_content.",False
University of Minnesota Medical Center,University of Minnesota Medical Center NICU,nicu,disambiguation,False,,,"""NICU"" (Neonatal Intensive Care Unit) is a pure business-type/functional descriptor that specifies a department or service unit within the medical center. It does not contain a location qualifier component—it describes what type of care facility it is, not where it is located. Therefore, this is not a compound extra_content requiring decomposition.",False
The UPS Store,The UPS Store 7313,7313,disambiguation,False,,,"The extra_content ""7313"" is a store number/identifier, not a compound of business-type and location. It is a pure numeric identifier used to distinguish between multiple franchise locations of the same business, but does not itself contain both a business descriptor AND a location qualifier as separate semantic components.",False
Marathon Gas,Marathon Gas & DQ,dq,disambiguation,False,,,"""dq"" is a business-type abbreviation (Dairy Queen) that represents a co-branded business entity, not a compound of business-type AND location. There is no location qualifier present in the extra_content.",False
Water Valley Housing Auth,Water Valley Housing Authority,ority,noise,False,,,"The extra_content ""ority"" is a partial word fragment (the suffix of ""Authority""), not a complete semantic component. It contains neither a business-type term nor a location qualifier, making it non-compound.",False
Tammy Medlin,"Tammy Medlin, FNP",fnp,disambiguation,False,fnp,,"""fnp"" is a professional credential (Family Nurse Practitioner) with no location qualifier. It contains only a business-type descriptor, not both business-type AND location components required for compound classification.",False
Spectron Desarrollo,Spectron Desarrollo S.C.,sc,noise,False,,,"""sc"" is a business-type descriptor (Sociedad Civil - Civil Partnership in Spanish), not a compound of business-type AND location. It contains only a legal entity classification without any geographic qualifier.",False
Vighna Bamboo Briyani,Vighna Bamboo Briyani - JB,jb,location,False,,jb,"The extra_content ""jb"" is purely a location qualifier (abbreviation for Johor Bahru), not a compound of business-type and location. There is no business-type descriptor present in the extra_content.",False
Bonanza Cafe,Bonanza Cafe&Rest,rest,disambiguation,False,rest,,"The extra_content ""rest"" is an abbreviation for ""restaurant,"" which is a pure business-type descriptor. There is no location qualifier present (no geographic reference, direction, or location modifier). Therefore, this is not a compound extra_content requiring decomposition.",False
Wells Fargo,Wells Fargo Bank,bank,business_type,False,bank,,"The extra_content ""bank"" is purely a business-type descriptor with no location qualifier present. A compound classification requires both semantic components to be present.",False
Villa Sofia,Villa Sofia b&b,bb,business_type,False,bb,,"The extra_content ""bb"" is purely a business-type descriptor (bed & breakfast abbreviation). There is no location qualifier present, so it does not meet the criteria of being compound (requiring both business-type AND location components).",False
Smoker Friendly Discount Tobacco,Smoker Friendly Discount Tobacco #27,27,disambiguation,False,,,"The extra_content ""27"" is a store number/identifier, not a compound of business-type and location components. It is purely a numeric identifier used to distinguish between multiple franchise locations of the same business. Store numbers are distinguishing identifiers, not semantic decompositions into business type and location.",False
Colby Dodge Chrysler Jeep,Colby Dodge Chrysler Jeep Ram,ram,business_type,False,ram,,"The extra_content ""ram"" is a business-type descriptor (vehicle brand/manufacturer) with no location qualifier present. It represents only a single semantic component, not a compound of business-type AND location.",False
Survive Alive House,Survive Alive House MFD,mfd,noise,False,,,"""mfd"" is an abbreviation for ""manufactured"" or ""manufacturing,"" which is a business-type descriptor only. It does not contain a location qualifier component. Therefore, it is not a compound extra_content requiring decomposition.",False
Kaiser Permanente,Kaiser Permanente DME,dme,noise,False,dme,,"""dme"" (Durable Medical Equipment) is a business-type descriptor only. There is no location qualifier present in the extra_content. A compound designation requires both a business-type term AND a location component, which this example lacks.",False
Wing Sing,Wing Sing Bar,bar,business_type,False,,,"The extra_content ""bar"" contains only a business-type descriptor with no location qualifier. A compound designation requires both semantic components present. Since there is no geographic or location element, this is pure business-type content, not compound.",False
Tractor Supply,Tractor Supply Co.,co,noise,False,,,"The extra_content ""co"" is an abbreviation for ""Company,"" which is a business-type descriptor only. It contains no location qualifier component. Therefore, it is not a compound element requiring decomposition.",False
Dothan Nails,Dothan Nails Spa,spa,business_type,False,spa,,"The extra_content ""spa"" is purely a business-type descriptor. It describes the nature/type of the business (a spa facility) but contains no location qualifier or geographic component. Therefore, it is not compound.",False
Oh My Goodness,Oh My Goodness OMG,omg,disambiguation,False,,,"The extra_content ""omg"" is an acronym/abbreviation for the business name itself, not a compound of business-type and location terms. It contains no location qualifier and is purely a name variant element.",False
Chinese Foot Massage & Body Relax,Chinese Foot Massage & Body Relax Spa,spa,business_type,False,spa,,"The extra_content ""spa"" is purely a business-type descriptor. It describes the type of establishment/service offered, not a location qualifier. There is no geographic or location component present in the extra_content.",False
Mail Boxes ETC.,Mail Boxes Etc. UK,uk,location,False,,uk,"The extra_content ""uk"" is a pure location qualifier (country code for United Kingdom). There is no business-type descriptor present, only a geographic identifier that qualifies the location of the business.",False
La Taquiza de Mario,La Taquiza de Mario #2,2,disambiguation,False,,,"The extra_content ""2"" is a simple numeric identifier (branch/location number), not a compound of business-type and location qualifier. It lacks both semantic components needed for decomposition - it's neither a business descriptor nor a meaningful location qualifier on its own.",False
Le Salonce,Le salonce #2,2,disambiguation,False,,,"The extra_content ""2"" is a pure numeric identifier/enumeration (part of a branch or location numbering system), not a compound of business-type AND location descriptors. It lacks both semantic components required for decomposition.",False
Farmacia Città Satellite,Farmacia Città Satellite 2,2,disambiguation,False,,,"The extra_content is ""2"", which is a simple numeric identifier/suffix used to distinguish between multiple instances of the same pharmacy. It does not contain both a business-type term AND a location qualifier. It is purely a distinguishing numeral, not a compound descriptor.",False
Praxis für Schmerzmedizin,"Praxis für Schmerzmedizin Dr. Carola Vogel, Privatpraxis (Selbstzahler/Privatversicherte)",dr carola vogel privatpraxis selbstzahlerprivatversicherte,disambiguation,False,dr carola vogel privatpraxis selbstzahlerprivatversicherte,,"The extra_content contains only business-type descriptors (doctor name, practice type, and patient classification) with no geographic or location qualifier. All tokens relate to the medical practice identity and its operational characteristics, not to location differentiation.",False
Schlotzsky's,"Schlotzsky's (Colony Way - Madison, MS)",colony way madison ms,location,False,,,"The extra_content ""colony way madison ms"" consists entirely of location qualifiers (street name ""colony way"" and city/state ""madison ms""). There is no business-type descriptor present. This is pure location information, not a compound of business-type and location components.",False
Centre RNPC Avranches,Centre RNPC AVRANCHES (Quentin sur le homme),quentin sur le homme,location,False,,quentin sur le homme,"The extra_content ""quentin sur le homme"" is a pure location qualifier (a commune in France). It contains no business-type descriptor or organizational term. It is a geographical location only, not a compound of business-type plus location.",False
ComForCare Home Care,"ComForCare Home Care (Rancho Cucamonga, CA)",rancho cucamonga ca,location,False,,rancho cucamonga ca,"The extra_content contains only a location qualifier (city and state). There is no business-type descriptor present—the business type ""Home Care"" is already captured in the short_name and long_name. This is purely location-based extra content, not a compound decomposition.",False
PetSmart,PetSmart Folsom (East Bidwell),folsom east bidwell,location,True,,folsom east bidwell,"The extra_content contains only location qualifiers (city name ""folsom"" and street/directional qualifier ""east bidwell""). There is no business-type descriptor present. While is_compound is True based on the structure, the compound nature refers to multiple location components rather than a business-type + location split. The biz_type_tokens is empty because no business descriptor exists in the extra_content.",False
PruittHealth,PruittHealth Hospice (Gainesville),hospice gainesville,business_type,True,hospice,gainesville,"The extra_content contains two distinct semantic components: ""hospice"" is a business-type descriptor (a specific type of healthcare facility), and ""gainesville"" is a location qualifier (a geographic place). These are clearly separable into business type and location dimensions.",True
Atm,ATM (Post Office),post office,disambiguation,False,,,"The extra_content ""post office"" is a pure business-type descriptor only. It identifies the type of establishment (a postal service facility) without any location qualifier or geographic identifier. There is no distinct location component present, so this does not meet the criteria for a compound decomposition.",False
Atm,ATM (Post Office),post office,disambiguation,False,,,"The extra_content ""post office"" is a pure business-type descriptor only. It identifies the type of establishment (a postal service facility) without any location qualifier or geographic identifier. There is no distinct location component present, so this does not meet the criteria for a compound decomposition.",False
Atm,ATM (Post Office),post office,disambiguation,False,,,"The extra_content ""post office"" is a pure business-type descriptor only. It identifies the type of establishment (a postal service facility) without any location qualifier or geographic identifier. There is no distinct location component present, so this does not meet the criteria for a compound decomposition.",False
Liceo Scientifico Isacco Newton,Liceo Scientifico Isacco Newton (succursale),succursale,disambiguation,False,,,"""Succursale"" (branch/annex) is a business-type descriptor indicating a secondary campus or facility of an educational institution, not a location qualifier. It describes the nature/type of the facility rather than where it is located. There is no geographic location component present in the extra_content.",False
Sídliště Libuš,Sídliště Libuš (bus),bus,disambiguation,False,,,"The extra_content ""bus"" is a pure business-type descriptor (abbreviation for bus station/stop) with no location qualifier component. It does not contain both a business-type term AND a location qualifier, so it is not compound.",False
Vitality Integrated Programs,Vitality Integrated Programs (VIP),vip,disambiguation,False,,,"""vip"" is an acronym/abbreviation for the organization name itself (Vitality Integrated Programs), not a compound of business-type and location components. It contains no location qualifier.",False
Brooklyn Basketball Academy,Brooklyn Basketball Academy (BBA),bba,disambiguation,False,,,"The extra_content ""bba"" is an acronym/abbreviation for the full name, not a decomposable compound of business-type and location components. It represents the entire entity name compressed, not a semantic combination of distinct business-type and location qualifiers.",False
Marine Corps Exchange,Marine Corps Exchange (MCX),mcx,disambiguation,False,,,"The extra_content ""mcx"" is an acronym/abbreviation for the business name itself (Marine Corps Exchange), not a compound of business-type and location components. It contains no location qualifier.",False
Centro de Estaca,Centro de Estaca (SUD),sud,disambiguation,False,,,"""sud"" (abbreviation for ""Iglesia de Jesucristo de los Santos de los Últimos Días"" - The Church of Jesus Christ of Latter-day Saints) is a business/organization-type descriptor only, not a compound of business-type AND location. It identifies the religious organization operating the facility but does not contain a location qualifier.",False
Makmal Kesihatan Awam,Makmal Kesihatan Awam (MKA),mka,disambiguation,False,,,"The extra_content ""mka"" is an acronym/abbreviation for ""Makmal Kesihatan Awam"" (Public Health Laboratory), which is a business-type descriptor. It contains no location qualifier component, making it pure business-type content rather than a compound element with both business-type and location components.",False
Centro Médico Integrado,Centro Médico Integrado (CMI),cmi,disambiguation,False,,,"The extra_content ""cmi"" is an acronym/abbreviation of the organization name, not a decomposable compound of business-type and location elements. It contains neither a business descriptor nor a location qualifier as distinct semantic components.",False
Liceo De Hombres,Liceo De Hombres (LAM),lam,disambiguation,False,,,"""lam"" is an acronym (LAM) that represents the full name ""Liceo De Hombres"". It is neither a business-type descriptor nor a location qualifier, but rather a name abbreviation. Therefore, it does not contain both semantic components required for compound classification.",False
CIBC,CIBC Branch (Cash at ATM only),branch cash at atm only,disambiguation,False,,,"The extra_content ""branch cash at atm only"" is a pure business-type descriptor that characterizes the service offering and functionality of the place (branch type with limited cash withdrawal via ATM). It does not contain a distinct location qualifier component. There is no geographic identifier, area descriptor, or location-based modifier present.",True
