agreement_type,id,alt_primary,base_primary,alt_names_json,base_names_json,alt_address,base_address,city,state,alt_confidence,base_confidence
full_agreement,08f088557537354903c275dd5a290659,Scandic CH,Scandic CH,"{""primary"":""Scandic CH""}","{""primary"":""Scandic CH""}",Nygatan 45,Nygatan 45,Gävle,,0.9962614185921548,0.77
full_agreement,08f121ba1a6ed7b103673c4bbcf8bf73,Bannister GP Kia,Bannister GP Kia,"{""primary"":""Bannister GP Kia""}","{""primary"":""Bannister GP Kia""}",11806 99 Ave,11806 99 Ave,Grande Prairie,AB,0.77,0.77
full_agreement,08f12ccd550310a30379d144bdd1f4aa,Alberta Gymnastics Federation,Alberta Gymnastics Federation,"{""primary"":""Alberta Gymnastics Federation""}","{""primary"":""Alberta Gymnastics Federation""}",550 71 Ave SE,"170, 550 71 St SE",Calgary,AB,0.9918379237288135,0.77
full_agreement,08f12db0d9c6137103d4a617c7e2dcff,Zumiez,Zumiez,"{""primary"":""Zumiez""}","{""primary"":""Zumiez""}",4750 N Division St,4750 N Division St Ste 156,Spokane,WA,0.9962614185921548,0.77
full_agreement,08f12ec5266ae8600324ada1a869584e,Ardene,Ardene,"{""primary"":""Ardene""}","{""primary"":""Ardene""}",2331 66 St NW,"2331 66 Street Northwest, 306",Edmonton,AB,0.9962614185921548,0.77
full_agreement,08f194042c90cb2c03aefebf4fee758f,Evri ParcelShop,Evri ParcelShop,"{""primary"":""Evri ParcelShop""}","{""primary"":""Evri ParcelShop""}",91 Ings Road,91 Ings Road,Hull,,0.77,0.77
full_agreement,08f19424ccc1e0820363bbececd4900d,Evri ParcelShop,Evri ParcelShop,"{""primary"":""Evri ParcelShop""}","{""primary"":""Evri ParcelShop""}",385 Ashton Road,385 Ashton Road,Oldham,,0.77,0.77
full_agreement,08f19428e0cc9691030adb2836c18908,McDonald's,McDonald's,"{""primary"":""McDonald's""}","{""primary"":""McDonald's""}",THREE LAKES RETAIL PARK,"Three Lakes Retail Park, Bawtry Road",Selby,,0.9962614185921548,0.77
full_agreement,08f194855a68525c032b1c6022501687,Pizza Hut Delivery,Pizza Hut Delivery,"{""primary"":""Pizza Hut Delivery""}","{""primary"":""Pizza Hut Delivery""}",128 Sandgate Road,128 Sandgate Road,Folkestone,ENG,0.9918379237288135,0.77
full_agreement,08f194a06041038003a636dc09097cf7,R2B Business Solutions,R2B Business Solutions,"{""primary"":""R2B Business Solutions""}","{""primary"":""R2B Business Solutions""}","Courtyard Offices, Town House, Market Street","Courtyard Offices, Town House, Market Street",,,0.9763829787234043,0.77
full_agreement,08f194ac2641827303a8c9d8d0f63cfb,Paddy Power,Paddy Power,"{""primary"":""Paddy Power""}","{""primary"":""Paddy Power""}",229 London Road,229-231 London Road,Croydon,ENG,0.9877528662420382,0.77
full_agreement,08f194ad0131a06b031c2633af407eb2,Resolution Roofing,Resolution Roofing,"{""primary"":""Resolution Roofing""}","{""primary"":""Resolution Roofing""}",24 Brookehowse Road,24 Brookehowse Road,London,,0.77,0.77
full_agreement,08f194ad1640caae0374357bf0bb336d,Fenix Funeral,Fenix Funeral,"{""primary"":""Fenix Funeral""}","{""primary"":""Fenix Funeral""}",55-57 Sloane Avenue,55-57 Sloane Avenue,London,,0.77,0.77
full_agreement,08f194adab32588d030bf3e6651babcf,Geoffrey Nathan Associates,Geoffrey Nathan Associates,"{""primary"":""Geoffrey Nathan Associates""}","{""primary"":""Geoffrey Nathan Associates""}",112 Morden Road,112 Morden Road,London,ENG,0.9895134099616858,0.77
full_agreement,08f194e6e9552d2b03d67ae015440155,Bill's Bluewater Restaurant,Bill's Bluewater Restaurant,"{""primary"":""Bill's Bluewater Restaurant""}","{""primary"":""Bill's Bluewater Restaurant""}",100 Bluewater Pkwy,"Bluewater, Bluewater Parkway",,,0.9877528662420382,0.77
full_agreement,08f195194a502b710392012516a657c1,Johnstone's Decorating Centre,Johnstone's Decorating Centre,"{""primary"":""Johnstone's Decorating Centre""}","{""primary"":""Johnstone's Decorating Centre""}","Unit 2, 3 Carlisle St","Unit 2-3, Carlisle Street",,,0.9918379237288135,0.77
full_agreement,08f1951b4b8939820392d42fadf7bf37,Howarth Timber & Building Supplies,Howarth Timber & Building Supplies,"{""primary"":""Howarth Timber & Building Supplies""}","{""primary"":""Howarth Timber & Building Supplies""}",Countess Ave,"Countess Avenue, Cheadle Hulme",,,0.9877528662420382,0.77
full_agreement,08f1954d312ca57303c50dacaec92828,Seven Spices,Seven Spices,"{""primary"":""Seven Spices""}","{""primary"":""Seven Spices""}","136 Manse Road, Newmains","136 Manse Road, Newmains",Wishaw,,0.77,0.77
full_agreement,08f19556407113a20388e06cb7d15a6f,Lancaster Chiropractic Clinic,Lancaster Chiropractic Clinic,"{""primary"":""Lancaster Chiropractic Clinic""}","{""primary"":""Lancaster Chiropractic Clinic""}",123 Scotforth Road,123 Scotforth Road,Lancaster,ENG,0.9918379237288135,0.77
full_agreement,08f1955d81619a8803fe1b049d874c96,Embrace Financial Services,Embrace Financial Services,"{""primary"":""Embrace Financial Services""}","{""primary"":""Embrace Financial Services""}",19 Fisher Street,19 Fisher Street,Carlisle,ENG,0.9895134099616858,0.77
full_agreement,08f19583b0c5404303de9785ceaee7ef,The Old Star,The Old Star,"{""primary"":""The Old Star""}","{""primary"":""The Old Star""}",Pye Cor,Pye Corner,,,0.9895134099616858,0.77
full_agreement,08f1958c2b10c541038aee2bfe17b7a0,Wye Water Services,Wye Water Services,"{""primary"":""Wye Water Services""}","{""primary"":""Wye Water Services""}","14C Rockfield Rd, Hr1 2Ua",14C Rockfield Road,Hereford,Herefordshire,0.77,0.77
full_agreement,08f1959122223af0034a3db45eff5514,The Kings Head,The Kings Head,"{""primary"":""The Kings Head""}","{""primary"":""The Kings Head""}",Main Rd,"Main Road, Hurlsey",,,0.9962614185921548,0.77
full_agreement,08f19591706c64da03129d164b8f37ea,Costa Coffee,Costa Coffee,"{""primary"":""Costa Coffee""}","{""primary"":""Costa Coffee""}",Tollbar Way,"Next, Hedge End Retail Park, Charles Watts Way",Southampton,,0.9962614185921548,0.77
full_agreement,08f195988b898d64034008cac3a910aa,"A, D8 UK Ltd.","A, D8 UK Ltd.","{""primary"":""A, D8 UK Ltd.""}","{""primary"":""A, D8 UK Ltd.""}",37-39 Southgate Street,"Southgate Chambers, 37/39 Southgate Street",Winchester,Hampshire,0.8359792626728111,0.77
full_agreement,08f1959b8e6099a80376e30d9f0ffc74,Electric Center,Electric Center,"{""primary"":""Electric Center""}","{""primary"":""Electric Center""}","Unit 8, Mountbatten Business Park, Jackson Cl","Unit 8, Mountbatten Business Park, Jackson Close, Farlington",,,0.9895134099616858,0.77
full_agreement,08f1959ba9388a2d03837ddf4c8df4de,Bookends,Bookends,"{""primary"":""Bookends""}","{""primary"":""Bookends""}",7 High Street,7 High Street,Emsworth,,0.77,0.77
full_agreement,08f195b614a70ba603c3acc5ff81ea94,ItsSo Travel Torquay,ItsSo Travel Torquay,"{""primary"":""ItsSo Travel Torquay""}","{""primary"":""ItsSo Travel Torquay""}",38 Fore Street,"38 Fore Street, St Marychurch",Torquay,ENG,0.9918379237288135,0.77
full_agreement,08f195bc5ca82d0e03aa687209b92b3a,Hydramatic,Hydramatic,"{""primary"":""Hydramatic""}","{""primary"":""Hydramatic""}","Unit 1j, Castle Rd",Unit 1J Castle Rd,,,0.9828411287205256,0.77
full_agreement,08f195c0a02a5b1603f7b7d894823773,Bridge Inn,Bridge Inn,"{""primary"":""Bridge Inn""}","{""primary"":""Bridge Inn""}",22 High Green,"22 High Green, Brewood",Stafford,ENG,0.9962614185921548,0.77
full_agreement,08f195c2b6063c89030a9ac1d6daafc7,Bromsgrove Computer Centre,Bromsgrove Computer Centre,"{""primary"":""Bromsgrove Computer Centre""}","{""primary"":""Bromsgrove Computer Centre""}",10 Mill Lane,10 Mill Lane,Bromsgrove,ENG,0.9962614185921548,0.77
full_agreement,08f195cacc4a555003fe8e0897317627,My Key Machine,My Key Machine,"{""primary"":""My Key Machine""}","{""primary"":""My Key Machine""}",Brandon Road,"B&Q, Coventry, Brandon Road, West Midlands",Coventry,,0.77,0.77
full_agreement,08f195da48ac889c038925b03f3b7b34,The Prince Regent,The Prince Regent,"{""primary"":""The Prince Regent""}","{""primary"":""The Prince Regent""}",71 Marylebone High Street,71 Marylebone High St,London,ENG,0.997898979043525,0.77
full_agreement,08f196909b32dade031a76f33206caea,PLUS,PLUS,"{""primary"":""PLUS""}","{""primary"":""PLUS""}",Nedereind 10,Nedereind 10,Nieuwegein,,0.9962614185921548,0.77
full_agreement,08f196dc19cec29e039c393b80faafaf,Warenhuis Pijnacker,Warenhuis Pijnacker,"{""primary"":""Warenhuis Pijnacker""}","{""primary"":""Warenhuis Pijnacker""}",Hoofdstraat 46,"Hoofdstraat, 46",Ferwert,,0.997898979043525,0.77
full_agreement,08f19720cbaa3b660386c115e8b91270,Motability Scheme at Edinburgh Mobility Solutions,Motability Scheme at Edinburgh Mobility Solutions,"{""primary"":""Motability Scheme at Edinburgh Mobility Solutions""}","{""primary"":""Motability Scheme at Edinburgh Mobility Solutions""}",2-4 Henderson Street,"2-4 Henderson Street, Leith",Edinburgh,,0.77,0.77
full_agreement,08f197275484205c03f62ba484d5606b,Burger King,Burger King,"{""primary"":""Burger King""}","{""primary"":""Burger King""}",Edinburgh Airport,Edinburgh Airport,Edinburgh,,0.9962614185921548,0.77
full_agreement,08f197322caf32aa03d91c4f98d80cdb,Snow + Rock Newcastle,Snow + Rock Newcastle,"{""primary"":""Snow + Rock Newcastle""}","{""primary"":""Snow + Rock Newcastle""}",60 Northumberland Street,60-62 Northumberland Street,Newcastle upon Tyne,ENG,0.9918379237288135,0.77
full_agreement,08f19732692056dd03101f3e1a65880b,Simon Smith Design,Simon Smith Design,"{""primary"":""Simon Smith Design""}","{""primary"":""Simon Smith Design""}",Colliery Lane,Colliery Lane,Houghton Le Spring,,0.77,0.77
full_agreement,08f1e040c5c034a403d1b2a7d8a97f60,Lidl,Lidl,"{""primary"":""Lidl""}","{""primary"":""Lidl""}",Neffova 299/1,Neffova 299,Lipník nad Bečvou,71,0.9523423423423424,0.77
full_agreement,08f1e0e12dd4da4d035718ac12e555f1,Zenit Panzió,Zenit Panzió,"{""primary"":""Zenit Panzió""}","{""primary"":""Zenit Panzió""}",Miskolctapolcai út 25,Miskolctapolcai út 25-27,Miskolc,,0.9523423423423424,0.77
full_agreement,08f1e15b73ce531b03ec071d30dc52af,Merak,Merak,"{""primary"":""Merak""}","{""primary"":""Merak""}",Mariahilfer Straße 139,Mariahilfer Straße 139,Wien,,0.9962614185921548,0.77
full_agreement,08f1e32073664d8e03a9627c0f7807a8,Sparkasse Oberösterreich - SB-Standort,Sparkasse Oberösterreich - SB-Standort,"{""primary"":""Sparkasse Oberösterreich - SB-Standort""}","{""primary"":""Sparkasse Oberösterreich - SB-Standort""}",Haibach/Schärding 9,Haibach/Schärding 9,Freinberg,,0.77,0.77
full_agreement,08f1e8374858e368033f10fc41b9e7f8,Drive In Pozzuoli,Drive In Pozzuoli,"{""primary"":""Drive In Pozzuoli""}","{""primary"":""Drive In Pozzuoli""}","Contrada La Schiana, 21","Contrada la Schiana, 21",Pozzuoli,72,0.9919372693726938,0.77
full_agreement,08f1e85c26d3662c03dc76c1ec1e7cb6,Gelateria Carnevali,Gelateria Carnevali,"{""primary"":""Gelateria Carnevali""}","{""primary"":""Gelateria Carnevali""}","Corso Italia, 57, 62022 Castelraimondo MC, Italia","Corso Italia, 57",Castelraimondo,57,0.9962614185921548,0.77
full_agreement,08f1e880c6c242a5035ee2cc4cc4b6ce,Dan John Bari,Dan John Bari,"{""primary"":""Dan John Bari""}","{""primary"":""Dan John Bari""}","Via Sparano da Bari, 82",Via Sparano 82/86,Bari,75,0.9962614185921548,0.77
full_agreement,08f1e9d95207154103b78c6ef3eeb8f9,Yamamay,Yamamay,"{""primary"":""Yamamay""}","{""primary"":""Yamamay""}","Corso Vittorio Emanuele, 17",Corso Vittorio Emanuele 17/19/21,Castellammare di Stabia,72,0.9877528662420382,0.77
full_agreement,08f1eb5ba8ba504603b783a90e1e34e9,Elettrauto Autoelettrica,Elettrauto Autoelettrica,"{""primary"":""Elettrauto Autoelettrica""}","{""primary"":""Elettrauto Autoelettrica""}","Viale 20 Settembre, 285","Viale XX Settembre, 285",Carrara,52,0.9962614185921548,0.77
full_agreement,08f1ec910c842640034df1e3402ae066,Shell,Shell,"{""primary"":""Shell""}","{""primary"":""Shell""}",,Kemerburgaz Caddesi Merkez Mahallesi,,,0.9523423423423424,0.77
full_agreement,08f1f0204831024203a8625d51944196,LED Nord,LED Nord,"{""primary"":""LED Nord""}","{""primary"":""LED Nord""}",An d. Crivitzer Ch 1,An Der Crivitzer Chaussee 1,,,0.9763829787234043,0.77
full_agreement,08f1f02580711558032beb326920b8cf,Gehrhus Immobilien e.K.,Gehrhus Immobilien e.K.,"{""primary"":""Gehrhus Immobilien e.K.""}","{""primary"":""Gehrhus Immobilien e.K.""}",Von-Eichendorff-Straße 28,Von-Eichendorff-Str. 28,Adendorf,,0.9895134099616858,0.77
full_agreement,08f1f060364236ce03961b6cf162c389,Netto Marken-Discount,Netto Marken-Discount,"{""primary"":""Netto Marken-Discount""}","{""primary"":""Netto Marken-Discount""}",Claus-Sinjen-Straße 33,Claus-Sinjen-Str. 33,Kronshagen,,0.9918379237288135,0.77
full_agreement,08f1f0b44e466a0103f39fa87dc0107b,Punkt sprzedaży Plus i Polsat Box,Punkt sprzedaży Plus i Polsat Box,"{""primary"":""Punkt sprzedaży Plus i Polsat Box""}","{""primary"":""Punkt sprzedaży Plus i Polsat Box""}",Mieczysława Jeżyka 2A,Mieczysława Jeżyka 2A,Wągrowiec,,0.77,0.77
full_agreement,08f1f1378c0a3099031ca9190f453c3a,Architekturbüro Volkmer Planung + Bauleitung,Architekturbüro Volkmer Planung + Bauleitung,"{""primary"":""Architekturbüro Volkmer Planung + Bauleitung""}","{""primary"":""Architekturbüro Volkmer Planung + Bauleitung""}",Am Wittenborn 70,Am Wittenborn 70,Hann. Münden,,0.77,0.77
full_agreement,08f1f142a41a198303af4fc1dd85450c,Ratskeller Oldenburg,Ratskeller Oldenburg,"{""primary"":""Ratskeller Oldenburg""}","{""primary"":""Ratskeller Oldenburg""}",Markt 1,Markt 1,Oldenburg (Oldb.),,0.9962614185921548,0.77
full_agreement,08f1f165310da9630388444afa78937c,Allego Charging Station,Allego Charging Station,"{""primary"":""Allego Charging Station""}","{""primary"":""Allego Charging Station""}",Emmastraat 6,Emmastraat 6,Lochem,,0.9877528662420382,0.77
full_agreement,08f1f19882108743037aa0e2fefe6fdb,KERAMUNDO,KERAMUNDO,"{""primary"":""KERAMUNDO""}","{""primary"":""KERAMUNDO""}",Goethestraße 11B,Goethestr. 11b-c,Frankfurt (Oder),,0.9872500778573653,0.77
full_agreement,08f1f1a8da865c3503b4c552c4c8273e,Mobilblitz Leipzig Ratzelbogen,Mobilblitz Leipzig Ratzelbogen,"{""primary"":""Mobilblitz Leipzig Ratzelbogen""}","{""primary"":""Mobilblitz Leipzig Ratzelbogen""}","Leipzig Ratzelbogen, Kiewer Straße 1","Ratzelbogen, Kiewer Str. 1-5",Leipzig,,0.9918379237288135,0.77
full_agreement,08f1f1b249ba946b03529572f455053c,Fielmann,Fielmann,"{""primary"":""Fielmann""}","{""primary"":""Fielmann""}",Berliner Straße 61,Berliner Str. 61,Görlitz,,0.9918379237288135,0.77
full_agreement,08f1f1d48149303303581d063afa1b3a,Hüco Stoffe,Hüco Stoffe,"{""primary"":""Hüco Stoffe""}","{""primary"":""Hüco Stoffe""}",Lise-Meitner-Straße 7,Lise-Meitner-Str. 7-9,Berlin,,0.9962614185921548,0.77
full_agreement,08f1f1d48823204b0359a6c51b3c437f,Bitkom Akademie,Bitkom Akademie,"{""primary"":""Bitkom Akademie""}","{""primary"":""Bitkom Akademie""}",Albrechtstraße 10,Albrechtstr. 10,Berlin,,0.997898979043525,0.77
full_agreement,08f1f22ba441bd8003c9ac92d5a2e082,Oscar Biludlejning Lisbjerg,Oscar Biludlejning Lisbjerg,"{""primary"":""Oscar Biludlejning Lisbjerg""}","{""primary"":""Oscar Biludlejning Lisbjerg""}",Lisbjergbakken 2D,Lisbjergbakken 2D,Aarhus N,82,0.9877528662420382,0.77
full_agreement,08f1f2d6b121bae9037c5aa065d85015,TeamOlmed Kalmar,TeamOlmed Kalmar,"{""primary"":""TeamOlmed Kalmar""}","{""primary"":""TeamOlmed Kalmar""}",Malmbrogatan 14,Malmbrogatan 14,,,0.9828411287205256,0.77
full_agreement,08f1f8024966ac5d03c852ff651223e4,Ringlihof,Ringlihof,"{""primary"":""Ringlihof""}","{""primary"":""Ringlihof""}",Katzentalweg 1,Katzentalweg 1,Horben,,0.9918379237288135,0.77
full_agreement,08f1f830f49208e3032af3d05c24923a,blütenhandwerk,blütenhandwerk,"{""primary"":""blütenhandwerk""}","{""primary"":""blütenhandwerk""}",Stadthausstrasse 8,Stadthausstrasse 8,Huttwil,BE,0.9523423423423424,0.77
full_agreement,08f1f89088c19c710309bbdd9cc585f8,TUI BLUE Fieberbrunn,TUI BLUE Fieberbrunn,"{""primary"":""TUI BLUE Fieberbrunn""}","{""primary"":""TUI BLUE Fieberbrunn""}",Lindau 18,Lindau 18,Fieberbrunn,,0.9962614185921548,0.77
full_agreement,08f1f8c261c63d18034bc43e16fabed6,Friseursalon Meisterfriseur Soul,Friseursalon Meisterfriseur Soul,"{""primary"":""Friseursalon Meisterfriseur Soul""}","{""primary"":""Friseursalon Meisterfriseur Soul""}",Haunstetter Straße 258,Haunstetterstr. 258,Augsburg,,0.9872500778573653,0.77
full_agreement,08f1f8d7a484396203dee4a0e44ffad1,TP Cosmetics GmbH,TP Cosmetics GmbH,"{""primary"":""TP Cosmetics GmbH""}","{""primary"":""TP Cosmetics GmbH""}",Maximilianstraße 36,Maximilianstr. 36,München,,0.9895134099616858,0.77
full_agreement,08f1f8eadc596c5a0319a1d657ac47cf,Markus Fink GmbH,Markus Fink GmbH,"{""primary"":""Markus Fink GmbH""}","{""primary"":""Markus Fink GmbH""}",Ladau 273,Ladau 273,Krumbach,,0.9918379237288135,0.77
full_agreement,08f1f8ed8172e8b203a9f0a42e5a8224,bellaiuto coiffure,bellaiuto coiffure,"{""primary"":""bellaiuto coiffure""}","{""primary"":""bellaiuto coiffure""}",Wangenstrasse 5,Wangenstrasse 5,Dübendorf,Zurich,0.8606545961002786,0.77
full_agreement,08f1f99573502a0003578dfdbf286ceb,Quattro Zampe Toelettatura e Alimenti per Animali,Quattro Zampe Toelettatura e Alimenti per Animali,"{""primary"":""Quattro Zampe Toelettatura e Alimenti per Animali""}","{""primary"":""Quattro Zampe Toelettatura e Alimenti per Animali""}","Via della Resistenza, 12","Via Resistenza, 12",Opera,25,0.9962614185921548,0.77
full_agreement,08f1f99da1c48a5803eda1c806bd60e5,Full Pub,Full Pub,"{""primary"":""Full Pub""}","{""primary"":""Full Pub""}","Via Leon Battista Alberti, 25","Via Leon Battista Alberti, 25",Cassano Magnago,25,0.9962614185921548,0.77
full_agreement,08f1fa1896028d140379635fa7aac705,ROTH Energie,ROTH Energie,"{""primary"":""ROTH Energie""}","{""primary"":""ROTH Energie""}",Industriestraße 47,Industriestr. 47-49,Wesseling,,0.9918379237288135,0.77
full_agreement,08f1fa1990413b8303971596427070ff,Tchibo Filiale,Tchibo Filiale,"{""primary"":""Tchibo Filiale""}","{""primary"":""Tchibo Filiale""}",Aachener Strasse 1253,Aachener Strasse 1253,Koeln,,0.77,0.77
full_agreement,08f1fa32c3274634034e521483428f0e,Hermes PaketShop,Hermes PaketShop,"{""primary"":""Hermes PaketShop""}","{""primary"":""Hermes PaketShop""}",Bahnhofstr. 3,Banhofstr. 35,Kusel,Rhineland-Palatinate,0.77,0.77
full_agreement,08f1faea1a71d7250355b13ab53cefdb,Kupferstecher Frankfurt,Kupferstecher Frankfurt,"{""primary"":""Kupferstecher Frankfurt""}","{""primary"":""Kupferstecher Frankfurt""}",Merianplatz 3,Merianplatz 3,Frankfurt am Main,,0.9962614185921548,0.77
full_agreement,08f26085a28b594a03a2efa5ba515820,Starbucks,Starbucks,"{""primary"":""Starbucks""}","{""primary"":""Starbucks""}",11650 S 73rd St,11650 S 73rd St,Papillion,NE,0.9962614185921548,0.77
full_agreement,08f260a13399236b03992e39e7aca4b9,A-1 Refrigeration,A-1 Refrigeration,"{""primary"":""A-1 Refrigeration""}","{""primary"":""A-1 Refrigeration""}",1134 N 21st St,1134 N 21st St,Lincoln,NE,0.9895134099616858,0.77
full_agreement,08f260d896124c8a03a272c5e79517be,Kum & Go,Kum & Go,"{""primary"":""Kum & Go""}","{""primary"":""Kum & Go""}",409 Nile Kinnick Dr S,409 Nile Kinnick Dr,Adel,IA,0.9962614185921548,0.77
full_agreement,08f2621981c3001a03bae55b179cba68,Sam V. Calvert Attorney at Law,Sam V. Calvert Attorney at Law,"{""primary"":""Sam V. Calvert Attorney at Law""}","{""primary"":""Sam V. Calvert Attorney at Law""}",1011 2nd St N,"1011 2nd St N #107",St Cloud,MN,0.997898979043525,0.77
full_agreement,08f2621a4c90974903d09624c1413a8a,Auto Center Bargain Lot,Auto Center Bargain Lot,"{""primary"":""Auto Center Bargain Lot""}","{""primary"":""Auto Center Bargain Lot""}",1805 Wayzata Blvd E,1805 Wayzata Blvd,Wayzata,MN,0.997898979043525,0.77
full_agreement,08f2621a6972e00d03d5156fe2c80dde,Tires Plus,Tires Plus,"{""primary"":""Tires Plus""}","{""primary"":""Tires Plus""}",12700 Wayzata Blvd,12700 Wayzata Blvd,Minnetonka,MN,0.9962614185921548,0.77
full_agreement,08f2621b7052304a03ba951dc99f9387,Arby's,Arby's,"{""primary"":""Arby's""}","{""primary"":""Arby's""}",21595 Diamond Lake Rd S,21595 S Diamond Lake Rd,Rogers,MN,0.9962614185921548,0.77
full_agreement,08f2625c01870b210397bb815bdf89ae,Northern Design Co,Northern Design Co,"{""primary"":""Northern Design Co""}","{""primary"":""Northern Design Co""}",25832 Woodale Rd,25832 Woodale Rd,Nisswa,MN,0.9696941176470588,0.77
full_agreement,08f262c7406e2b1603270aac987bf79c,Johnson Auto Sales,Johnson Auto Sales,"{""primary"":""Johnson Auto Sales""}","{""primary"":""Johnson Auto Sales""}",1221 S Oak Ave,1221 S Oak Ave,Owatonna,MN,0.9962614185921548,0.77
full_agreement,08f262d8a6ba4b2c03985a80e46d0827,Lewiston Veterinary Clinic,Lewiston Veterinary Clinic,"{""primary"":""Lewiston Veterinary Clinic""}","{""primary"":""Lewiston Veterinary Clinic""}",440 Debra Dr,440 Debra Dr Ste 117,Lewiston,MN,0.9962614185921548,0.77
full_agreement,08f2631896ac2896035e96180621ba9b,Subway,Subway,"{""primary"":""Subway""}","{""primary"":""Subway""}",205 6th Ave SE,"205 6th Avenue SE, Suite 100",Aberdeen,SD,0.9962614185921548,0.77
full_agreement,08f264432c6284610382c3df40d2a9e8,The FNB Community Bank,The FNB Community Bank,"{""primary"":""The FNB Community Bank""}","{""primary"":""The FNB Community Bank""}",227 S Superior St,227 S Superior St,Ramsey,IL,0.9918379237288135,0.77
full_agreement,08f264622866338c03c99743da67ae23,M-CO Wiring,M-CO Wiring,"{""primary"":""M-CO Wiring""}","{""primary"":""M-CO Wiring""}",11756 Borman Dr,11756 Borman Dr,St Louis,MO,0.9803712632594022,0.77
full_agreement,08f2646a4c0c553203964bd31cbcec1e,Redbox,Redbox,"{""primary"":""Redbox""}","{""primary"":""Redbox""}",72 Airport Plz,2 Plaza Dr,Bethalto,IL,0.77,0.77
full_agreement,08f2649a4660239203830d5b2b5da7ef,Walmart,Walmart,"{""primary"":""Walmart""}","{""primary"":""Walmart""}",2165 Winchester Rd NE,2165 Winchester Rd NE,Huntsville,AL,0.77,0.77
full_agreement,08f264d05c8b28f403c4d0ca478b590e,The Barn at Sycamore Farms,The Barn at Sycamore Farms,"{""primary"":""The Barn at Sycamore Farms""}","{""primary"":""The Barn at Sycamore Farms""}",4866 Murfreesboro Rd,4866 Murfreesboro Rd,Arrington,TN,0.9962614185921548,0.77
full_agreement,08f264d133962a4d03f03f3066a92a36,Downtown Nashville Nissan,Downtown Nashville Nissan,"{""primary"":""Downtown Nashville Nissan""}","{""primary"":""Downtown Nashville Nissan""}",25 Vantage Way,25 Vantage Way,Nashville,TN,0.9962614185921548,0.77
full_agreement,08f26504732d0220036ff8e633a6f62d,OakStar Bank,OakStar Bank,"{""primary"":""OakStar Bank""}","{""primary"":""OakStar Bank""}",1508 N 2nd St,1508 N 2nd St,Clinton,MO,0.9962614185921548,0.77
full_agreement,08f26567197a3b3603beda847a81c35f,KC Solar,KC Solar,"{""primary"":""KC Solar""}","{""primary"":""KC Solar""}",8101 College Blvd,8101 College Blvd Ste 100,Overland Park,KS,0.9763829787234043,0.77
full_agreement,08f2659a2d05a4b103cc0338dfb94fa1,Orangetheory Fitness,Orangetheory Fitness,"{""primary"":""Orangetheory Fitness""}","{""primary"":""Orangetheory Fitness""}",4615 Poplar Ave,4615 Poplar Ave 12,Memphis,TN,0.997898979043525,0.77
full_agreement,08f2659ae6d6d722036b0a17392a19e5,Lennys Grill & Subs,Lennys Grill & Subs,"{""primary"":""Lennys Grill & Subs""}","{""primary"":""Lennys Grill & Subs""}",4103 Elvis Presley Blvd,4103 Elvis Presley Blvd,Memphis,TN,0.9962614185921548,0.77
full_agreement,08f2661a218ad29003a1a04d81b871e3,The Noto Nexus,The Noto Nexus,"{""primary"":""The Noto Nexus""}","{""primary"":""The Noto Nexus""}",121 Monument Cir,121 Monument Cir,Indianapolis,IN,0.9872500778573653,0.77
full_agreement,08f2661bad10940003cd7a206d96a845,Kirby Risk Distribution Center,Kirby Risk Distribution Center,"{""primary"":""Kirby Risk Distribution Center""}","{""primary"":""Kirby Risk Distribution Center""}",5501 W 52nd St,5501 W 52nd St,Indianapolis,IN,0.9918379237288135,0.77
full_agreement,08f2662cb451449b03d49dcac24ed54a,Viviane M Santos CNP,Viviane M Santos CNP,"{""primary"":""Viviane M Santos CNP""}","{""primary"":""Viviane M Santos CNP""}",5111 N Glen Park Place Rd,5111 N Glen Park Place Rd,Peoria,IL,0.77,0.77
full_agreement,08f2664193a4189e0317059afe18e2c3,First Merchants Bank,First Merchants Bank,"{""primary"":""First Merchants Bank""}","{""primary"":""First Merchants Bank""}",13323 S Baltimore Ave,13323 S Baltimore Ave,Chicago,IL,0.9895134099616858,0.77
full_agreement,08f2664cf4a1c59e0326f12a78045d97,Help at Home,Help at Home,"{""primary"":""Help at Home""}","{""primary"":""Help at Home""}",238 W Cermak Rd,238 W. Cermak Rd.,Chicago,IL,0.9803712632594022,0.77
full_agreement,08f2664d85c81c63034a4d773dfc3f7a,"Leslie Guidotti Breting, Ph.D.","Leslie Guidotti Breting, Ph.D.","{""primary"":""Leslie Guidotti Breting, Ph.D.""}","{""primary"":""Leslie Guidotti Breting, Ph.D.""}",909 Davis St Ste 160,909 Davis St Ste 160,Evanston,IL,0.77,0.77
full_agreement,08f266694b7326a903fae35f59d22a22,American House Cedarlake,American House Cedarlake,"{""primary"":""American House Cedarlake""}","{""primary"":""American House Cedarlake""}",14800 S Van Dyke Rd,14800 S Van Dyke Rd,Plainfield,IL,0.9962614185921548,0.77
full_agreement,08f2668b8579dc5a03afce7f390fe275,Circle K,Circle K,"{""primary"":""Circle K""}","{""primary"":""Circle K""}",7800 St Andrews Church Rd,9737 Old Third St Rd,Louisville,KY,0.9918379237288135,0.77
full_agreement,08f2668d12ae6942030d9ac18525ae68,Sunoco Gas Station,Sunoco Gas Station,"{""primary"":""Sunoco Gas Station""}","{""primary"":""Sunoco Gas Station""}",701 W Main St,701 W Main St,Paoli,IN,0.77,0.77
full_agreement,08f266cc5d0a2cdb0318bd952ce12ad9,AT&T Store,AT&T Store,"{""primary"":""AT&T Store""}","{""primary"":""AT&T Store""}",2615 Central Ave,2615 Central Ave,Columbus,IN,0.77,0.77
full_agreement,08f266d32dad0209037bbcd9f1ec9970,Maple Street Biscuit Company,Maple Street Biscuit Company,"{""primary"":""Maple Street Biscuit Company""}","{""primary"":""Maple Street Biscuit Company""}",2270 Nicholasville Rd,2270 Nicholasville Rd Ste 120,Lexington,KY,0.9962614185921548,0.77
full_agreement,08f266d3664e9c340356a4375098925e,Goodwill,Goodwill,"{""primary"":""Goodwill""}","{""primary"":""Goodwill""}",4740 Hartland Pkwy,4740 Hartland Pkwy,Lexington,KY,0.9962614185921548,0.77
full_agreement,08f266dad34a453403895be31ff7113a,Commonwealth Plastic Surgery,Commonwealth Plastic Surgery,"{""primary"":""Commonwealth Plastic Surgery""}","{""primary"":""Commonwealth Plastic Surgery""}",715 Shaker Dr,715 Shaker Dr Ste 100,Lexington,KY,0.9962614185921548,0.77
full_agreement,08f26838cd84ed8b03ceaa62d4a92b5e,Subway,Subway,"{""primary"":""Subway""}","{""primary"":""Subway""}",131 Chambers Ave,131 Chambers Ave,Eagle,CO,0.9962614185921548,0.77
full_agreement,08f268c44936e91803d5584ff57d7d8e,Mountain Wellness Dentistry,Mountain Wellness Dentistry,"{""primary"":""Mountain Wellness Dentistry""}","{""primary"":""Mountain Wellness Dentistry""}",18925 Base Camp Rd,18925 Base Camp Rd Ste 203,Monument,CO,0.9962614185921548,0.77
full_agreement,08f268ccb130020c031d3ba739673d8b,Carpet Mill Outlet Stores,Carpet Mill Outlet Stores,"{""primary"":""Carpet Mill Outlet Stores""}","{""primary"":""Carpet Mill Outlet Stores""}",9086 W Bowles Ave,9086 W Bowles Ave,Littleton,CO,0.77,0.77
full_agreement,08f268cd03d718c3039c459f8ecb4544,MOD Pizza,MOD Pizza,"{""primary"":""MOD Pizza""}","{""primary"":""MOD Pizza""}",9135 E Northfield Blvd,"9135 Northfield Blvd, Suite 140",Denver,CO,0.9962614185921548,0.77
full_agreement,08f269614b65270a03cda656d6a2aa1f,Solar Guard Utah,Solar Guard Utah,"{""primary"":""Solar Guard Utah""}","{""primary"":""Solar Guard Utah""}",2550 S Decker Lake Blvd,2550 S Decker lake Blvd Ste 1,West Valley City,UT,0.9895134099616858,0.77
full_agreement,08f26aa536d9db580322956a78b86154,European Motor Cars Inc,European Motor Cars Inc,"{""primary"":""European Motor Cars Inc""}","{""primary"":""European Motor Cars Inc""}",802 E Mulberry St,505 Riverside Ave,Fort Collins,CO,0.997898979043525,0.77
full_agreement,08f26c080cc22a5b032d8b1439e5354a,Eitzen Agency Inc,Eitzen Agency Inc,"{""primary"":""Eitzen Agency Inc""}","{""primary"":""Eitzen Agency Inc""}",102 S Main St,102 S Main,Fairview,OK,0.9919372693726938,0.77
full_agreement,08f26c80c458a69603342e20e86d7561,SPENGA Prosper,SPENGA Prosper,"{""primary"":""SPENGA Prosper""}","{""primary"":""SPENGA Prosper""}",900 South Preston Road Suite 30,900 S Preston Rd Ste 30,Prosper,TX,0.77,0.77
full_agreement,08f26c8281c10b0903503e29b128ada1,dd's DISCOUNTS,dd's DISCOUNTS,"{""primary"":""dd's DISCOUNTS""}","{""primary"":""dd's DISCOUNTS""}",1443 W Buckingham Rd,1443 W Buckingham Rd,Garland,TX,0.9962614185921548,0.77
full_agreement,08f26c829a16acf3035ac8c19a6861a1,Shady's Burgers & Brewhaha,Shady's Burgers & Brewhaha,"{""primary"":""Shady's Burgers & Brewhaha""}","{""primary"":""Shady's Burgers & Brewhaha""}",9661 Audelia Rd,9661 Audelia Rd,Dallas,TX,0.9962614185921548,0.77
full_agreement,08f26c8390ba49350319b54f0294ec99,Carter BloodCare,Carter BloodCare,"{""primary"":""Carter BloodCare""}","{""primary"":""Carter BloodCare""}",1328 W McDermott Dr,1328 W Mcdermott Dr Ste 250,Allen,TX,0.9962614185921548,0.77
full_agreement,08f26c864395d982032a1a8b90863392,Oak Hill Academy,Oak Hill Academy,"{""primary"":""Oak Hill Academy""}","{""primary"":""Oak Hill Academy""}",9407 Midway Rd,9407 Midway Rd,Dallas,TX,0.9962614185921548,0.77
full_agreement,08f26c866337294103a6ea8b3e531f5a,Rally House,Rally House,"{""primary"":""Rally House""}","{""primary"":""Rally House""}",11661 Preston Rd,11661 Preston Rd Ste 232,Dallas,TX,0.9962614185921548,0.77
full_agreement,08f26c86642125b4031326f6a64ebbd6,Shred Nations,Shred Nations,"{""primary"":""Shred Nations""}","{""primary"":""Shred Nations""}",14902 Preston Rd,14902 Preston Rd 404,Dallas,TX,0.9763829787234043,0.77
full_agreement,08f26c866888838503899ce333500e26,Link & Associates,Link & Associates,"{""primary"":""Link & Associates""}","{""primary"":""Link & Associates""}",10440 N Central Expy,10440 N Central Expy Ste 950,Dallas,TX,0.997898979043525,0.77
full_agreement,08f26c869547195803b7bbd088f45018,Chick-fil-A,Chick-fil-A,"{""primary"":""Chick-fil-A""}","{""primary"":""Chick-fil-A""}",1002 Keller Pkwy,1002 Keller Pkwy,Keller,TX,0.9962614185921548,0.77
full_agreement,08f26c876296a6e1039d68062f5bad96,Walmart Supercenter,Walmart Supercenter,"{""primary"":""Walmart Supercenter""}","{""primary"":""Walmart Supercenter""}",8801 Ohio Dr,8801 Ohio Dr,Plano,TX,0.77,0.77
full_agreement,08f26c9d85526228035357d6d05abb93,Labcorp,Labcorp,"{""primary"":""Labcorp""}","{""primary"":""Labcorp""}",3101 Joe Ramsey Blvd E,3101 Joe Ramsey Blvd E Ste 105,Greenville,TX,0.9962614185921548,0.77
full_agreement,08f26ca0d5822a8e03df9524c4d2673c,Walmart,Walmart,"{""primary"":""Walmart""}","{""primary"":""Walmart""}",601 Fm 1821,601 Fm 1821,Mineral Wells,TX,0.77,0.77
full_agreement,08f26ca0d586244d03de301c892bfd7d,Econo Lodge,Econo Lodge,"{""primary"":""Econo Lodge""}","{""primary"":""Econo Lodge""}",108 Fm 1821,108 Fm 1821,Mineral Wells,TX,0.77,0.77
full_agreement,08f26cc2f2b032ce03a3f4ff67b6eea7,Godfather's Pizza Express,Godfather's Pizza Express,"{""primary"":""Godfather's Pizza Express""}","{""primary"":""Godfather's Pizza Express""}",1223 N 1st Ave,1223 N 1st Ave,Durant,OK,0.9918379237288135,0.77
full_agreement,08f26e3036354530039a96a9e4dcc0d4,Woodfire Grille,Woodfire Grille,"{""primary"":""Woodfire Grille""}","{""primary"":""Woodfire Grille""}",777 Kansas Star Dr,777 Kansas Star Dr,Mulvane,KS,0.9962614185921548,0.77
full_agreement,08f26e51040a94ee0300548c32b817b1,CVS Pharmacy,CVS Pharmacy,"{""primary"":""CVS Pharmacy""}","{""primary"":""CVS Pharmacy""}",3901 SW 21st St,3901 SW 21st St,Topeka,KS,0.9962614185921548,0.77
full_agreement,08f26ea82388e7990365b4a4be4226e2,"Jill R. Johnson, APRN, CNP","Jill R. Johnson, APRN, CNP","{""primary"":""Jill R. Johnson, APRN, CNP""}","{""primary"":""Jill R. Johnson, APRN, CNP""}",1021 E Bryan Ave,1021 E Bryan Ave,Sapulpa,OK,0.77,0.77
full_agreement,08f26ea944756ceb03f73abefbca4a32,KeyMe Locksmiths,KeyMe Locksmiths,"{""primary"":""KeyMe Locksmiths""}","{""primary"":""KeyMe Locksmiths""}",9411 S Delaware Ave,9411 S Delaware Ave,Tulsa,OK,0.9895134099616858,0.77
full_agreement,08f26ed7ac94a99803b49290c7c14ae8,Speedy Splash Carwash,Speedy Splash Carwash,"{""primary"":""Speedy Splash Carwash""}","{""primary"":""Speedy Splash Carwash""}",1841 N Crossover Rd,1841 N Crossover Rd,Fayetteville,AR,0.77,0.77
full_agreement,08f26eec3634b47603f6d23fb1b12603,Cedar Vale Locker,Cedar Vale Locker,"{""primary"":""Cedar Vale Locker""}","{""primary"":""Cedar Vale Locker""}",1505 Marsh St,1505 Marsh St,Cedar Vale,KS,0.9962614185921548,0.77
full_agreement,08f2713b1a4f55b60367d72a5d3abe83,Petro-Canada,Petro-Canada,"{""primary"":""Petro-Canada""}","{""primary"":""Petro-Canada""}",3360 Victoria Ave,3360 Victoria Ave,Brandon,MB,0.77,0.77
full_agreement,08f271a2d0294804035e0f9b5baa38d6,Gate City Bank,Gate City Bank,"{""primary"":""Gate City Bank""}","{""primary"":""Gate City Bank""}",720 Main St,720 Main St,Carrington,ND,0.9962614185921548,0.77
full_agreement,08f274826e393b6c0392b9477b888222,"Samantha Grundemann, PA-C","Samantha Grundemann, PA-C","{""primary"":""Samantha Grundemann, PA-C""}","{""primary"":""Samantha Grundemann, PA-C""}",212 Winston Dr,212 Winston Dr,Marshall,MI,0.77,0.77
full_agreement,08f27484ea8aca450325727be1330b18,Crystal Flash,Crystal Flash,"{""primary"":""Crystal Flash""}","{""primary"":""Crystal Flash""}",4523 134th Ave,4523 134th Ave,Hamilton,MI,0.9918379237288135,0.77
full_agreement,08f274dd0dac2d020338d97ff8693e3c,Fullerton Tool Company,Fullerton Tool Company,"{""primary"":""Fullerton Tool Company""}","{""primary"":""Fullerton Tool Company""}",121 Perry St,121 Perry St,Saginaw,MI,0.997898979043525,0.77
full_agreement,08f27526994f22ec035e5bfc35795835,Enterprise Rent-A-Car,Enterprise Rent-A-Car,"{""primary"":""Enterprise Rent-A-Car""}","{""primary"":""Enterprise Rent-A-Car""}",6801 Wayzata Blvd,6801 Wayzata Blvd,St Louis Park,MN,0.9962614185921548,0.77
full_agreement,08f27527aece236803bcbd89eabdbc1d,Westminster Apartments,Westminster Apartments,"{""primary"":""Westminster Apartments""}","{""primary"":""Westminster Apartments""}",12861 Central Ave NE,12861 Central Ave NE,Blaine,MN,0.9803712632594022,0.77
full_agreement,08f275922226a40b03fa3c4693070159,Cove Hair Salon,Cove Hair Salon,"{""primary"":""Cove Hair Salon""}","{""primary"":""Cove Hair Salon""}",516 W Wise Rd,516 W Wise Rd,Schaumburg,IL,0.9962614185921548,0.77
full_agreement,08f27592c10d2d650338beb892e9fd00,HYATT house Chicago/Naperville/Warrenville,HYATT house Chicago/Naperville/Warrenville,"{""primary"":""HYATT house Chicago/Naperville/Warrenville""}","{""primary"":""HYATT house Chicago/Naperville/Warrenville""}",27554 Maecliff Dr S,27554 Maecliff Dr,Warrenville,IL,0.9962614185921548,0.77
full_agreement,08f2759ac860810403b488b2ba85c6e1,DICK'S Sporting Goods,DICK'S Sporting Goods,"{""primary"":""DICK'S Sporting Goods""}","{""primary"":""DICK'S Sporting Goods""}",1900 Tower Dr,1900 Tower Dr,Glenview,IL,0.77,0.77
full_agreement,08f2759aca54d76903b5f8c9dca36d19,"Joseph Perkins, D.O.","Joseph Perkins, D.O.","{""primary"":""Joseph Perkins, D.O.""}","{""primary"":""Joseph Perkins, D.O.""}",2180 Pfingsten Rd Ste 3100,2180 Pfingsten Rd Ste 3100,Glenview,IL,0.77,0.77
full_agreement,08f281334dcd60a303d3ca8e7eff2b77,Burger King,Burger King,"{""primary"":""Burger King""}","{""primary"":""Burger King""}",2561 Campus Dr,2561 Campus Dr,Klamath Falls,OR,0.9962614185921548,0.77
full_agreement,08f2830021b2dacd03fc61463e38b4ff,Jack in the Box,Jack in the Box,"{""primary"":""Jack in the Box""}","{""primary"":""Jack in the Box""}",1610 Lewis Brown Dr,1610 Lewis Brown Dr,Vallejo,CA,0.9962614185921548,0.77
full_agreement,08f28300a32ca15503b128aa7b3ae6e7,Chevys Fresh Mex,Chevys Fresh Mex,"{""primary"":""Chevys Fresh Mex""}","{""primary"":""Chevys Fresh Mex""}",1730 Travis Blvd,1730 Travis Blvd,Fairfield,CA,0.9962614185921548,0.77
full_agreement,08f2830821b736ce03f60c9e1b6174d5,Enterprise Truck Rental,Enterprise Truck Rental,"{""primary"":""Enterprise Truck Rental""}","{""primary"":""Enterprise Truck Rental""}",45 Charter Oak Ave,45 Charter Oak Ave,San Francisco,CA,0.9962614185921548,0.77
full_agreement,08f28308f3a491aa03eaf1cf29d632fd,West County Optometry,West County Optometry,"{""primary"":""West County Optometry""}","{""primary"":""West County Optometry""}",11780 San Pablo Ave,11780 San Pablo Ave,El Cerrito,CA,0.9962614185921548,0.77
full_agreement,08f2830d34545ca4038c8e20a0ba4015,Alderwood Park Apartments,Alderwood Park Apartments,"{""primary"":""Alderwood Park Apartments""}","{""primary"":""Alderwood Park Apartments""}",277 Junction Ave,277 Junction Ave,Livermore,CA,0.9895134099616858,0.77
full_agreement,08f2832144c15018033b04c5ec312b53,Sentry Storage,Sentry Storage,"{""primary"":""Sentry Storage""}","{""primary"":""Sentry Storage""}",201 Folsom Dam Rd,201 Folsom Dam Rd,Folsom,CA,0.9962614185921548,0.77
full_agreement,08f28337744159a8035c2ed9259da5dc,Holiday Inn Express & Suites Willows,Holiday Inn Express & Suites Willows,"{""primary"":""Holiday Inn Express & Suites Willows""}","{""primary"":""Holiday Inn Express & Suites Willows""}",545 N Humboldt Ave,545 N Humboldt Ave,Willows,CA,0.77,0.77
full_agreement,08f2834661c0546303001de104053c6d,Health Care Physicians Profile 1,Health Care Physicians Profile 1,"{""primary"":""Health Care Physicians Profile 1""}","{""primary"":""Health Care Physicians Profile 1""}","3rd Floor, Rajapushpa Business Center, Kondapur","3rd Floor, Rajapushpa Business Center, Kondapur",Hyderabad,Telangana,0.77,0.77
full_agreement,08f2834661c05463036c2b70615e02d9,Health Care Physicians Profile 6,Health Care Physicians Profile 6,"{""primary"":""Health Care Physicians Profile 6""}","{""primary"":""Health Care Physicians Profile 6""}","3rd Floor, Rajapushpa Business Center, Kondapur","3rd Floor, Rajapushpa Business Center, Kondapur",Hyderabad,Telangana,0.77,0.77
full_agreement,08f2834661c054630389501d6608d0ce,Health Care Physicians Profile 6,Health Care Physicians Profile 6,"{""primary"":""Health Care Physicians Profile 6""}","{""primary"":""Health Care Physicians Profile 6""}","3rd Floor, Rajapushpa Business Center, Kondapur","3rd Floor, Rajapushpa Business Center, Kondapur",Hyderabad,Telangana,0.77,0.77
full_agreement,08f2834661c0546303dad485e1861339,Health Care Physicians Profile 7,Health Care Physicians Profile 7,"{""primary"":""Health Care Physicians Profile 7""}","{""primary"":""Health Care Physicians Profile 7""}","3rd Floor, Rajapushpa Business Center, Kondapur","3rd Floor, Rajapushpa Business Center, Kondapur",Hyderabad,Telangana,0.77,0.77
full_agreement,08f283474cd5d0060371a4d2dc07ced8,Heller Immigration Law Group,Heller Immigration Law Group,"{""primary"":""Heller Immigration Law Group""}","{""primary"":""Heller Immigration Law Group""}",325 Sharon Park Dr,325 Sharon Park Dr Ste 635,Menlo Park,CA,0.9918379237288135,0.77
full_agreement,08f2834ca54111610368e04f04243847,Alfonso Grading and Landscaping,Alfonso Grading and Landscaping,"{""primary"":""Alfonso Grading and Landscaping""}","{""primary"":""Alfonso Grading and Landscaping""}",580 Echo Valley Rd,580 Echo Valley Rd,Salinas,CA,0.9696941176470588,0.77
full_agreement,08f2836208808c80035db653c3b3d516,ARCO,ARCO,"{""primary"":""ARCO""}","{""primary"":""ARCO""}",10715 Trinity Pkwy,10715 Trinity Pkwy,Stockton,CA,0.9523423423423424,0.77
full_agreement,08f28362f5959d9e03ae4e554ed7ead2,Buffalo Wild Wings,Buffalo Wild Wings,"{""primary"":""Buffalo Wild Wings""}","{""primary"":""Buffalo Wild Wings""}",1537 S Lower Sacramento Rd,1537 Lower Sacramento Rd Unit 110,Lodi,CA,0.9962614185921548,0.77
full_agreement,08f28842352de42c036d136f4f5dfb60,H&R Block,H&R Block,"{""primary"":""H&R Block""}","{""primary"":""H&R Block""}",520 S Meridian Rd,520 S Meridian Rd,Meridian,ID,0.9962614185921548,0.77
full_agreement,08f28843861189b103816480f8f6f6e2,Penske Truck Rental,Penske Truck Rental,"{""primary"":""Penske Truck Rental""}","{""primary"":""Penske Truck Rental""}",4450 S Enterprise St,4450 S Enterprise St,Boise,ID,0.77,0.77
full_agreement,08f28d0a5615611c037c782aba7e8a79,Enterprise Rent-A-Car,Enterprise Rent-A-Car,"{""primary"":""Enterprise Rent-A-Car""}","{""primary"":""Enterprise Rent-A-Car""}",9015 State Ave,9015 State Ave,Marysville,WA,0.9962614185921548,0.77
full_agreement,08f28d1aacab0c5503f03bc3cacd7057,Fan Favourites Games & Movies,Fan Favourites Games & Movies,"{""primary"":""Fan Favourites Games & Movies""}","{""primary"":""Fan Favourites Games & Movies""}",760 Yates St,760-B Yates St,Victoria,BC,0.9962614185921548,0.77
full_agreement,08f28d362415b35b0378114cb9e90f8e,Hope Golf & Country Club,Hope Golf & Country Club,"{""primary"":""Hope Golf & Country Club""}","{""primary"":""Hope Golf & Country Club""}",900 Golf Course Rd,900 Golf Course Road,Hope,BC,0.9962614185921548,0.77
full_agreement,08f28d4359675b9803b61810d1c1f565,Fountain Court Senior Living,Fountain Court Senior Living,"{""primary"":""Fountain Court Senior Living""}","{""primary"":""Fountain Court Senior Living""}",24200 224th Ave SE,24200 224th Ave SE,Maple Valley,WA,0.997898979043525,0.77
full_agreement,08f28d542cd40b7003f501913b0c950b,M Street,M Street,"{""primary"":""M Street""}","{""primary"":""M Street""}",910 8th Ave,910 8th Ave,Seattle,WA,0.9962614185921548,0.77
full_agreement,08f28d559965c49d037360e0cf9c144e,Evergreen Middle School,Evergreen Middle School,"{""primary"":""Evergreen Middle School""}","{""primary"":""Evergreen Middle School""}",6900 208th Ave NE,6900 208th Ave NE,Redmond,WA,0.9962614185921548,0.77
full_agreement,08f28de8b291171e037d00b748edc418,Sonei Jewellers,Sonei Jewellers,"{""primary"":""Sonei Jewellers""}","{""primary"":""Sonei Jewellers""}",8430 128 St,Unit - 23 8430 128 St,Surrey,BC,0.9877528662420382,0.77
full_agreement,08f28dec4354270203936b319e65d7d8,Shoppers Drug Mart,Shoppers Drug Mart,"{""primary"":""Shoppers Drug Mart""}","{""primary"":""Shoppers Drug Mart""}",3387 David Ave,"3387 David Avenue, Suite 102",Coquitlam,BC,0.9962614185921548,0.77
full_agreement,08f28f012d60e6ad03f99abbc4c48bf1,Starbucks,Starbucks,"{""primary"":""Starbucks""}","{""primary"":""Starbucks""}",19321 SW Martinazzi Ave,"19321 SW Martinazzi Ave (Martinazzi Sq, Uare - Tualatin)",Tualatin,OR,0.9962614185921548,0.77
full_agreement,08f28f08d9805672036b55ef0cef2002,Shari's Cafe and Pies,Shari's Cafe and Pies,"{""primary"":""Shari's Cafe and Pies""}","{""primary"":""Shari's Cafe and Pies""}",16280 SW Langer Dr,16280 SW Langer Dr,Sherwood,OR,0.9962614185921548,0.77
full_agreement,08f28f496ba0556c034563ae576dde24,Metro Infusion Center,Metro Infusion Center,"{""primary"":""Metro Infusion Center""}","{""primary"":""Metro Infusion Center""}",370 Q St,370 Q St,Springfield,OR,0.9918379237288135,0.77
full_agreement,08f29126484e986d033383dfda3c9539,California Electric Supply,California Electric Supply,"{""primary"":""California Electric Supply""}","{""primary"":""California Electric Supply""}",233 S Milpas St,233 South Milpas Street,Santa Barbara,CA,0.9962614185921548,0.77
full_agreement,08f291279d7a935903da27be658e0c67,Global Solar Supply,Global Solar Supply,"{""primary"":""Global Solar Supply""}","{""primary"":""Global Solar Supply""}",1082 E Front St E,1082 E Front St,Ventura,CA,0.77,0.77
full_agreement,08f29868cc6a01ab0368af9cb6c5a012,francesca's,francesca's,"{""primary"":""francesca's""}","{""primary"":""francesca's""}",1300 W Sunset Rd,1300 W Sunset Road 2313,Henderson,NV,0.9962614185921548,0.77
full_agreement,08f2986a82c92b5003309ff5c3c715bf,Chipotle Mexican Grill,Chipotle Mexican Grill,"{""primary"":""Chipotle Mexican Grill""}","{""primary"":""Chipotle Mexican Grill""}",6780 N 5th St,6780 N 5th St,North Las Vegas,NV,0.9962614185921548,0.77
full_agreement,08f2986b96d887a503e5806f5b046677,SmartStyle Hair Salon,SmartStyle Hair Salon,"{""primary"":""SmartStyle Hair Salon""}","{""primary"":""SmartStyle Hair Salon""}",5198 Boulder Hwy,5198 Boulder Highway,Las Vegas,NV,0.9962614185921548,0.77
full_agreement,08f298901d34a6ac033a02d493f36726,Five Star Premier Residences of Reno,Five Star Premier Residences of Reno,"{""primary"":""Five Star Premier Residences of Reno""}","{""primary"":""Five Star Premier Residences of Reno""}",3201 Plumas St,3201 Plumas St,Reno,NV,0.9962614185921548,0.77
full_agreement,08f29950db69d390037ec63e208557a3,Kneaders Bakery & Cafe,Kneaders Bakery & Cafe,"{""primary"":""Kneaders Bakery & Cafe""}","{""primary"":""Kneaders Bakery & Cafe""}",529 S Mall Dr,529 S Mall Dr,St George,UT,0.9962614185921548,0.77
full_agreement,08f29a0a8c159a520338e471dcd80591,Planes of Fame Air Museum,Planes of Fame Air Museum,"{""primary"":""Planes of Fame Air Museum""}","{""primary"":""Planes of Fame Air Museum""}",14998 Cal Aero Dr,14998 Cal Aero Dr,Chino,CA,0.997898979043525,0.77
full_agreement,08f29a0a91596743032bcef34ac03dde,Metro by T-Mobile,Metro by T-Mobile,"{""primary"":""Metro by T-Mobile""}","{""primary"":""Metro by T-Mobile""}",5664 Etiwanda Ave,5664 Etiwanda Ave Ste A,Mira Loma,CA,0.9918379237288135,0.77
full_agreement,08f29a0b704aa68203e897bace4e7b33,Bert's Foreign Auto Service,Bert's Foreign Auto Service,"{""primary"":""Bert's Foreign Auto Service""}","{""primary"":""Bert's Foreign Auto Service""}",518 E 2nd St,518 E 2nd St,Santa Ana,CA,0.9962614185921548,0.77
full_agreement,08f29a115e84c2a403e23dd743811ca2,Martinelli Law Group,Martinelli Law Group,"{""primary"":""Martinelli Law Group""}","{""primary"":""Martinelli Law Group""}",28422 Constellation Rd,28422 Constellation Rd Ste 208,Valencia,CA,0.9918379237288135,0.77
full_agreement,08f29a18827056f103818534ad6d3dab,Taco Bell,Taco Bell,"{""primary"":""Taco Bell""}","{""primary"":""Taco Bell""}",12900 Vanowen St,12900 Vanowen,North Hollywood,CA,0.9962614185921548,0.77
full_agreement,08f29a4018a454c403d3e547067a3d3b,Scripps Memorial Hospital La Jolla Outpatient Imaging Pavillion,Scripps Memorial Hospital La Jolla Outpatient Imaging Pavillion,"{""primary"":""Scripps Memorial Hospital La Jolla Outpatient Imaging Pavillion""}","{""primary"":""Scripps Memorial Hospital La Jolla Outpatient Imaging Pavillion""}",9838 Genesee Ave,9838 Genesee Ave,,,0.9962614185921548,0.77
full_agreement,08f29a41a556ca9a030dccaefe2a687b,Jack in the Box,Jack in the Box,"{""primary"":""Jack in the Box""}","{""primary"":""Jack in the Box""}",700 Roosevelt Ave,700 Roosevelt Ave,National City,CA,0.9962614185921548,0.77
full_agreement,08f29a456e42e5830324637954145c50,Valley Transmission,Valley Transmission,"{""primary"":""Valley Transmission""}","{""primary"":""Valley Transmission""}",1158 N 2nd St,1158 N 2nd St,El Cajon,CA,0.9962614185921548,0.77
full_agreement,08f29a4714a4879e03bb7589c7e079e7,Opal and Findings,Opal and Findings,"{""primary"":""Opal and Findings""}","{""primary"":""Opal and Findings""}",15175 Highland Valley Rd,15175 highland valley Rd,Escondido,CA,0.9828411287205256,0.77
full_agreement,08f29a5498484496037471212e5b1e6b,San Sebastian,San Sebastian,"{""primary"":""San Sebastian""}","{""primary"":""San Sebastian""}",24299 Paseo de Valencia,24299 Paseo de Valencia,Laguna Woods,CA,0.9962614185921548,0.77
full_agreement,08f29a549b4e628303b42e4c82a492d2,McMaster Heating and Air Conditioning,McMaster Heating and Air Conditioning,"{""primary"":""McMaster Heating and Air Conditioning""}","{""primary"":""McMaster Heating and Air Conditioning""}",2 McLaren,10 Mclaren Ste C,Irvine,CA,0.9872500778573653,0.77
full_agreement,08f29a54c6cd42000358d225b83fe15b,CosmetiCare,CosmetiCare,"{""primary"":""CosmetiCare""}","{""primary"":""CosmetiCare""}",1101 Bayside Dr,1101 Bayside Dr Ste 100,Corona del Mar,CA,0.9962614185921548,0.77
full_agreement,08f29a5654575c540367207b57fbfd10,Uptown Cheapskate,Uptown Cheapskate,"{""primary"":""Uptown Cheapskate""}","{""primary"":""Uptown Cheapskate""}",20725 Hawthorne Blvd,20725 Hawthorne Blvd,Torrance,CA,0.997898979043525,0.77
full_agreement,08f29a565e01c6e603ea669bac42294f,Floyd's 99 Barbershop,Floyd's 99 Barbershop,"{""primary"":""Floyd's 99 Barbershop""}","{""primary"":""Floyd's 99 Barbershop""}",1570 Rosecrans Ave,1570 Rosecrans Ave,Manhattan Beach,CA,0.9962614185921548,0.77
full_agreement,08f29a5684d1b6e0032b0f9615f725c3,RockItCoin Bitcoin ATM,RockItCoin Bitcoin ATM,"{""primary"":""RockItCoin Bitcoin ATM""}","{""primary"":""RockItCoin Bitcoin ATM""}",11529 Carson St,11529 Carson St,Lakewood,CA,0.9872500778573653,0.77
full_agreement,08f29a56ac78622103af67000f92be63,7-Eleven,7-Eleven,"{""primary"":""7-Eleven""}","{""primary"":""7-Eleven""}",2611 Carson St,2611 Carson St,Lakewood,CA,0.9962614185921548,0.77
full_agreement,08f29b259a872b16036900a7152c4725,Kaibab Veterinary Clinic,Kaibab Veterinary Clinic,"{""primary"":""Kaibab Veterinary Clinic""}","{""primary"":""Kaibab Veterinary Clinic""}",400 E Butler Ave,400 E Butler Ave,Flagstaff,AZ,0.9962614185921548,0.77
full_agreement,08f29b6d5e2f3a6303041bd53474b787,Wetzel's Pretzels,Wetzel's Pretzels,"{""primary"":""Wetzel's Pretzels""}","{""primary"":""Wetzel's Pretzels""}","7700 W Arrowhead Towne Center, Ste 1260","7700 W Arrowhead Towne Ctr., Ste 1150",Glendale,AZ,0.8806389610389611,0.77
full_agreement,08f2a1001299846e0365e336fd67ea1f,The Children's Place,The Children's Place,"{""primary"":""The Children's Place""}","{""primary"":""The Children's Place""}",3451 Jerome Ave,3451 Jerome Ave,New York,NY,0.9962614185921548,0.77
full_agreement,08f2a10088af4caa038f9e6ea55b2119,Oasis Day Camp in Central Park,Oasis Day Camp in Central Park,"{""primary"":""Oasis Day Camp in Central Park""}","{""primary"":""Oasis Day Camp in Central Park""}",795 Columbus Ave,795 Columbus Ave,New York,NY,0.9962614185921548,0.77
full_agreement,08f2a100b5a5b6320342f5db2e31836f,Metropolitan Neurosurgery Associates,Metropolitan Neurosurgery Associates,"{""primary"":""Metropolitan Neurosurgery Associates""}","{""primary"":""Metropolitan Neurosurgery Associates""}",309 Engle St,"309 Engle Street, 726",Englewood,NJ,0.9962614185921548,0.77
full_agreement,08f2a100d65186e903b7773ba5091680,Le Pain Quotidien,Le Pain Quotidien,"{""primary"":""Le Pain Quotidien""}","{""primary"":""Le Pain Quotidien""}",250 W 55th St,250 W 55th St,New York,NY,0.9962614185921548,0.77
full_agreement,08f2a100d8654204037ff5b80140ed5d,Local Locker Storage,Local Locker Storage,"{""primary"":""Local Locker Storage""}","{""primary"":""Local Locker Storage""}",1320 Fulton St,1320 Fulton St.,Brooklyn,NY,0.9918379237288135,0.77
full_agreement,08f2a101ab4a4d6603318d4b9c6dea88,Carlo's Restaurant,Carlo's Restaurant,"{""primary"":""Carlo's Restaurant""}","{""primary"":""Carlo's Restaurant""}",668 Tuckahoe Rd,668 Tuckahoe Rd,Yonkers,NY,0.9962614185921548,0.77
full_agreement,08f2a1054b0d335e032ce31b32ba0cc4,Crowne Plaza Saddle Brook,Crowne Plaza Saddle Brook,"{""primary"":""Crowne Plaza Saddle Brook""}","{""primary"":""Crowne Plaza Saddle Brook""}",50 Kenny Pl,50 Kenny Pl,Saddle Brook,NJ,0.9962614185921548,0.77
full_agreement,08f2a1054d2dd7b003431719d93037ed,REI,REI,"{""primary"":""REI""}","{""primary"":""REI""}",2200 Bergen Town Ctr,2200 Bergen Town Ctr,Paramus,NJ,0.9962614185921548,0.77
full_agreement,08f2a1072d2e49ac039e3d9a8ddf6289,House Bar,House Bar,"{""primary"":""House Bar""}","{""primary"":""House Bar""}",125 Flatbush Ave Ext,125 Flatbush Ave Ext 1st Floor,New York,NY,0.9962614185921548,0.77
full_agreement,08f2a107628d829e03c3bd4a1a01f7a6,LibertyX Bitcoin ATM,LibertyX Bitcoin ATM,"{""primary"":""LibertyX Bitcoin ATM""}","{""primary"":""LibertyX Bitcoin ATM""}",1559 Flatbush Ave,1559 Flatbush Ave,New York,NY,0.9877528662420382,0.77
full_agreement,08f2a10a912559580358a0682614eba3,Town & Country Jeep Chrysler Dodge Ram,Town & Country Jeep Chrysler Dodge Ram,"{""primary"":""Town & Country Jeep Chrysler Dodge Ram""}","{""primary"":""Town & Country Jeep Chrysler Dodge Ram""}",3156 Hempstead Tpke,3156 Hempstead Tpke,Levittown,NY,0.997898979043525,0.77
full_agreement,08f2a10af6490232035733f1aacdac0c,Jamprobe Electric LLC,Jamprobe Electric LLC,"{""primary"":""Jamprobe Electric LLC""}","{""primary"":""Jamprobe Electric LLC""}",288 Garibaldi Ave,288 Garibaldi Ave,,,0.9696941176470588,0.77
full_agreement,08f2a10b0d46bcc603dbea3a608a01bf,BP,BP,"{""primary"":""BP""}","{""primary"":""BP""}",85 Church St,Church St 85,Ronkonkoma,NY,0.835944055944056,0.77
full_agreement,08f2a10b6342896d0393508969ccb385,Carvel Ice Cream,Carvel Ice Cream,"{""primary"":""Carvel Ice Cream""}","{""primary"":""Carvel Ice Cream""}","Patchogue-Medford Library, 54 E Main St",215 E Main St,Patchogue,NY,0.9962614185921548,0.77
full_agreement,08f2a12635a1685e038b106d67f98438,Subway,Subway,"{""primary"":""Subway""}","{""primary"":""Subway""}",7801 Glenlivet Dr W,"7801 Glenlivet West Drive, Suite A",Fogelsville,PA,0.9962614185921548,0.77
full_agreement,08f2a12a4c4c5c6e03e9748bbbba7190,Angele's Liberty Barber Shop & Stylist,Angele's Liberty Barber Shop & Stylist,"{""primary"":""Angele's Liberty Barber Shop & Stylist""}","{""primary"":""Angele's Liberty Barber Shop & Stylist""}",254 S Main St,254 S Main St,Manville,NJ,0.9962614185921548,0.77
full_agreement,08f2a1340ea313910338f0d15a4b7f1f,Walmart Grocery Pick-up and Delivery Service,Walmart Grocery Pick-up and Delivery Service,"{""primary"":""Walmart Grocery Pick-up and Delivery Service""}","{""primary"":""Walmart Grocery Pick-up and Delivery Service""}",2501 Rte 130 S,2501 Rte 130 S,Cinnaminson,NJ,0.77,0.77
full_agreement,08f2a1345c68e8b3038979f9ceb4b9d6,Ricciardi Brothers,Ricciardi Brothers,"{""primary"":""Ricciardi Brothers""}","{""primary"":""Ricciardi Brothers""}",701 W Route 70,701 W Route 70,Marlton,NJ,0.9962614185921548,0.77
full_agreement,08f2a13505571adc03d6ac7c08745d28,"Begley, Carlin & Mandio, LLP","Begley, Carlin & Mandio, LLP","{""primary"":""Begley, Carlin & Mandio, LLP""}","{""primary"":""Begley, Carlin & Mandio, LLP""}",680 Middletown Blvd,680 Middletown Blvd,Langhorne,PA,0.9962614185921548,0.77
full_agreement,08f2a1359ac12db30349d35cbaf59e57,Gerhard Appliance,Gerhard Appliance,"{""primary"":""Gerhard Appliance""}","{""primary"":""Gerhard Appliance""}",270 New Jersey Dr,270 New Jersey Dr,Fort Washington,PA,0.77,0.77
full_agreement,08f2a13823a68cd103e0f44719702a09,Mark's Place & Restaurant,Mark's Place & Restaurant,"{""primary"":""Mark's Place & Restaurant""}","{""primary"":""Mark's Place & Restaurant""}",621 Main St,621 Main St,Asbury Park,NJ,0.9962614185921548,0.77
full_agreement,08f2a139b4ca124503f6fc23770c81f8,Dunkin',Dunkin',"{""primary"":""Dunkin'""}","{""primary"":""Dunkin'""}",80h Bethany Rd,80H Bethany Rd,Hazlet,NJ,0.9962614185921548,0.77
full_agreement,08f2a13d5404dc480319e2da6ea564d2,Life Storage,Life Storage,"{""primary"":""Life Storage""}","{""primary"":""Life Storage""}",268 Gatzmer Ave,268 Gatzmer Ave,Jamesburg,NJ,0.9962614185921548,0.77
full_agreement,08f2a15462cf6b4d0326f85bc01070e3,uBreakiFix,uBreakiFix,"{""primary"":""uBreakiFix""}","{""primary"":""uBreakiFix""}",1826 Old Country Rd,1826 Old Country Rd,Riverhead,NY,0.9962614185921548,0.77
full_agreement,08f2a163561a3a5d03b820bc52d7de83,Rhinebeck Bank,Rhinebeck Bank,"{""primary"":""Rhinebeck Bank""}","{""primary"":""Rhinebeck Bank""}",252 Main St,252 Main Street,Goshen,NY,0.9962614185921548,0.77
full_agreement,08f2a3060028d128031ed1b6d21d2aa9,Hear More Associates,Hear More Associates,"{""primary"":""Hear More Associates""}","{""primary"":""Hear More Associates""}",76 Bedford St,76 Bedford St Ste 18,Lexington,MA,0.9877528662420382,0.77
full_agreement,08f2a306408ceb9e0359e46ac00d27f6,Manna Massage,Manna Massage,"{""primary"":""Manna Massage""}","{""primary"":""Manna Massage""}",320 Washington St,320 Washington Street,Brookline,MA,0.9523423423423424,0.77
full_agreement,08f2a30736372732032e57a5ea61f855,Shawsheen Sunoco Ultra Service Center,Shawsheen Sunoco Ultra Service Center,"{""primary"":""Shawsheen Sunoco Ultra Service Center""}","{""primary"":""Shawsheen Sunoco Ultra Service Center""}",205 N Main St,205 N Main St,Andover,MA,0.9962614185921548,0.77
full_agreement,08f2a30c5954d37503e2262ea4b83745,CVS Pharmacy,CVS Pharmacy,"{""primary"":""CVS Pharmacy""}","{""primary"":""CVS Pharmacy""}",321a Lafayette Rd,321A LAFAYETTE Rd,Hampton,NH,0.9962614185921548,0.77
full_agreement,08f2a336124e17040373939b45bed74c,Illiano's Grill,Illiano's Grill,"{""primary"":""Illiano's Grill""}","{""primary"":""Illiano's Grill""}",257 W Town St,257 W Town St,Yantic,CT,0.9962614185921548,0.77
full_agreement,08f2a3395d45999103be58738ba4f7e0,Cumberland Farms,Cumberland Farms,"{""primary"":""Cumberland Farms""}","{""primary"":""Cumberland Farms""}",143 Bedford St,143 Bedford St,East Bridgewater,MA,0.9962614185921548,0.77
full_agreement,08f2a33d33775c90034d3ed2193d306c,Super Stars Learning Center,Super Stars Learning Center,"{""primary"":""Super Stars Learning Center""}","{""primary"":""Super Stars Learning Center""}",150 Donald J Lynch Blvd,150 Donald Lynch Blvd,Marlborough,MA,0.9962614185921548,0.77
full_agreement,08f2a3408249a11c0397b54731c9a7c6,Aphrodite Salon,Aphrodite Salon,"{""primary"":""Aphrodite Salon""}","{""primary"":""Aphrodite Salon""}",6 City Ctr,6 City Ctr 2nd Fl,Portland,ME,0.9523423423423424,0.77
full_agreement,08f2a346131025a103c49945e98beab6,McDonald's,McDonald's,"{""primary"":""McDonald's""}","{""primary"":""McDonald's""}",2 Post Office Sq,2 Post Office Sq,Kennebunk,ME,0.9523423423423424,0.77
full_agreement,08f2a34c98322865039114f213a2ebe2,Big Apple Store,Big Apple Store,"{""primary"":""Big Apple Store""}","{""primary"":""Big Apple Store""}",386 Maine St,386 Maine St,Poland,ME,0.9962614185921548,0.77
full_agreement,08f2a845462cab2e03f8a9075a562e04,Strother Brothers Auto Care,Strother Brothers Auto Care,"{""primary"":""Strother Brothers Auto Care""}","{""primary"":""Strother Brothers Auto Care""}",6046 Valencia Rd,6046 Valencia Rd,Valencia,PA,0.9962614185921548,0.77
full_agreement,08f2a84624286ae503ebf72dcf1acf6a,Western Union,Western Union,"{""primary"":""Western Union""}","{""primary"":""Western Union""}",716 Clairton Blvd,"720 Clairton Blvd, RTE 51 PLZ",Pittsburgh,PA,0.77,0.77
full_agreement,08f2a86db06a9799039b90a2e079e2d3,U-Haul Neighborhood Dealer,U-Haul Neighborhood Dealer,"{""primary"":""U-Haul Neighborhood Dealer""}","{""primary"":""U-Haul Neighborhood Dealer""}",3046 Myersville Rd,3046 Myersville Rd,Uniontown,OH,0.77,0.77
full_agreement,08f2a8819c40000403d2e25850483978,Taco Bell,Taco Bell,"{""primary"":""Taco Bell""}","{""primary"":""Taco Bell""}",165 Clarion Rd,165 Clarion Road,Altavista,VA,0.9962614185921548,0.77
full_agreement,08f2a8865b604cf0030145b0379d1ca1,Triangle Cycles North,Triangle Cycles North,"{""primary"":""Triangle Cycles North""}","{""primary"":""Triangle Cycles North""}",2104 Riverside Dr,2104 Riverside Dr,Danville,VA,0.997898979043525,0.77
full_agreement,08f2a88c0d4f4769032aafeff1e5e41e,Miracle-Ear Hearing Aid Center,Miracle-Ear Hearing Aid Center,"{""primary"":""Miracle-Ear Hearing Aid Center""}","{""primary"":""Miracle-Ear Hearing Aid Center""}",7400 Timberlake Rd,7400 Timberlake Rd,Lynchburg,VA,0.9962614185921548,0.77
full_agreement,08f2a89672a32681039a389a0b9bbafa,Advance Auto Parts,Advance Auto Parts,"{""primary"":""Advance Auto Parts""}","{""primary"":""Advance Auto Parts""}",10620 Durant Rd,10620 Durant Rd,Raleigh,NC,0.9962614185921548,0.77
full_agreement,08f2a896e54a095203373983639bde18,Subway,Subway,"{""primary"":""Subway""}","{""primary"":""Subway""}",7494 Creedmoor Rd,7494 Creedmor Rd,Raleigh,NC,0.9962614185921548,0.77
full_agreement,08f2a8a8921b32020388eb7ad9744b4f,Residential Mortgage Services (RMS),Residential Mortgage Services (RMS),"{""primary"":""Residential Mortgage Services (RMS)""}","{""primary"":""Residential Mortgage Services (RMS)""}",1470 S Main St Ste 112,1470 S Main St Ste 112,Blacksburg,VA,0.77,0.77
full_agreement,08f2a8ba61b4bd9a037c89dcd6617950,Mission X Escape,Mission X Escape,"{""primary"":""Mission X Escape""}","{""primary"":""Mission X Escape""}",3400 Westgate Dr,3400 Westgate Dr Ste 8,Durham,NC,0.9962614185921548,0.77
full_agreement,08f2a8c10a6a681003edc1e418ee0a32,Charlottesville Voter Registration,Charlottesville Voter Registration,"{""primary"":""Charlottesville Voter Registration""}","{""primary"":""Charlottesville Voter Registration""}",120 7th St NE,120 7th St NE Ste 122,Charlottesville,VA,0.9872500778573653,0.77
full_agreement,08f2a9004a4c8ba203433076acc941f6,Clark's Farm Market,Clark's Farm Market,"{""primary"":""Clark's Farm Market""}","{""primary"":""Clark's Farm Market""}",1445 Eagle City Rd,1445 Eagle City Rd,Springfield,OH,0.9962614185921548,0.77
full_agreement,08f2a9290631c954031301f85d19a34a,First Merchants Bank,First Merchants Bank,"{""primary"":""First Merchants Bank""}","{""primary"":""First Merchants Bank""}",115 W Main St,115 W Main St,Portland,IN,0.9962614185921548,0.77
full_agreement,08f2a930f0835c9d039f113beff6647f,Southern Ohio Chamber Alliance,Southern Ohio Chamber Alliance,"{""primary"":""Southern Ohio Chamber Alliance""}","{""primary"":""Southern Ohio Chamber Alliance""}",1435 Vine St,1435 Vine St 2nd Floor,Cincinnati,OH,0.9828411287205256,0.77
full_agreement,08f2a9396326e44303a5099d3abe75d9,truenorth,truenorth,"{""primary"":""truenorth""}","{""primary"":""truenorth""}",5737 N US Highway 68,5737 N US Highway 68,Wilmington,OH,0.9962614185921548,0.77
full_agreement,08f2a93cecb23ba303831aaa9a16169c,LCNB National Bank,LCNB National Bank,"{""primary"":""LCNB National Bank""}","{""primary"":""LCNB National Bank""}",794 NW Washington Blvd,794 NW Washington Blvd.,Hamilton,OH,0.9962614185921548,0.77
full_agreement,08f2a94cecc829980380eaf9470deb85,Subway,Subway,"{""primary"":""Subway""}","{""primary"":""Subway""}",524 E Wooster St,524 E Wooster St,Bowling Green,OH,0.9962614185921548,0.77
full_agreement,08f2a9544b97016103b7a9c923acc0a6,Char-Mar Ridge Park,Char-Mar Ridge Park,"{""primary"":""Char-Mar Ridge Park""}","{""primary"":""Char-Mar Ridge Park""}",7741 Lewis Center Rd,7741 Lewis Center Rd,Westerville,OH,0.9962614185921548,0.77
full_agreement,08f2a957a366d3a003dfb3be34505720,Hampton Inn & Suites Columbus Polaris,Hampton Inn & Suites Columbus Polaris,"{""primary"":""Hampton Inn & Suites Columbus Polaris""}","{""primary"":""Hampton Inn & Suites Columbus Polaris""}",8411 Pulsar Pl,8411 Pulsar Place,Columbus,OH,0.9962614185921548,0.77
full_agreement,08f2a9872c50396203af1c0b0e7c8f17,Family Dollar,Family Dollar,"{""primary"":""Family Dollar""}","{""primary"":""Family Dollar""}",7001 Ky Route 550,6923 Ky Route 550,Lackey,KY,0.9962614185921548,0.77
full_agreement,08f2a9bdae7203640389b410547c2205,Advance Auto Parts,Advance Auto Parts,"{""primary"":""Advance Auto Parts""}","{""primary"":""Advance Auto Parts""}",21303 Highway 421,21303 Highway 421,Hyden,KY,0.9962614185921548,0.77
full_agreement,08f2a9c7a3872d4b03ac5ab452cbe565,Redbox,Redbox,"{""primary"":""Redbox""}","{""primary"":""Redbox""}",Us 60 & 4th St,Us 60 & 4th St,Ceredo,WV,0.77,0.77
full_agreement,08f2a9ed256210710308baf728ff2b94,Family Dollar,Family Dollar,"{""primary"":""Family Dollar""}","{""primary"":""Family Dollar""}",17330 State Route 247,17330 State Route 247,Seaman,OH,0.9962614185921548,0.77
full_agreement,08f2aa1cec78b6550365baa57c038ef2,First National Bank,First National Bank,"{""primary"":""First National Bank""}","{""primary"":""First National Bank""}",111 Ziegler Rd,111 Ziegler Rd,Lewisburg,PA,0.77,0.77
full_agreement,08f2aa419d72b04103961e80be2a5836,Walgreens,Walgreens,"{""primary"":""Walgreens""}","{""primary"":""Walgreens""}",226 Liberty St,226 Liberty St,Penn Yan,NY,0.9962614185921548,0.77
full_agreement,08f2aa4d98923b4503b1be6672e9cf20,Dunkin',Dunkin',"{""primary"":""Dunkin'""}","{""primary"":""Dunkin'""}",544 E Main St,544 E Main St,Palmyra,NY,0.9962614185921548,0.77
full_agreement,08f2aa6524b204d80374531f4a5f9685,Sprint Store,Sprint Store,"{""primary"":""Sprint Store""}","{""primary"":""Sprint Store""}",3701 Mckinley Pkwy Ste 1066,3701 Mckinley Pkwy,Blasdell,NY,0.77,0.77
full_agreement,08f2aa84e009050403f20504c1c32b68,First National Bank,First National Bank,"{""primary"":""First National Bank""}","{""primary"":""First National Bank""}",5229 River Rd,5229 River Rd,Bethesda,MD,0.77,0.77
full_agreement,08f2aa84e446146103061e3cce927c6a,JRbrows and Skin studio,JRbrows and Skin studio,"{""primary"":""JRbrows and Skin studio""}","{""primary"":""JRbrows and Skin studio""}",4641 Montgomery Ave,4641 Montgomery Ave Ste 20,Bethesda,MD,0.9858576051779935,0.77
full_agreement,08f2aa87330ca7a903957473b2acce21,Papa John's Pizza,Papa John's Pizza,"{""primary"":""Papa John's Pizza""}","{""primary"":""Papa John's Pizza""}",7801 Parston Dr,7801-B Parston Dr,District Heights,MD,0.9962614185921548,0.77
full_agreement,08f2aa8c2116153403b1841673cd148d,DaVita Loch Raven Dialysis,DaVita Loch Raven Dialysis,"{""primary"":""DaVita Loch Raven Dialysis""}","{""primary"":""DaVita Loch Raven Dialysis""}",5315 York Rd,5315 York Rd,Baltimore,MD,0.77,0.77
full_agreement,08f2aab52140802c0395a9524fcac41d,Liberty Tax,Liberty Tax,"{""primary"":""Liberty Tax""}","{""primary"":""Liberty Tax""}",3801 Plank Rd,3801 Plank Rd Ste B,Fredericksburg,VA,0.9962614185921548,0.77
full_agreement,08f2aab6ceb751890376e2d3a378384f,RVA Pizza,RVA Pizza,"{""primary"":""RVA Pizza""}","{""primary"":""RVA Pizza""}",9742 Gayton Rd,9742 Gayton Rd,Henrico,VA,0.9962614185921548,0.77
full_agreement,08f2aac8459ac21e03705a1502527e2d,Old Navy,Old Navy,"{""primary"":""Old Navy""}","{""primary"":""Old Navy""}",550 E Lancaster Ave,"550 E Lancaster Ave, Suite/Bldg A2",Radnor Twp,PA,0.9962614185921548,0.77
full_agreement,08f2aae32cd6e9ab0313673d87e2309c,"JH Engineering, LLC","JH Engineering, LLC","{""primary"":""JH Engineering, LLC""}","{""primary"":""JH Engineering, LLC""}",44 Glen Oak Ct,44 Glen Oak Ct,Westminster,MD,0.77,0.77
full_agreement,08f2ab2c4b89449a03e88d9391424fd1,Certa Opportune Inc.,Certa Opportune Inc.,"{""primary"":""Certa Opportune Inc.""}","{""primary"":""Certa Opportune Inc.""}",2556 Central Ave Unit B,"2556 Central Avenue, Unit B",,,0.9696941176470588,0.77
full_agreement,08f2ab2d2c6d119603b5fa4d75021a0a,Boston's Restaurant & Sports Bar,Boston's Restaurant & Sports Bar,"{""primary"":""Boston's Restaurant & Sports Bar""}","{""primary"":""Boston's Restaurant & Sports Bar""}",15133 Hall Rd,15133 Hall Rd,Shelby Twp,MI,0.997898979043525,0.77
full_agreement,08f2ab315180ab0e03d4e77b28c4d097,Shinto Japanese Steakhouse & Sushi Bar,Shinto Japanese Steakhouse & Sushi Bar,"{""primary"":""Shinto Japanese Steakhouse & Sushi Bar""}","{""primary"":""Shinto Japanese Steakhouse & Sushi Bar""}",17070 Pearl Rd,17070 Pearl Rd,Strongsville,OH,0.997898979043525,0.77
full_agreement,08f2ab66e31767a003eb6104f50a0ad0,Strawberry Fields Restaurant,Strawberry Fields Restaurant,"{""primary"":""Strawberry Fields Restaurant""}","{""primary"":""Strawberry Fields Restaurant""}",51070 S Foster Rd,51070 S Foster Rd,New Baltimore,MI,0.9962614185921548,0.77
full_agreement,08f2ad34495a3453030061ea2bb1add4,Prime Storage,Prime Storage,"{""primary"":""Prime Storage""}","{""primary"":""Prime Storage""}",610 Highway 17 N,610 US-17 BUS Business,Surfside Beach,SC,0.77,0.77
full_agreement,08f2ad682055ca30031a560f16b833f7,BP,BP,"{""primary"":""BP""}","{""primary"":""BP""}",11294 Us 70 Business Hwy W,11928 Us Hwy 70 W,Clayton,NC,0.77,0.77
full_agreement,08f2ad6d630edb8603e384186f8f39e4,Elements Massage,Elements Massage,"{""primary"":""Elements Massage""}","{""primary"":""Elements Massage""}",2072 Kildaire Farm Rd,2072 Kildaire Farm Road,Cary,NC,0.9802857142857143,0.77
full_agreement,08f2af02a326225a03148349955d3df1,Publix Super Market at First Flight Square,Publix Super Market at First Flight Square,"{""primary"":""Publix Super Market at First Flight Square""}","{""primary"":""Publix Super Market at First Flight Square""}",1530 N Croatan Hwy,1530 N Croatan Hwy,Kill Devil Hills,NC,0.9962614185921548,0.77
full_agreement,08f2af0cb2296b2b03be615926b180e4,Liberty Tax Service,Liberty Tax Service,"{""primary"":""Liberty Tax Service""}","{""primary"":""Liberty Tax Service""}",1716 Corporate Landing Pkwy,"500 Grapevine Hwy., Ste 402",Virginia Beach,VA,0.77,0.77
full_agreement,08f2af60c44941950327df46b0384e4b,TowneBank Mortgage,TowneBank Mortgage,"{""primary"":""TowneBank Mortgage""}","{""primary"":""TowneBank Mortgage""}",1 Old Oyster Point Rd,1 Old Oyster Point Rd Ste 240,Newport News,VA,0.9962614185921548,0.77
full_agreement,08f2af634e769b080308c0dc69fae58f,Cracker Barrel Old Country Store,Cracker Barrel Old Country Store,"{""primary"":""Cracker Barrel Old Country Store""}","{""primary"":""Cracker Barrel Old Country Store""}",757 Lynnhaven Pkwy,"757 Lynnhaven Pkwy., Lynnhaven Pkwy & International Pkwy",Virginia Beach,VA,0.9962614185921548,0.77
full_agreement,08f2b0078bb7695303dc9d801abe3d1e,Pizza Delight Dieppe,Pizza Delight Dieppe,"{""primary"":""Pizza Delight Dieppe""}","{""primary"":""Pizza Delight Dieppe""}",5070 Principale-Est Ave,"5070 Principale Est Avenue, Unit 12",Dieppe,NB,0.9895134099616858,0.77
full_agreement,08f2b012c990541103acb6bd371d670d,Yuille Auto Works,Yuille Auto Works,"{""primary"":""Yuille Auto Works""}","{""primary"":""Yuille Auto Works""}",311 Prince Albert Rd,311 Prince Albert Road,Halifax,NS,0.997898979043525,0.77
full_agreement,08f2b1a2e66f516303b15b2c89fd7eb5,Golden Nozzle Car Wash,Golden Nozzle Car Wash,"{""primary"":""Golden Nozzle Car Wash""}","{""primary"":""Golden Nozzle Car Wash""}",160 New County Rd,160 New County Rd,Thomaston,ME,0.9962614185921548,0.77
full_agreement,08f2b1a71245004b03fb190dd84b30f8,Vassalboro Car Care,Vassalboro Car Care,"{""primary"":""Vassalboro Car Care""}","{""primary"":""Vassalboro Car Care""}",719 Main St,719 Main St,Vassalboro,ME,0.77,0.77
full_agreement,08f2b812f5c1468c039fede714dbcf8b,Cornwall Storage Box,Cornwall Storage Box,"{""primary"":""Cornwall Storage Box""}","{""primary"":""Cornwall Storage Box""}",127 Augustus St,127 Augustus Street,Cornwall,ON,0.9895134099616858,0.77
full_agreement,08f2b8948382984b0357aa768f759221,Stewart's Shops,Stewart's Shops,"{""primary"":""Stewart's Shops""}","{""primary"":""Stewart's Shops""}",526 Highway Route 20,526 Highway Rte 20,Sharon Springs,NY,0.9962614185921548,0.77
full_agreement,08f2b8c822168ad10329f177952bbbf4,Poirier's True Value,Poirier's True Value,"{""primary"":""Poirier's True Value""}","{""primary"":""Poirier's True Value""}",9592 State Route 9,9592 State Route 9,Chazy,NY,0.77,0.77
full_agreement,08f2b9920635d84a03e9fe2ad85dd221,Bowlers World,Bowlers World,"{""primary"":""Bowlers World""}","{""primary"":""Bowlers World""}",1000 Hylan Dr,1000 Hylan Dr Ste C1,Henrietta,NY,0.9962614185921548,0.77
full_agreement,08f2b993019165420338c973fb83c826,South Beach Tanning Company,South Beach Tanning Company,"{""primary"":""South Beach Tanning Company""}","{""primary"":""South Beach Tanning Company""}",2186 Empire Blvd,2186 Empire Blvd,Webster,NY,0.9962614185921548,0.77
full_agreement,08f2b99319ba884303b7c209761f4881,China Garden Kitchen,China Garden Kitchen,"{""primary"":""China Garden Kitchen""}","{""primary"":""China Garden Kitchen""}",268 Winton Rd N,268 N Winton Rd,Rochester,NY,0.9962614185921548,0.77
full_agreement,08f2b996b5294c400380ad26d3d237e5,UMMC Womens Care Center,UMMC Womens Care Center,"{""primary"":""UMMC Womens Care Center""}","{""primary"":""UMMC Womens Care Center""}",11225 Maple Ridge Rd,11225 Maple Ridge Rd,Medina,NY,0.77,0.77
full_agreement,08f2b9b31c09b0a303141b8c38ce6e33,Canadas Best Value Inn Niagara Falls,Canadas Best Value Inn Niagara Falls,"{""primary"":""Canadas Best Value Inn Niagara Falls""}","{""primary"":""Canadas Best Value Inn Niagara Falls""}",7034 Lundy's Ln,7034 Lundy's Ln,Niagara Falls,ON,0.8806389610389611,0.77
full_agreement,08f2b9b36479862e0351baadfa912c6b,Franco's Pizza,Franco's Pizza,"{""primary"":""Franco's Pizza""}","{""primary"":""Franco's Pizza""}",817 Payne Ave,817 Payne Ave,North Tonawanda,NY,0.9962614185921548,0.77
full_agreement,08f2b9bc02d4692d03ad27a5dff5f47f,Comairco,Comairco,"{""primary"":""Comairco""}","{""primary"":""Comairco""}",110 Norfinch Dr,"110 Norfinch Drive, Unit 10",Toronto,ON,0.9872500778573653,0.77
full_agreement,08f2b9bc2ad9c8a503865f53d38bd727,Digital Marketing Reputation Agency,Digital Marketing Reputation Agency,"{""primary"":""Digital Marketing Reputation Agency""}","{""primary"":""Digital Marketing Reputation Agency""}",477 Wilson Heights Blvd,477 Wilson Heights Blvd,Toronto,ON,0.9803712632594022,0.77
full_agreement,08f2b9bc466424e403ff1e1ca190b31f,Toronto MatchMaker | MatchMaking Services | Mutual Match,Toronto MatchMaker | MatchMaking Services | Mutual Match,"{""primary"":""Toronto MatchMaker | MatchMaking Services | Mutual Match""}","{""primary"":""Toronto MatchMaker | MatchMaking Services | Mutual Match""}",401 Queens Quay Suite 605,401 Queens Quay Suite 605,Toronto,ON,0.77,0.77
full_agreement,08f2b9bc54d8439903ae93a7071ef1ca,241 Pizza,241 Pizza,"{""primary"":""241 Pizza""}","{""primary"":""241 Pizza""}",1383 Davenport Rd,1383 Davenport Road,Toronto,ON,0.9918379237288135,0.77
full_agreement,08f2b9d752c54da5033d44afbbf11093,Infinite Martial Arts & Fitness,Infinite Martial Arts & Fitness,"{""primary"":""Infinite Martial Arts & Fitness""}","{""primary"":""Infinite Martial Arts & Fitness""}",315 Bell Blvd,315 Bell Blvd,Belleville,ON,0.9962614185921548,0.77
full_agreement,08f2baa449036a0a03401274610ccf4b,Pharmaprix,Pharmaprix,"{""primary"":""Pharmaprix""}","{""primary"":""Pharmaprix""}",5987 Rue de Verdun,5987 Avenue De Verdun,Montréal,QC,0.9918379237288135,0.77
full_agreement,08f2bac56ac36a63033821729e93f73e,Restaurant Normandin St-Anselme,Restaurant Normandin St-Anselme,"{""primary"":""Restaurant Normandin St-Anselme""}","{""primary"":""Restaurant Normandin St-Anselme""}",679 Route Bégin,679 Route Bégin,St-Anselme,QC,0.9918379237288135,0.77
full_agreement,08f2e610552c258d030ff9e70f06fa32,カメラのナニワ 心斎橋プリント工房,カメラのナニワ 心斎橋プリント工房,"{""primary"":""カメラのナニワ 心斎橋プリント工房""}","{""primary"":""カメラのナニワ 心斎橋プリント工房""}","大阪市中央区, 心斎橋筋1丁目3-12 2号館1階","大阪市中央区, 心斎橋筋1丁目3-12 2号館1階",,大阪府,0.77,0.77
full_agreement,08f344cd2aca0481032c090f1adc9a67,Publexcan,Publexcan,"{""primary"":""Publexcan""}","{""primary"":""Publexcan""}","Calle Girasol, 13",Calle Girasol 15,Santa Cruz de Tenerife,CN,0.9877528662420382,0.77
full_agreement,08f346b4c0ba9a09031e787eead63fa7,Clínica Veterinaria Los Galgos,Clínica Veterinaria Los Galgos,"{""primary"":""Clínica Veterinaria Los Galgos""}","{""primary"":""Clínica Veterinaria Los Galgos""}","Calle Sor Simona, 57",Calle Sor Simona 57,Las Palmas de Gran Canaria,,0.9962614185921548,0.77
full_agreement,08f390cb1b0299600315ab63c5069be6,Rituals,Rituals,"{""primary"":""Rituals""}","{""primary"":""Rituals""}","Calle de Fuencarral, 22",Calle de Fuencarral 22,Madrid,,0.9918379237288135,0.77
full_agreement,08f390cb1b4015a203636d915a9d5abe,Restaurante Casa Paco,Restaurante Casa Paco,"{""primary"":""Restaurante Casa Paco""}","{""primary"":""Restaurante Casa Paco""}","Plaza de Puerta Cerrada, 11","Plaza de Prta. Cerrada, 11, Bajo",Madrid,,0.9962614185921548,0.77
full_agreement,08f39220f1cd61b6030e5182e10990e2,Casual Raizes Porto,Casual Raizes Porto,"{""primary"":""Casual Raizes Porto""}","{""primary"":""Casual Raizes Porto""}",Rua de Santa Catarina 615,"Rua de Santa Catarina, 615",Porto,,0.9962614185921548,0.77
full_agreement,08f392a846b9ead903aeffd974246bd5,El Carmen Tanatorio Crematorio,El Carmen Tanatorio Crematorio,"{""primary"":""El Carmen Tanatorio Crematorio""}","{""primary"":""El Carmen Tanatorio Crematorio""}","Calle Labradores, 4","Calle de Labradores, 4, LOCAL",Medina del Campo,,0.9877528662420382,0.77
full_agreement,08f392ada2d63b50039e5e6688c12a4e,Instituto Del Comportamiento,Instituto Del Comportamiento,"{""primary"":""Instituto Del Comportamiento""}","{""primary"":""Instituto Del Comportamiento""}","Calle San Vicente Ferrer, 7","Calle San Vicente Ferrer, 7, 1º PUERTA 1",Salamanca,,0.9877528662420382,0.77
full_agreement,08f392c926cf25110338549a6c0f5b05,Alcampo Supermercado,Alcampo Supermercado,"{""primary"":""Alcampo Supermercado""}","{""primary"":""Alcampo Supermercado""}","Calle Gil de Jaz, 9",Plaza de América nº 2,Oviedo,,0.9962614185921548,0.77
full_agreement,08f392d880d830180310e07d614710a5,Albergue y Parque de Ocio Cabuerniaventura,Albergue y Parque de Ocio Cabuerniaventura,"{""primary"":""Albergue y Parque de Ocio Cabuerniaventura""}","{""primary"":""Albergue y Parque de Ocio Cabuerniaventura""}","Barrio Lamiña, 34","Carretera de Barcenillas a, Barrio Lamiña",Ruente,,0.9962614185921548,0.77
full_agreement,08f392ea0d4ea8da03cde6ad03c0fe74,Lupa Supermercados,Lupa Supermercados,"{""primary"":""Lupa Supermercados""}","{""primary"":""Lupa Supermercados""}","Avda. Obispo Panduro y Villafañe, 39","Avda. Obispo Panduro y Villafañe, 39",Valderas,León,0.77,0.77
full_agreement,08f3950d1d5a6bae03a09c30bbb17406,BP,BP,"{""primary"":""BP""}","{""primary"":""BP""}",Avenida de Oliva,"Avenida de Oliva S/n, Pego",Alicante,,0.9872500778573653,0.77
full_agreement,08f395639b45db4d037334ee65a252c9,Hotel Eurostars Mediterranea Plaza,Hotel Eurostars Mediterranea Plaza,"{""primary"":""Hotel Eurostars Mediterranea Plaza""}","{""primary"":""Hotel Eurostars Mediterranea Plaza""}","Plaça de l'Ajuntament, 6","Plaza del Ayuntamiento, 6",Alacant,,0.9962614185921548,0.77
full_agreement,08f42c28e6d9658c03ffd85b2292fe54,Dr. Asmit Mansukhlal Kanasagara- General Practitioner,Dr. Asmit Mansukhlal Kanasagara- General Practitioner,"{""primary"":""Dr. Asmit Mansukhlal Kanasagara- General Practitioner""}","{""primary"":""Dr. Asmit Mansukhlal Kanasagara- General Practitioner""}","Navjeevan Clinic, Vrundawan Nagar","Navjeevan Clinic, Vrundawan Nagar",Jamjodhpur,Gujarat,0.77,0.77
full_agreement,08f42d9d6e29845403d6b6ed118b2c53,RichFeel Trichology Center,RichFeel Trichology Center,"{""primary"":""RichFeel Trichology Center""}","{""primary"":""RichFeel Trichology Center""}","Shop No. U-1/2, Ascon City Building, Opp. Maheshwari Bhavan, City Light Road","Shop No. U 1, Ascon City Building, 2, City Light Road",,,0.9895134099616858,0.77
full_agreement,08f44137216d105403e8dcb957543e94,Norman Love Confections,Norman Love Confections,"{""primary"":""Norman Love Confections""}","{""primary"":""Norman Love Confections""}",11380 Lindbergh Blvd,11380 Lindbergh Blvd,Fort Myers,FL,0.997898979043525,0.77
full_agreement,08f4413c5b45680503c7a24935699dee,BB Locksmith,BB Locksmith,"{""primary"":""BB Locksmith""}","{""primary"":""BB Locksmith""}",3956 Tamiami Trl N,3956 Tamiami Trl N,Naples,FL,0.997898979043525,0.77
full_agreement,08f441a8318ad6f00367d8b78a6d5f98,BP,BP,"{""primary"":""BP""}","{""primary"":""BP""}",4125 16th St N,4125 16th Street North,St Petersburg,FL,0.9523423423423424,0.77
full_agreement,08f441a85563288d036586a4365fde15,Advanced Senior Solutions,Advanced Senior Solutions,"{""primary"":""Advanced Senior Solutions""}","{""primary"":""Advanced Senior Solutions""}",600 Bypass Dr,600 Bypass Dr Ste. 118,Clearwater,FL,0.9918379237288135,0.77
full_agreement,08f441a8d0b0cc0d034bf48c64a6f1f2,Jackson Hewitt Tax Service,Jackson Hewitt Tax Service,"{""primary"":""Jackson Hewitt Tax Service""}","{""primary"":""Jackson Hewitt Tax Service""}",8019 W Hillsborough Ave,8019 W Hillsborough Ave,Tampa,FL,0.77,0.77
full_agreement,08f441ab99d1e40903520592b478eaee,Delicae Gourmet,Delicae Gourmet,"{""primary"":""Delicae Gourmet""}","{""primary"":""Delicae Gourmet""}",1310 E Lake Dr,1310 E Lake Dr,Tarpon Springs,FL,0.9895134099616858,0.77
full_agreement,08f441ac6c684a2b03149e412abd3737,Alto Construction,Alto Construction,"{""primary"":""Alto Construction""}","{""primary"":""Alto Construction""}",4102 Causeway Blvd,4102 Causeway Blvd,Tampa,FL,0.9918379237288135,0.77
full_agreement,08f441e430da53ac03a387b92a35000d,Florida State Inspectors,Florida State Inspectors,"{""primary"":""Florida State Inspectors""}","{""primary"":""Florida State Inspectors""}",5011 Grobe St,5011 Grobe St,,,0.9763829787234043,0.77
full_agreement,08f4440c1249b85c03b5b634418623f6,"Carl Sidney Luikart, MD","Carl Sidney Luikart, MD","{""primary"":""Carl Sidney Luikart, MD""}","{""primary"":""Carl Sidney Luikart, MD""}",7777 Hennessy Blvd Ste 1000,7777 Hennessy Blvd Ste 1000,Baton Rouge,LA,0.77,0.77
full_agreement,08f4440ca382a59803895546c2d4bd4f,Rejuvime Medical,Rejuvime Medical,"{""primary"":""Rejuvime Medical""}","{""primary"":""Rejuvime Medical""}",4313 Bluebonnet Blvd,4313 Bluebonnet Blvd Ste B,Baton Rouge,LA,0.9802857142857143,0.77
full_agreement,08f444368874d68d03dc2aee6a283b4e,Super 8 by Wyndham Vicksburg,Super 8 by Wyndham Vicksburg,"{""primary"":""Super 8 by Wyndham Vicksburg""}","{""primary"":""Super 8 by Wyndham Vicksburg""}",4127 I-20 Frontage Rd,4127 Interstate 20 Frontage Rd,Vicksburg,MS,0.9962614185921548,0.77
full_agreement,08f44436a92919ae03192e5f0a743fa3,Days Inn & Suites by Wyndham Vicksburg,Days Inn & Suites by Wyndham Vicksburg,"{""primary"":""Days Inn & Suites by Wyndham Vicksburg""}","{""primary"":""Days Inn & Suites by Wyndham Vicksburg""}",90 Warrenton Rd,90 Warrenton Rd,Vicksburg,MS,0.77,0.77
full_agreement,08f44462468547ad035c5351c475defc,GameStop,GameStop,"{""primary"":""GameStop""}","{""primary"":""GameStop""}",28050 Walker Rd S,"28050 Walker Road S, Suite M",Walker,LA,0.9962614185921548,0.77
full_agreement,08f444642579a5720341f6cc7a5371f4,Holiday Inn Express New Orleans Dwtn - Fr Qtr Area,Holiday Inn Express New Orleans Dwtn - Fr Qtr Area,"{""primary"":""Holiday Inn Express New Orleans Dwtn - Fr Qtr Area""}","{""primary"":""Holiday Inn Express New Orleans Dwtn - Fr Qtr Area""}",334 O'Keefe Ave,334 Okeefe Ave,New Orleans,LA,0.9962614185921548,0.77
full_agreement,08f444650b028235031a78e9f7c0be8b,UPS Access Point location,UPS Access Point location,"{""primary"":""UPS Access Point location""}","{""primary"":""UPS Access Point location""}",1116 Louisiana Ave,1116 Louisiana Ave,New Orleans,LA,0.77,0.77
full_agreement,08f444e0a313029803604a29971f1a01,The Clinic at Gardens of Somerset,The Clinic at Gardens of Somerset,"{""primary"":""The Clinic at Gardens of Somerset""}","{""primary"":""The Clinic at Gardens of Somerset""}",336 Lonewa Rd,336 Lonewa Rd,Monroe,LA,0.77,0.77
full_agreement,08f445000040c7690331215c512885a3,U-Haul Moving & Storage of Bel Air,U-Haul Moving & Storage of Bel Air,"{""primary"":""U-Haul Moving & Storage of Bel Air""}","{""primary"":""U-Haul Moving & Storage of Bel Air""}",200 W I65 Service Rd S,200 W i65 Service Rd S,Mobile,AL,0.77,0.77
full_agreement,08f4450031226a49035b3d52268cd10c,SouthernCarlson,SouthernCarlson,"{""primary"":""SouthernCarlson""}","{""primary"":""SouthernCarlson""}",3747 Government Blvd Ste B4,3747 Government Blvd Ste B4,Mobile,AL,0.77,0.77
full_agreement,08f445205c9a4b190323ff314ae6d024,Herrington's The Florist,Herrington's The Florist,"{""primary"":""Herrington's The Florist""}","{""primary"":""Herrington's The Florist""}",719 Douglas Ave,719 Douglas Ave,Brewton,AL,0.9962614185921548,0.77
full_agreement,08f445b4c5a5062e033922d5bb8e7dbb,Subway,Subway,"{""primary"":""Subway""}","{""primary"":""Subway""}",211 State Highway 30 W,211 B Hwy 30 W,New Albany,MS,0.9962614185921548,0.77
full_agreement,08f446b259454ad503533f12dc4d0f9c,Love's RV Hookup,Love's RV Hookup,"{""primary"":""Love's RV Hookup""}","{""primary"":""Love's RV Hookup""}",12577 CR 3101,12577 County Road 3101,Winona,TX,0.77,0.77
full_agreement,08f446b8930a36ee03d41084b648e15f,University Rental,University Rental,"{""primary"":""University Rental""}","{""primary"":""University Rental""}",510 E Main St,510 E Main St,Nacogdoches,TX,0.9895134099616858,0.77
full_agreement,08f446c24248389c03f8f8dbd8576f9f,Viking Sewing Gallery,Viking Sewing Gallery,"{""primary"":""Viking Sewing Gallery""}","{""primary"":""Viking Sewing Gallery""}",25415 Interstate 45,"25415 Interstate 45, Ste D",Spring,TX,0.9962614185921548,0.77
full_agreement,08f446c30484b371035d9d145865aa89,Taco Bell,Taco Bell,"{""primary"":""Taco Bell""}","{""primary"":""Taco Bell""}",10 E Crosstimbers St,10 E Crosstimbers St.,Houston,TX,0.9962614185921548,0.77
full_agreement,08f446ca54655c2d038f996fc1d051a3,Cricket Wireless Authorized Retailer,Cricket Wireless Authorized Retailer,"{""primary"":""Cricket Wireless Authorized Retailer""}","{""primary"":""Cricket Wireless Authorized Retailer""}",2808 Highway 6 S,2808 Highway 6 S,Houston,TX,0.9877528662420382,0.77
full_agreement,08f446ca8ebab52803cf5796bbf96a11,Houston Methodist Emergency Care Center at Kirby,Houston Methodist Emergency Care Center at Kirby,"{""primary"":""Houston Methodist Emergency Care Center at Kirby""}","{""primary"":""Houston Methodist Emergency Care Center at Kirby""}",2615 Southwest Fwy,"2615 SW Frwy, Ste 140",Houston,TX,0.9962614185921548,0.77
full_agreement,08f446cad8a910f203fe01900db1c70a,Visionworks,Visionworks,"{""primary"":""Visionworks""}","{""primary"":""Visionworks""}",13774 Northwest Fwy,13774 Northwest Fwy,Houston,TX,0.9962614185921548,0.77
full_agreement,08f446cae16eb91003201a61f0fc681d,Bacaro Kitchen & Wine Bar,Bacaro Kitchen & Wine Bar,"{""primary"":""Bacaro Kitchen & Wine Bar""}","{""primary"":""Bacaro Kitchen & Wine Bar""}",14021 Memorial Dr,14021 Memorial Dr,Houston,TX,0.9962614185921548,0.77
full_agreement,08f446cb1a34cd33033484314477e3a1,Houston Methodist Emergency Care Center in Sienna Plantation,Houston Methodist Emergency Care Center in Sienna Plantation,"{""primary"":""Houston Methodist Emergency Care Center in Sienna Plantation""}","{""primary"":""Houston Methodist Emergency Care Center in Sienna Plantation""}",8200 Highway 6,8200 Highway 6,Missouri City,TX,0.9962614185921548,0.77
full_agreement,08f446cb626c2d00031ae6ee7a950c05,Houston Methodist Primary Care Group,Houston Methodist Primary Care Group,"{""primary"":""Houston Methodist Primary Care Group""}","{""primary"":""Houston Methodist Primary Care Group""}",4050 FM 762 Rd,4050 FM 762 Rd,Rosenberg,TX,0.77,0.77
full_agreement,08f44a102dd90792034b72e58fb5a851,SuperGreen Solutions North Miami,SuperGreen Solutions North Miami,"{""primary"":""SuperGreen Solutions North Miami""}","{""primary"":""SuperGreen Solutions North Miami""}",1350 NE 125 St Ste 201FC,1350 NE 125th St Ste 201FC,North Miami,FL,0.77,0.77
full_agreement,08f44a1204c4baf203dba4b5cb875298,Domino's Pizza,Domino's Pizza,"{""primary"":""Domino's Pizza""}","{""primary"":""Domino's Pizza""}",11339 W Atlantic Blvd,11339 W Atlantic Blvd,Coral Springs,FL,0.9962614185921548,0.77
full_agreement,08f44a18511700c5039a1e230fdc197c,Smoothie King,Smoothie King,"{""primary"":""Smoothie King""}","{""primary"":""Smoothie King""}",12520 SW 88th St,12520 SW 88th St,Miami,FL,0.9962614185921548,0.77
full_agreement,08f44a818db4e42103db582a467bd62d,ProSource of Vero Beach,ProSource of Vero Beach,"{""primary"":""ProSource of Vero Beach""}","{""primary"":""ProSource of Vero Beach""}",1605 90th Ave,1605 90th Ave,Vero Beach,FL,0.997898979043525,0.77
full_agreement,08f44a90887a4416031ae6f73c3a437c,FedEx Office Print & Ship Center,FedEx Office Print & Ship Center,"{""primary"":""FedEx Office Print & Ship Center""}","{""primary"":""FedEx Office Print & Ship Center""}",1100 N Alafaya Trl,899 N Alafaya Trl,Orlando,FL,0.9523423423423424,0.77
full_agreement,08f44a90ed8301b103f0e4bd500a5e5f,TeamLogic IT,TeamLogic IT,"{""primary"":""TeamLogic IT""}","{""primary"":""TeamLogic IT""}",611 N Wymore Rd,611 N Wymore Rd Ste 221,Winter Park,FL,0.9872500778573653,0.77
full_agreement,08f44abb7594926303625ed86db05aad,Florida Coast Equipment,Florida Coast Equipment,"{""primary"":""Florida Coast Equipment""}","{""primary"":""Florida Coast Equipment""}",3030 Cuyler St,3030 Cuyler St,Mims,FL,0.9962614185921548,0.77
full_agreement,08f44aca6195e07503eba5a3f2c7483f,Save A Lot,Save A Lot,"{""primary"":""Save A Lot""}","{""primary"":""Save A Lot""}",71 S Lee St,71 S Lee St,Labelle,FL,0.9962614185921548,0.77
full_agreement,08f44ad252d00371039400e24b6d840a,Saunders Law Group,Saunders Law Group,"{""primary"":""Saunders Law Group""}","{""primary"":""Saunders Law Group""}",480 S Broadway Ave,480 S Broadway Ave,Bartow,FL,0.9918379237288135,0.77
full_agreement,08f44aeaf2b02cec03fd06b92c412a87,Always Best Care Senior Services,Always Best Care Senior Services,"{""primary"":""Always Best Care Senior Services""}","{""primary"":""Always Best Care Senior Services""}",9002 SE Bridge Rd,9002 SE Bridge Rd Ste 5,Hobe Sound,FL,0.9918379237288135,0.77
full_agreement,08f44aeb866480e903682149449f77ac,Kendra Scott,Kendra Scott,"{""primary"":""Kendra Scott""}","{""primary"":""Kendra Scott""}",3101 PGA Blvd,"Gardens Mall, G-119 Pga Boulevard 3101",Palm Beach Gardens,FL,0.9962614185921548,0.77
full_agreement,08f44c021830026803d17bc7c5fb545d,Campbell Veterinary Hospital,Campbell Veterinary Hospital,"{""primary"":""Campbell Veterinary Hospital""}","{""primary"":""Campbell Veterinary Hospital""}",106 Walmart Dr,102 Walmart Dr,Eatonton,GA,0.9962614185921548,0.77
full_agreement,08f44c12058099550328ef145a684512,Nutrishop Roswell,Nutrishop Roswell,"{""primary"":""Nutrishop Roswell""}","{""primary"":""Nutrishop Roswell""}",1475 Holcomb Bridge Rd,1475 Holcomb Bridge Rd Ste 183,Roswell,GA,0.9962614185921548,0.77
full_agreement,08f44c1219aec130039cd6f8a71b69b4,D1 Training Milton,D1 Training Milton,"{""primary"":""D1 Training Milton""}","{""primary"":""D1 Training Milton""}",12850 Highway 9 N,12850 Highway 9 N Ste 1800,Alpharetta,GA,0.997898979043525,0.77
full_agreement,08f44c122e7b5514035ad2530568b3f1,Shell,Shell,"{""primary"":""Shell""}","{""primary"":""Shell""}",1100 Holcomb Bridge Rd,1100 Holcomb Bridge Rd,Roswell,GA,0.9962614185921548,0.77
full_agreement,08f44c13a8493392035cc23ac8254acf,O'Reilly Auto Parts,O'Reilly Auto Parts,"{""primary"":""O'Reilly Auto Parts""}","{""primary"":""O'Reilly Auto Parts""}",6015 Jimmy Carter Blvd,6015 Jimmy Carter Blvd,Norcross,GA,0.9962614185921548,0.77
full_agreement,08f44c1745cf071b03de2009f1baa5d6,MedLink Lawrenceville,MedLink Lawrenceville,"{""primary"":""MedLink Lawrenceville""}","{""primary"":""MedLink Lawrenceville""}",980 Lawrenceville Hwy,980 Lawrenceville Hwy,Lawrenceville,GA,0.77,0.77
full_agreement,08f44c1a5359d91c033fc9cfe2e6188a,South Cobb Storage,South Cobb Storage,"{""primary"":""South Cobb Storage""}","{""primary"":""South Cobb Storage""}",5439 Old Floyd Rd SW,5439 Old Floyd Rd SW,Mableton,GA,0.9918379237288135,0.77
full_agreement,08f44c2011985b0e030204dcf297b66d,Waynesboro Chrysler Dodge Jeep Ram,Waynesboro Chrysler Dodge Jeep Ram,"{""primary"":""Waynesboro Chrysler Dodge Jeep Ram""}","{""primary"":""Waynesboro Chrysler Dodge Jeep Ram""}",480 US Highway 25 N,480 US Highway 25 N,Waynesboro,GA,0.997898979043525,0.77
full_agreement,08f44cc2ed92b4ad037ec09a5c0f7c76,Superior Cleaning,Superior Cleaning,"{""primary"":""Superior Cleaning""}","{""primary"":""Superior Cleaning""}",305 Cedar Ln,305 S Cedar Lane,Fort Oglethorpe,GA,0.9828411287205256,0.77
full_agreement,08f44ccc361204260313a24e1cbbc38d,Joe Baker: Allstate Insurance,Joe Baker: Allstate Insurance,"{""primary"":""Joe Baker: Allstate Insurance""}","{""primary"":""Joe Baker: Allstate Insurance""}",5205 Stilesboro Rd NW,5205 Stilesboro Rd NW Ste 220,Kennesaw,GA,0.9918379237288135,0.77
full_agreement,08f44d070a20622d0317f7856d1512a3,The Best Nail Bar,The Best Nail Bar,"{""primary"":""The Best Nail Bar""}","{""primary"":""The Best Nail Bar""}",595 King St,595 King St Ste 128,Charleston,SC,0.9962614185921548,0.77
full_agreement,08f44d84a989b2e803c03a9c9954a385,5.11 Tactical,5.11 Tactical,"{""primary"":""5.11 Tactical""}","{""primary"":""5.11 Tactical""}",9813 South Blvd,9813 South Blvd Ste 105,Charlotte,NC,0.9962614185921548,0.77
full_agreement,08f44d86abca4440035e9ac8397351e1,Sam's Xpress Car Wash,Sam's Xpress Car Wash,"{""primary"":""Sam's Xpress Car Wash""}","{""primary"":""Sam's Xpress Car Wash""}",7169 Highway 73,7169 N NC hwy 73,Denver,NC,0.9962614185921548,0.77
full_agreement,08f44daac96d883203367a8327d19596,U-Haul Neighborhood Dealer,U-Haul Neighborhood Dealer,"{""primary"":""U-Haul Neighborhood Dealer""}","{""primary"":""U-Haul Neighborhood Dealer""}",2881 N Cannon Blvd,2881 N Cannon Blvd Ste C,Kannapolis,NC,0.77,0.77
full_agreement,08f44daae63321620307c94e98909312,Promise Insurance Agency,Promise Insurance Agency,"{""primary"":""Promise Insurance Agency""}","{""primary"":""Promise Insurance Agency""}",481 Concord Pkwy N,481 Concord Pkwy N,Concord,NC,0.77,0.77
full_agreement,08f44e06aa0b5a4a03caf2e60bd69a4a,Terminix,Terminix,"{""primary"":""Terminix""}","{""primary"":""Terminix""}",334 S Collier St,334 S Collier St,Bainbridge,GA,0.77,0.77
full_agreement,08f44e2a1a8968ca03eecf08077d1c6e,Dolphin Pumps,Dolphin Pumps,"{""primary"":""Dolphin Pumps""}","{""primary"":""Dolphin Pumps""}",2279 Industrial Park Dr,2279 Industrial Park Dr,Cairo,GA,0.9877528662420382,0.77
full_agreement,08f44e37039615310322ab3480bdd8e9,Shell,Shell,"{""primary"":""Shell""}","{""primary"":""Shell""}",423 Roundtree Dr SW,423 Roundtree Dr SW,Dawson,GA,0.9962614185921548,0.77
full_agreement,08f44e554128900503a7df0284a7d549,LuLu's Bar & Resto,LuLu's Bar & Resto,"{""primary"":""LuLu's Bar & Resto""}","{""primary"":""LuLu's Bar & Resto""}",9902 S Thomas Dr,9902 S Thomas Dr,Panama City Beach,FL,0.9792361111111111,0.77
full_agreement,08f44e5a4a781c1e03baeb3101f89e1e,Dillard's,Dillard's,"{""primary"":""Dillard's""}","{""primary"":""Dillard's""}",300 Mary Esther Blvd,"300 Mary Esther Blvd #119",Mary Esther,FL,0.9962614185921548,0.77
full_agreement,08f44e825631310e03836b9075419186,Birmingham Dentures and Implants,Birmingham Dentures and Implants,"{""primary"":""Birmingham Dentures and Implants""}","{""primary"":""Birmingham Dentures and Implants""}",313 Aaron Dr,313 Aaron Dr,Birmingham,AL,0.997898979043525,0.77
full_agreement,08f44e83400ab39b03d8b9e9a201afc9,The Abbey at Regent's Walk,The Abbey at Regent's Walk,"{""primary"":""The Abbey at Regent's Walk""}","{""primary"":""The Abbey at Regent's Walk""}",726 Raleigh Ct,726 Raleigh Ct,Homewood,AL,0.9918379237288135,0.77
full_agreement,08f44e8346794333033a01eb53999680,Jeremiah's Italian Ice,Jeremiah's Italian Ice,"{""primary"":""Jeremiah's Italian Ice""}","{""primary"":""Jeremiah's Italian Ice""}",790 Montgomery Hwy,790 Montgomery Highway Ste 106,Vestavia Hills,AL,0.9962614185921548,0.77
full_agreement,08f44e9d8278419b0363e49276cd2582,Highland Memorial Gardens,Highland Memorial Gardens,"{""primary"":""Highland Memorial Gardens""}","{""primary"":""Highland Memorial Gardens""}",3115 18th Ave N,3115 18th Ave N,Bessemer,AL,0.9962614185921548,0.77
full_agreement,08f44eb2652a9ce603b0cd47cc2e14c8,Jackson Hewitt Tax Service,Jackson Hewitt Tax Service,"{""primary"":""Jackson Hewitt Tax Service""}","{""primary"":""Jackson Hewitt Tax Service""}",11610 S Memorial Pkwy,11610 Memorial Pkwy SW,Huntsville,AL,0.9962614185921548,0.77
full_agreement,08f44f055a9a016e0390f050aa3c93c0,Goin' Postal Jacksonville,Goin' Postal Jacksonville,"{""primary"":""Goin' Postal Jacksonville""}","{""primary"":""Goin' Postal Jacksonville""}",7643 Gate Pkwy,7643 Gate Pkwy Ste 104,Jacksonville,FL,0.9962614185921548,0.77
full_agreement,08f44f057627447503bcfd4bff8c6559,Greenhaw Joseph C MD,Greenhaw Joseph C MD,"{""primary"":""Greenhaw Joseph C MD""}","{""primary"":""Greenhaw Joseph C MD""}",14546 Old St Augustine Rd Ste 311,14546 Old St Augustine Rd Ste 311,Jacksonville,FL,0.77,0.77
full_agreement,08f44f6d41089842032403ab4974fefd,Cold Stone Creamery,Cold Stone Creamery,"{""primary"":""Cold Stone Creamery""}","{""primary"":""Cold Stone Creamery""}",5543 S Williamson Blvd,"5543 S Williamson Blvd, Ste 910",Port Orange,FL,0.9962614185921548,0.77
full_agreement,08f464e02c8cb91103f2b25f4d91e8cc,Castle at Princeville,Castle at Princeville,"{""primary"":""Castle at Princeville""}","{""primary"":""Castle at Princeville""}",5300 Ka Haku Rd Ste C,5300 Ka Haku Rd Ste C,Princeville,HI,0.77,0.77
full_agreement,08f48985149b118b03d1267c20902c8b,Ecuadorian Chocolate Factory,Ecuadorian Chocolate Factory,"{""primary"":""Ecuadorian Chocolate Factory""}","{""primary"":""Ecuadorian Chocolate Factory""}",251 N Bell Blvd,251 N Bell Blvd Ste 110,Cedar Park,TX,0.997898979043525,0.77
full_agreement,08f4898ca616265403ebf3b66c4756b2,LibertyX Bitcoin ATM,LibertyX Bitcoin ATM,"{""primary"":""LibertyX Bitcoin ATM""}","{""primary"":""LibertyX Bitcoin ATM""}",12200 Bee Cave Pkwy,12200 Bee Cave Pkwy,Bee Cave,TX,0.9877528662420382,0.77
full_agreement,08f489c18d31004403e2ab77ba15d941,Jefferson Bank Sunset Ridge,Jefferson Bank Sunset Ridge,"{""primary"":""Jefferson Bank Sunset Ridge""}","{""primary"":""Jefferson Bank Sunset Ridge""}",6310 N New Braunfels Ave,6310 N New Braunfels Ave,San Antonio,TX,0.9918379237288135,0.77
full_agreement,08f489d52288486303025951ebbd9759,Collins Neil P DDS,Collins Neil P DDS,"{""primary"":""Collins Neil P DDS""}","{""primary"":""Collins Neil P DDS""}",1460 Sidney Baker St,1460 Sidney Baker St,Kerrville,TX,0.9962614185921548,0.77
full_agreement,08f489e2b12c4da10341771f79e7cf90,LGI Homes - Homestead Estates,LGI Homes - Homestead Estates,"{""primary"":""LGI Homes - Homestead Estates""}","{""primary"":""LGI Homes - Homestead Estates""}",18721 Quiet Range Dr,18721 Quiet Range Dr,Elgin,TX,0.77,0.77
full_agreement,08f489ec5674157103490ff2a1831365,McDonald's,McDonald's,"{""primary"":""McDonald's""}","{""primary"":""McDonald's""}",709 N La Grange St,709 N Lagrange,Flatonia,TX,0.9962614185921548,0.77
full_agreement,08f48b3c6391176103e7bd65dac904c1,Dollar Tree,Dollar Tree,"{""primary"":""Dollar Tree""}","{""primary"":""Dollar Tree""}",23969 Stuart Place Rd,23969 Stuart Place Rd,Harlingen,TX,0.9962614185921548,0.77
full_agreement,08f48b3da5d8838803e1eb8440f649ba,Metro by T-Mobile,Metro by T-Mobile,"{""primary"":""Metro by T-Mobile""}","{""primary"":""Metro by T-Mobile""}",5005 Paredes Line Rd,5005 Paredes Line Rd Ste B,Brownsville,TX,0.9962614185921548,0.77
full_agreement,08f48c6c42381b230312b5c4dbe8465f,Viva Mitsubishi,Viva Mitsubishi,"{""primary"":""Viva Mitsubishi""}","{""primary"":""Viva Mitsubishi""}",10310 Montana Ave,10310 Montana Ave,El Paso,TX,0.9962614185921548,0.77
full_agreement,08f48d8844ce209203cc0a4840005259,AT&T Store,AT&T Store,"{""primary"":""AT&T Store""}","{""primary"":""AT&T Store""}",6300 San Mateo Blvd NE Ste M-1,6300 San Mateo Blvd NE Ste M-1,Albuquerque,NM,0.77,0.77
full_agreement,08f48e96985051a6032d81e4eff8b7d7,Acceptance Insurance,Acceptance Insurance,"{""primary"":""Acceptance Insurance""}","{""primary"":""Acceptance Insurance""}",5845 S Central Ave,5845 S Central Ave,Phoenix,AZ,0.9962614185921548,0.77
full_agreement,08f48eba2a46c52d03481eadd18b4c17,Bagel Nosh,Bagel Nosh,"{""primary"":""Bagel Nosh""}","{""primary"":""Bagel Nosh""}",835 W Warner Rd,835 W Warner Rd Ste 109,Gilbert,AZ,0.9962614185921548,0.77
full_agreement,08f60a25956e9c320317e10b8046f3c8,PUBLIC&LOCATION@NAME_321233,PUBLIC&LOCATION@NAME_321233,"{""primary"":""PUBLIC&LOCATION@NAME_321233""}","{""primary"":""PUBLIC&LOCATION@NAME_321233""}",1766 Palo Verde Ave,1766 Palo Verde Ave,East Palo Alto,CA,0.77,0.77
full_agreement,08f60a25956e9c32031dace863eb567d,13214343,13214343,"{""primary"":""13214343""}","{""primary"":""13214343""}",1766 Palo Verde Ave,1766 Palo Verde Ave,East Palo Alto,CA,0.77,0.77
full_agreement,08f60a25956e9c32032269ac4ac32289,Profile Publishing Location Name - Suite,Profile Publishing Location Name - Suite,"{""primary"":""Profile Publishing Location Name - Suite""}","{""primary"":""Profile Publishing Location Name - Suite""}",1766 Palo Verde Ave,1766 Palo Verde Ave,East Palo Alto,CA,0.77,0.77
full_agreement,08f60a25956e9c320366d01ad6e2d7ef,Profile Publishing Location Name - Suite,Profile Publishing Location Name - Suite,"{""primary"":""Profile Publishing Location Name - Suite""}","{""primary"":""Profile Publishing Location Name - Suite""}",1766 Palo Verde Ave,1766 Palo Verde Ave,East Palo Alto,CA,0.77,0.77
full_agreement,08f60a25956e9c320393c7c81c127a47,Profile Publishing Location Name - Suite,Profile Publishing Location Name - Suite,"{""primary"":""Profile Publishing Location Name - Suite""}","{""primary"":""Profile Publishing Location Name - Suite""}",1766 Palo Verde Ave,1766 Palo Verde Ave,East Palo Alto,CA,0.77,0.77
full_agreement,08f60a25956e9c3203ba91cd4c1ef891,13214343,13214343,"{""primary"":""13214343""}","{""primary"":""13214343""}",1766 Palo Verde Ave,1766 Palo Verde Ave,East Palo Alto,CA,0.77,0.77
full_agreement,08f618c4c6d826e803b8e71b07951b00,Pizza Hut,Pizza Hut,"{""primary"":""Pizza Hut""}","{""primary"":""Pizza Hut""}","Unit No 2, Ground Floor, Phase 1, Cmrl, Ashok Nagar, Near ESI","Unit No 2, Ground Floor, Phase 1, Cmrl, Ashok Nagar",Chennai,Tamil Nadu,0.77,0.77
full_agreement,08f619a8cc7a14b603d305351eafdc21,Apollo Pharmacy Sanivarapupeta Village Eluru,Apollo Pharmacy Sanivarapupeta Village Eluru,"{""primary"":""Apollo Pharmacy Sanivarapupeta Village Eluru""}","{""primary"":""Apollo Pharmacy Sanivarapupeta Village Eluru""}","No. 13/79, Sanivarapupeta Rd, Sriram Nagar, Near SBI ATM","D No 13/79, Sanivarapupeta",Sanivarapupeta,Andhra Pradesh,0.77,0.77
full_agreement,08f8d80820c0c2c90376729cd4de5222,Sofa Surabaya,Sofa Surabaya,"{""primary"":""Sofa Surabaya""}","{""primary"":""Sofa Surabaya""}","Jalan Pakis Tirtosari 6 No.4, Pakis, Kecamatan Sawahan","Jalan Pakis Tirtosari 6 No.4, Pakis, Kecamatan Sawahan",Kota Surabaya,,0.835944055944056,0.77
full_agreement,08fa726cadb6eb81033e248c10d59d86,The Salt Room Perth,The Salt Room Perth,"{""primary"":""The Salt Room Perth""}","{""primary"":""The Salt Room Perth""}",592 Albany Hwy,592 Albany Highway,Perth,WA,0.9962614185921548,0.77
full_agreement,08fa831ad12aab65035712ae83554296,Droga Raia,Droga Raia,"{""primary"":""Droga Raia""}","{""primary"":""Droga Raia""}","Rua Visconde do Rio Branco, 2190",Rua Visconde do Rio Branco 2146 C e N (ro),São José dos Pinhais,PR,0.9523423423423424,0.77
full_agreement,08fa8a078a2b1ca803aa5f70d531b12a,Pão de Açúcar,Pão de Açúcar,"{""primary"":""Pão de Açúcar""}","{""primary"":""Pão de Açúcar""}","Rua Marquês de Paraná, 143",Rua Marquês de Abrantes 165,Rio de Janeiro,RJ,0.997898979043525,0.77
full_agreement,08fbc1b6687812190321971143c89e68,Shell,Shell,"{""primary"":""Shell""}","{""primary"":""Shell""}",663 Jan Smuts Hwy,663 Jan Smuts Highway,Bonela,KZN,0.9523423423423424,0.77
full_agreement,08fbcd0030da5323031bcafa8c2fa0dc,Mazda Nelspruit,Mazda Nelspruit,"{""primary"":""Mazda Nelspruit""}","{""primary"":""Mazda Nelspruit""}","Mazda Nelspruit, 49 Emnotweni Avenue",49 Emnotweni Avenue,Riverside Park,MP,0.997898979043525,0.77
full_agreement,08fbe0e34313646103ac9822246f768f,Yardy Legal,Yardy Legal,"{""primary"":""Yardy Legal""}","{""primary"":""Yardy Legal""}",51-55 Holt St,55 Holt Street,Sydney,NSW,0.9828411287205256,0.77
full_agreement,08fbe0e35cad5c710328873748ffebb5,Frazer Jones,Frazer Jones,"{""primary"":""Frazer Jones""}","{""primary"":""Frazer Jones""}",Level 14/55 Clarence Street,Level 14/55 Clarence Street,Sydney,New South Wales,0.77,0.77
full_agreement,08fbe63da4d1c35203c109690c55a1a6,Pakenham Isuzu UTE,Pakenham Isuzu UTE,"{""primary"":""Pakenham Isuzu UTE""}","{""primary"":""Pakenham Isuzu UTE""}",26 Commercial Dr,26 Commercial Drive,Melbourne,VIC,0.997898979043525,0.77
full_agreement,08fbe8d81286d794032c375b025f9b00,Bay Audio,Bay Audio,"{""primary"":""Bay Audio""}","{""primary"":""Bay Audio""}","Hyperdome Mall/hyperdome Plus, 3812 Pacific Hwy",Shop 53 Bryants Road,Brisbane,QLD,0.9918379237288135,0.77
full_agreement,08fbef21b44424ea038e5e073fc13a46,Bupa Aged Care Glenvale,Bupa Aged Care Glenvale,"{""primary"":""Bupa Aged Care Glenvale""}","{""primary"":""Bupa Aged Care Glenvale""}",357-383 McDougall St,357-383 McDougall Street,Toowoomba,QLD,0.9918379237288135,0.77
full_agreement,1125899906946016,CVS Pharmacy,CVS Pharmacy,"{""primary"":""CVS Pharmacy""}","{""primary"":""CVS Pharmacy""}",4110 HARRISON Ave,4110 Harrison Ave,CHEVIOT,OH,0.77,0.77
full_agreement,1125899907128958,Domino's Pizza,Domino's Pizza,"{""primary"":""Domino's Pizza""}","{""primary"":""Domino's Pizza""}",501 W Bremer Ave,501 Bremer Ave,Waverly,IA,0.77,0.77
full_agreement,1125899907255800,The Home Depot,The Home Depot,"{""primary"":""The Home Depot""}","{""primary"":""The Home Depot""}",3215 Clark Ln,3215 Clark Ln,Columbia,MO,0.77,0.77
full_agreement,1125899907255836,The Home Depot,The Home Depot,"{""primary"":""The Home Depot""}","{""primary"":""The Home Depot""}",1801 E Custer Ave,1801 E Custer Ave,Helena,MT,0.77,0.77
full_agreement,1125899907255964,The Home Depot,The Home Depot,"{""primary"":""The Home Depot""}","{""primary"":""The Home Depot""}",10800 Brookpark Rd,10800 Brookpark Rd,Cleveland,OH,0.77,0.77
full_agreement,1125899907610751,Jackson Hewitt Tax Service,Jackson Hewitt Tax Service,"{""primary"":""Jackson Hewitt Tax Service""}","{""primary"":""Jackson Hewitt Tax Service""}",7060 Natural Bridge Rd,7060 Natural Bridge Rd.,Saint Louis,MO,0.77,0.77
full_agreement,1125899907614954,Jackson Hewitt Tax Service,Jackson Hewitt Tax Service,"{""primary"":""Jackson Hewitt Tax Service""}","{""primary"":""Jackson Hewitt Tax Service""}",1400 Lawrenceville Hwy,1400 Lawrenceville Hwy,Lawrenceville,GA,0.77,0.77
full_agreement,1125899908101231,Sally Beauty,Sally Beauty,"{""primary"":""Sally Beauty""}","{""primary"":""Sally Beauty""}",6848 Suwannee Plaza Ln,6848 Suwannee Plaza Ln,Live Oak,FL,0.77,0.77
full_agreement,1125899908351517,Wellstar Radiation Oncology,Wellstar Radiation Oncology,"{""primary"":""Wellstar Radiation Oncology""}","{""primary"":""Wellstar Radiation Oncology""}",148 Bill Carruth Pkwy Ste Ll30,148 Bill Carruth Pkwy Ste Ll30,Hiram,GA,0.77,0.77
full_agreement,1125899908782151,Diamond Metal Products Inc,Diamond Metal Products Inc,"{""primary"":""Diamond Metal Products Inc""}","{""primary"":""Diamond Metal Products Inc""}",13815 Lincoln St NE,13815 Lincoln St NE,Ham Lake,MN,0.77,0.77
full_agreement,1125899908867665,Garage,Garage,"{""primary"":""Garage""}","{""primary"":""Garage""}","900 Maple Ave, #B29","900 Maple Avenue, #B29",Burlington,ON,0.77,0.77
full_agreement,1125899908942464,Chambers Electrical Wolverhampton Ltd.,Chambers Electrical Wolverhampton Ltd.,"{""primary"":""Chambers Electrical Wolverhampton Ltd.""}","{""primary"":""Chambers Electrical Wolverhampton Ltd.""}",74 Aldersley Road,74 Aldersley Road,Wolverhampton,"",0.77,0.77
full_agreement,1125899908944951,Monster Cleaning,Monster Cleaning,"{""primary"":""Monster Cleaning""}","{""primary"":""Monster Cleaning""}",255 Upper Richmond Road West,255 Upper Richmond Road West,London,London,0.77,0.77
full_agreement,1125899909083526,Liberty Tax Service,Liberty Tax Service,"{""primary"":""Liberty Tax Service""}","{""primary"":""Liberty Tax Service""}",353 E Main St,353 E Main St,Waterbury,CT,0.77,0.77
full_agreement,1125899909241385,minuteKEY,minuteKEY,"{""primary"":""minuteKEY""}","{""primary"":""minuteKEY""}",671 Vann Dr,671 Vann Dr,Jackson,TN,0.77,0.77
full_agreement,1125899909335447,BioLife Plasma Services,BioLife Plasma Services,"{""primary"":""BioLife Plasma Services""}","{""primary"":""BioLife Plasma Services""}",6200 Baltimore Ave,6200 Baltimore Ave,Riverdale,MD,0.77,0.77
full_agreement,1125899909397210,Frank Webb Home,Frank Webb Home,"{""primary"":""Frank Webb Home""}","{""primary"":""Frank Webb Home""}",98 Lindberg Ave,98 Lindberg Ave,Methuen,MA,0.77,0.77
full_agreement,1125899909415294,Bento Sushi,Bento Sushi,"{""primary"":""Bento Sushi""}","{""primary"":""Bento Sushi""}",945 Gardiners Rd,945 Gardiners Road,Kingston,ON,0.77,0.77
full_agreement,1125899909563915,AKRA GmbH,AKRA GmbH,"{""primary"":""AKRA GmbH""}","{""primary"":""AKRA GmbH""}",Domstr. 17,Domstr. 17,Hamburg,Hamburg,0.77,0.77
full_agreement,1125899909646112,Walmart Supercentre,Walmart Supercentre,"{""primary"":""Walmart Supercentre""}","{""primary"":""Walmart Supercentre""}",1665 Kenaston Blvd,1665 Kenaston Boulevard,Winnipeg,MB,0.77,0.77
full_agreement,1125899909801843,Cornerstone Inspections,Cornerstone Inspections,"{""primary"":""Cornerstone Inspections""}","{""primary"":""Cornerstone Inspections""}",2100 SE 17th St Ste 110,2100 SE 17th St Ste 110,Ocala,FL,0.77,0.77
full_agreement,1125899909836843,The Sunflower Florist,The Sunflower Florist,"{""primary"":""The Sunflower Florist""}","{""primary"":""The Sunflower Florist""}",1908 Colley Ave,1908 Colley Ave,Norfolk,VA,0.77,0.77
full_agreement,1125899909897366,"Irby Utilities | Chattanooga, TN","Irby Utilities | Chattanooga, TN","{""primary"":""Irby Utilities | Chattanooga, TN""}","{""primary"":""Irby Utilities | Chattanooga, TN""}",1875 Polk Street Utility,1875 Polk St,Chattanooga,TN,0.77,0.77
full_agreement,1125899909984305,Yale Electric Supply Co.,Yale Electric Supply Co.,"{""primary"":""Yale Electric Supply Co.""}","{""primary"":""Yale Electric Supply Co.""}",1123 Street Rd,1123 Street Rd,Southampton,PA,0.77,0.77
full_agreement,1125899910311695,Molly Pitcher Village Apartments,Molly Pitcher Village Apartments,"{""primary"":""Molly Pitcher Village Apartments""}","{""primary"":""Molly Pitcher Village Apartments""}",183-213 Branch Ave,"183 Branch Ave # 213",Red Bank,NJ,0.77,0.77
full_agreement,1125899910331350,Affiliato Tecnorete Immobiliare Borgaro S.A.S.,Affiliato Tecnorete Immobiliare Borgaro S.A.S.,"{""primary"":""Affiliato Tecnorete Immobiliare Borgaro S.A.S.""}","{""primary"":""Affiliato Tecnorete Immobiliare Borgaro S.A.S.""}",via Borgaro 86/C,via Borgaro 86/C,Torino,TO,0.77,0.77
full_agreement,1125899910673087,ShopRite of Byram,ShopRite of Byram,"{""primary"":""ShopRite of Byram""}","{""primary"":""ShopRite of Byram""}",90-80 Route 206,"90-80 Route 206, N",Stanhope,NJ,0.77,0.77
full_agreement,1125899910833739,Minute Key,Minute Key,"{""primary"":""Minute Key""}","{""primary"":""Minute Key""}",6211 N Illinois St,6211 N Illinois St,Fairview Heights,IL,0.77,0.77
full_agreement,1125899910838791,Minute Key,Minute Key,"{""primary"":""Minute Key""}","{""primary"":""Minute Key""}",6280 Hembree Ln,6280 Hembree Ln,Windsor,CA,0.77,0.77
full_agreement,1125899910854468,Titan Factory Direct,Titan Factory Direct,"{""primary"":""Titan Factory Direct""}","{""primary"":""Titan Factory Direct""}",4120 W Wall St,4120 W Wall St,Midland,TX,0.77,0.77
full_agreement,1125899911167263,Arby's,Arby's,"{""primary"":""Arby's""}","{""primary"":""Arby's""}",5980 Cattleridge Blvd,5980 Cattleridge Blvd,Sarasota,FL,0.77,0.77
full_agreement,1125899911179580,UPS Customer Center,UPS Customer Center,"{""primary"":""UPS Customer Center""}","{""primary"":""UPS Customer Center""}",223 N James,223 N James St,KANSAS CITY,KS,0.77,0.77
full_agreement,1125899911221207,Mike McClaskie - State Farm Insurance Agent,Mike McClaskie - State Farm Insurance Agent,"{""primary"":""Mike McClaskie - State Farm Insurance Agent""}","{""primary"":""Mike McClaskie - State Farm Insurance Agent""}",2810 London Groveport Rd,2810 London Groveport Rd,Grove City,OH,0.77,0.77
full_agreement,1125899911253992,Rita's Italian Ice & Frozen Custard,Rita's Italian Ice & Frozen Custard,"{""primary"":""Rita's Italian Ice & Frozen Custard""}","{""primary"":""Rita's Italian Ice & Frozen Custard""}",499 Domino Ln,499 Domino Ln,Philadelphia,PA,0.77,0.77
full_agreement,1125899911307408,Jimmy John's,Jimmy John's,"{""primary"":""Jimmy John's""}","{""primary"":""Jimmy John's""}",1025 SW Wanamaker Rd,1025 SW Wanamaker Rd,Topeka,KS,0.77,0.77
full_agreement,1125899911310271,Athleta,Athleta,"{""primary"":""Athleta""}","{""primary"":""Athleta""}",19 Town Square Blvd Ste 150,19 Town Square Blvd Ste 150,Asheville,NC,0.77,0.77
full_agreement,1125899911324208,Huntington Bank,Huntington Bank,"{""primary"":""Huntington Bank""}","{""primary"":""Huntington Bank""}",4100 W 144th Ave,4100 W 144th Ave,Broomfield,CO,0.77,0.77
full_agreement,1125899911347318,Sally Beauty,Sally Beauty,"{""primary"":""Sally Beauty""}","{""primary"":""Sally Beauty""}",36 Centerton Rd,36 Centerton Rd,Mount Laurel,NJ,0.77,0.77
full_agreement,1125899911494494,Chillicothe Storage,Chillicothe Storage,"{""primary"":""Chillicothe Storage""}","{""primary"":""Chillicothe Storage""}",982 Eastern Ave,982 Eastern Ave,Chillicothe,OH,0.77,0.77
full_agreement,1125899911601300,FNBO,FNBO,"{""primary"":""FNBO""}","{""primary"":""FNBO""}",302 Main St,302 Main St,Bayard,NE,0.77,0.77
full_agreement,1125899911669247,Walmart,Walmart,"{""primary"":""Walmart""}","{""primary"":""Walmart""}",2101 S Princeton St,2101 S Princeton St,Ottawa,KS,0.77,0.77
full_agreement,1125899911670585,Walmart,Walmart,"{""primary"":""Walmart""}","{""primary"":""Walmart""}",5509 Highway 45 Alternate S,5509 Highway 45 ALT S,West Point,MS,0.77,0.77
full_agreement,1125899911671095,Walmart,Walmart,"{""primary"":""Walmart""}","{""primary"":""Walmart""}",3105 Grand Ave,3015 Grand Ave,Ames,IA,0.77,0.77
full_agreement,1125899911673102,Walmart,Walmart,"{""primary"":""Walmart""}","{""primary"":""Walmart""}",3245 Lawrenceville Suwanee Rd,3245 Lawrenceville Suwanee Rd,Suwanee,GA,0.77,0.77
full_agreement,1125899911707558,Teriyaki Madness,Teriyaki Madness,"{""primary"":""Teriyaki Madness""}","{""primary"":""Teriyaki Madness""}","2338 Citadel Way, Unit","2338 Citadel Way Ste #102",Melbourne,FL,0.77,0.77
full_agreement,1125899911769450,Walmart,Walmart,"{""primary"":""Walmart""}","{""primary"":""Walmart""}",2604 N Main St,2604 N Main St,Belton,TX,0.77,0.77
full_agreement,1125899911780152,AT&T Store,AT&T Store,"{""primary"":""AT&T Store""}","{""primary"":""AT&T Store""}",6080 Roswell Rd,6080 Roswell Rd,Sandy Springs,GA,0.77,0.77
full_agreement,1125899911811999,ARCO,ARCO,"{""primary"":""ARCO""}","{""primary"":""ARCO""}",4161 Saint Rose Pkwy,4161 Saint Rose Pkwy Ste A,Henderson,NV,0.77,0.77
full_agreement,1125899911893231,Classic Plumbing Solutions,Classic Plumbing Solutions,"{""primary"":""Classic Plumbing Solutions""}","{""primary"":""Classic Plumbing Solutions""}",923 Florida St,923 Florida St,Salem,VA,0.77,0.77
full_agreement,1125899911903590,Hibbett Sports,Hibbett Sports,"{""primary"":""Hibbett Sports""}","{""primary"":""Hibbett Sports""}",2306 S Jefferson Ave Ste C,2306 S Jefferson Ave Ste C,Mt. Pleasant,TX,0.77,0.77
full_agreement,1125899912004625,Imperial Hardware Lofts Apartments,Imperial Hardware Lofts Apartments,"{""primary"":""Imperial Hardware Lofts Apartments""}","{""primary"":""Imperial Hardware Lofts Apartments""}",3750 Main St,3750 Main St,Riverside,CA,0.77,0.77
full_agreement,1125899912042890,Stewart's Shops,Stewart's Shops,"{""primary"":""Stewart's Shops""}","{""primary"":""Stewart's Shops""}",2711 Main St,2711 Main St,Lake Placid,NY,0.77,0.77
full_agreement,1125899912122595,Starbucks,Starbucks,"{""primary"":""Starbucks""}","{""primary"":""Starbucks""}",1248 E 17th St,"1248 E 17th St (17th & Grand, Santa An, A)",Santa Ana,CA,0.77,0.77
full_agreement,1125899912143279,Newport Institute,Newport Institute,"{""primary"":""Newport Institute""}","{""primary"":""Newport Institute""}",43821 Shady Crk,43821 Shady Creek,Temecula,CA,0.77,0.77
full_agreement,1125899912165072,Ira Toyota of Manchester,Ira Toyota of Manchester,"{""primary"":""Ira Toyota of Manchester""}","{""primary"":""Ira Toyota of Manchester""}",33 Auto Center Rd,33 Auto Center Rd,Manchester,NH,0.77,0.77
full_agreement,1125899912260220,Commerce Bank ATM,Commerce Bank ATM,"{""primary"":""Commerce Bank ATM""}","{""primary"":""Commerce Bank ATM""}",1020 S 5th St,1020 S 5th St,Saint Charles,MO,0.77,0.77
full_agreement,1125899912262407,Olympia Gymnastics & Cheer,Olympia Gymnastics & Cheer,"{""primary"":""Olympia Gymnastics & Cheer""}","{""primary"":""Olympia Gymnastics & Cheer""}",6925 E Sunbelt Dr,6925 E Sunbelt Dr,San Antonio,TX,0.77,0.77
full_agreement,1125899912289624,Universal Roofing & Exteriors,Universal Roofing & Exteriors,"{""primary"":""Universal Roofing & Exteriors""}","{""primary"":""Universal Roofing & Exteriors""}",5530 W 84th St,5530 W 84th St,Indianapolis,IN,0.77,0.77
full_agreement,1125899912330072,Golden State Dermatology,Golden State Dermatology,"{""primary"":""Golden State Dermatology""}","{""primary"":""Golden State Dermatology""}",1324 Nelson Ave,1324 Nelson Ave Ste B,Modesto,CA,0.77,0.77
full_agreement,1125899912405366,GreatFlorida Insurance - Peter Look Phd,GreatFlorida Insurance - Peter Look Phd,"{""primary"":""GreatFlorida Insurance - Peter Look Phd""}","{""primary"":""GreatFlorida Insurance - Peter Look Phd""}",4903 Chiquita Blvd S,4903 Chiquita Blvd S,Cape Coral,FL,0.77,0.77
full_agreement,1125899912492481,Lavinsky Law,Lavinsky Law,"{""primary"":""Lavinsky Law""}","{""primary"":""Lavinsky Law""}",12121 Wilshire Blvd,12121 Wilshire Blvd Ste 501,Los Angeles,CA,0.77,0.77
full_agreement,1125899912492752,Fastest Labs Pittsburgh,Fastest Labs Pittsburgh,"{""primary"":""Fastest Labs Pittsburgh""}","{""primary"":""Fastest Labs Pittsburgh""}",100 Fleet St,100 Fleet St Ste 103,Pittsburgh,PA,0.77,0.77
full_agreement,1125899912543916,RockItCoin Bitcoin ATM,RockItCoin Bitcoin ATM,"{""primary"":""RockItCoin Bitcoin ATM""}","{""primary"":""RockItCoin Bitcoin ATM""}",2284 Baltimore Blvd,2284 Baltimore Blvd,Finksburg,MD,0.77,0.77
full_agreement,1125899912707169,21 Petals Florist and Flower Market,21 Petals Florist and Flower Market,"{""primary"":""21 Petals Florist and Flower Market""}","{""primary"":""21 Petals Florist and Flower Market""}",1400 Teal Rd Ste 30,1400 Teal Rd Ste 30,Lafayette,IN,0.77,0.77
full_agreement,1125899912773417,CPR Cell Phone Repair Lubbock,CPR Cell Phone Repair Lubbock,"{""primary"":""CPR Cell Phone Repair Lubbock""}","{""primary"":""CPR Cell Phone Repair Lubbock""}","5152 69th St., Ste 100",5152 69th St Ste 100,Lubbock,TX,0.77,0.77
full_agreement,1125899912848443,Church Street Floor Coverings,Church Street Floor Coverings,"{""primary"":""Church Street Floor Coverings""}","{""primary"":""Church Street Floor Coverings""}",595 W Church St,595 W Church St,Newark,OH,0.77,0.77
full_agreement,1125899912956549,Digital Diagnosis Marketing,Digital Diagnosis Marketing,"{""primary"":""Digital Diagnosis Marketing""}","{""primary"":""Digital Diagnosis Marketing""}",4600 Summerlin Rd,4600 Summerlin Rd,Fort Myers,FL,0.77,0.77
full_agreement,1125899912956588,Alexandria & Company,Alexandria & Company,"{""primary"":""Alexandria & Company""}","{""primary"":""Alexandria & Company""}",121 S Royal St,121 S Royal St,Alexandria,VA,0.77,0.77
full_agreement,1125899912975946,Amara Regenerative Aesthetics,Amara Regenerative Aesthetics,"{""primary"":""Amara Regenerative Aesthetics""}","{""primary"":""Amara Regenerative Aesthetics""}",74000 Country Club Dr Ste G2,74000 Country Club Dr Ste G-2,Palm Desert,CA,0.77,0.77
full_agreement,1125899912981722,Cracker Barrel Old Country Store,Cracker Barrel Old Country Store,"{""primary"":""Cracker Barrel Old Country Store""}","{""primary"":""Cracker Barrel Old Country Store""}",213 Indian Lake Blvd,213 Indian Lake Blvd,Hendersonville,TN,0.77,0.77
full_agreement,1125899912982411,Cracker Barrel Old Country Store,Cracker Barrel Old Country Store,"{""primary"":""Cracker Barrel Old Country Store""}","{""primary"":""Cracker Barrel Old Country Store""}",1860 Winderly Ln,1860 Winderly Ln,Pickerington,OH,0.77,0.77
full_agreement,1125899913068030,Supercuts,Supercuts,"{""primary"":""Supercuts""}","{""primary"":""Supercuts""}",287 Los Altos Pkwy Unit 101,"287 LOS ALTOS PKWY, 101",SPARKS,NV,0.77,0.77
full_agreement,1125899913121350,Altima Dental Centre at First Canadian Place,Altima Dental Centre at First Canadian Place,"{""primary"":""Altima Dental Centre at First Canadian Place""}","{""primary"":""Altima Dental Centre at First Canadian Place""}","First Canadian Place-Concourse Level, 100 King Street West","100 King Street West, Unit C13",Toronto,ON,0.77,0.77
full_agreement,1125899913131782,Waterman Pool Filling Service,Waterman Pool Filling Service,"{""primary"":""Waterman Pool Filling Service""}","{""primary"":""Waterman Pool Filling Service""}",934 Stillwater Rd,934 Stillwater Rd,Stillwater,NJ,0.77,0.77
full_agreement,1125899913180289,Tidal Wave Auto Spa | Car Wash,Tidal Wave Auto Spa | Car Wash,"{""primary"":""Tidal Wave Auto Spa | Car Wash""}","{""primary"":""Tidal Wave Auto Spa | Car Wash""}",120 Front Royal Pike,120 Front Royal Pike,Winchester,VA,0.77,0.77
full_agreement,1407374883799450,Smashburger,Smashburger,"{""primary"":""Smashburger""}","{""primary"":""Smashburger""}",3707 Bloomington St,3707 Bloomington St Spc 1226,Colorado Springs,CO,0.77,0.77
full_agreement,1407374884715009,BP,BP,"{""primary"":""BP""}","{""primary"":""BP""}",S 10th St 2705,2705 S 10Th St,Manitowoc,WI,0.77,0.77
full_agreement,1407374885162570,Southgate Ford,Southgate Ford,"{""primary"":""Southgate Ford""}","{""primary"":""Southgate Ford""}",16501 Fort St,16501 Fort St,Southgate,MI,0.77,0.77
full_agreement,1407374885186381,Walmart,Walmart,"{""primary"":""Walmart""}","{""primary"":""Walmart""}",1501 Skyland Blvd E,1501 Skyland Blvd E,Tuscaloosa,AL,0.77,0.77
full_agreement,1407374885186474,Walmart,Walmart,"{""primary"":""Walmart""}","{""primary"":""Walmart""}",960 Brookway Blvd,960 Brookway Blvd,Brookhaven,MS,0.77,0.77
full_agreement,1407374885191512,Walmart,Walmart,"{""primary"":""Walmart""}","{""primary"":""Walmart""}",3313 W State Road 45,3313 W State Road 45,Bloomington,IN,0.77,0.77
full_agreement,1407374885207681,Walmart,Walmart,"{""primary"":""Walmart""}","{""primary"":""Walmart""}",55 Thomaston Commons Way,55 Thomaston Commons Way,Thomaston,ME,0.77,0.77
full_agreement,1407374885249036,Walmart,Walmart,"{""primary"":""Walmart""}","{""primary"":""Walmart""}",5260 W 7th St,5260 W 7th St,Reno,NV,0.77,0.77
full_agreement,1407374885250235,Walmart,Walmart,"{""primary"":""Walmart""}","{""primary"":""Walmart""}",1450 N 2nd E,1450 N 2nd E,Rexburg,ID,0.77,0.77
full_agreement,1407374885289070,Trader Joe's,Trader Joe's,"{""primary"":""Trader Joe's""}","{""primary"":""Trader Joe's""}",1875 S Bascom Ave,1875 S Bascom Ave,Campbell,CA,0.77,0.77
full_agreement,1407374885598016,Mister Car Wash,Mister Car Wash,"{""primary"":""Mister Car Wash""}","{""primary"":""Mister Car Wash""}",1435 W River Rd,1435 W River Rd,Tucson,AZ,0.77,0.77
full_agreement,1407374885689044,Elements Massage,Elements Massage,"{""primary"":""Elements Massage""}","{""primary"":""Elements Massage""}",1229 N University Dr,1229 N University Dr,Coral Springs,FL,0.77,0.77
full_agreement,1407374885689142,Clarkson Eyecare,Clarkson Eyecare,"{""primary"":""Clarkson Eyecare""}","{""primary"":""Clarkson Eyecare""}",3936 Vogel Rd,3936 Vogel Rd,Arnold,MO,0.77,0.77
full_agreement,1407374885690852,Clarkson Eyecare,Clarkson Eyecare,"{""primary"":""Clarkson Eyecare""}","{""primary"":""Clarkson Eyecare""}",2572 Lemay Ferry Rd,2572 Lemay Ferry Rd,Saint Louis,MO,0.77,0.77
full_agreement,1407374885792344,Andrew P Tharp FNP,Andrew P Tharp FNP,"{""primary"":""Andrew P Tharp FNP""}","{""primary"":""Andrew P Tharp FNP""}",1701 E College Ave,1701 E College Ave,Normal,IL,0.77,0.77
full_agreement,1407374886027312,Daimler Trucks Caboolture,Daimler Trucks Caboolture,"{""primary"":""Daimler Trucks Caboolture""}","{""primary"":""Daimler Trucks Caboolture""}",67 Lear Jet Drive,67 Lear Jet Drive,Caboolture,Queensland,0.77,0.77
full_agreement,1407374886203415,"Abraham C Gaupp, MD","Abraham C Gaupp, MD","{""primary"":""Abraham C Gaupp, MD""}","{""primary"":""Abraham C Gaupp, MD""}",1775 Dempster St,1775 Dempster St,Park Ridge,IL,0.77,0.77
full_agreement,1407374886265533,Larry H. Miller Chrysler Jeep Avondale,Larry H. Miller Chrysler Jeep Avondale,"{""primary"":""Larry H. Miller Chrysler Jeep Avondale""}","{""primary"":""Larry H. Miller Chrysler Jeep Avondale""}",10055 W Papago Fwy,10055 W Papago Fwy,Avondale,AZ,0.77,0.77
full_agreement,1407374886321395,Beltone Hearing Aid Center,Beltone Hearing Aid Center,"{""primary"":""Beltone Hearing Aid Center""}","{""primary"":""Beltone Hearing Aid Center""}",321 E Broadway St,321 E Broadway St,Monett,MO,0.77,0.77
full_agreement,1407374886541591,Walmart,Walmart,"{""primary"":""Walmart""}","{""primary"":""Walmart""}",4283 Carter St,4283 Carter St,Vidalia,LA,0.77,0.77
full_agreement,1407374886576079,U.S. Bank,U.S. Bank,"{""primary"":""U.S. Bank""}","{""primary"":""U.S. Bank""}",375 NW Monroe Ave,375 NW Monroe Ave,Corvallis,OR,0.77,0.77
full_agreement,1407374886990716,The Kincaid at Legacy,The Kincaid at Legacy,"{""primary"":""The Kincaid at Legacy""}","{""primary"":""The Kincaid at Legacy""}",7200 Dallas Pkwy,7200 Dallas Pkwy,Plano,TX,0.77,0.77
full_agreement,1407374887004738,Union Breast Surgery Specialists,Union Breast Surgery Specialists,"{""primary"":""Union Breast Surgery Specialists""}","{""primary"":""Union Breast Surgery Specialists""}","1550 Faulk St #2100",1550 Faulk St Ste 2100,Monroe,NC,0.77,0.77
full_agreement,1407374887121980,Body & Brain Yoga Tai Chi,Body & Brain Yoga Tai Chi,"{""primary"":""Body & Brain Yoga Tai Chi""}","{""primary"":""Body & Brain Yoga Tai Chi""}",6258 Highway 6,6258 Highway 6,Missouri City,TX,0.77,0.77
full_agreement,1407374887124455,Kootenai Health Rehabilitation Services - Riverstone,Kootenai Health Rehabilitation Services - Riverstone,"{""primary"":""Kootenai Health Rehabilitation Services - Riverstone""}","{""primary"":""Kootenai Health Rehabilitation Services - Riverstone""}",2236 N Merritt Creek Loop Suite B,2236 N Merritt Creek Loop Ste B,Coeur D'Alene,ID,0.77,0.77
full_agreement,1407374887156369,PetSmart,PetSmart,"{""primary"":""PetSmart""}","{""primary"":""PetSmart""}",2568 W Commonwealth Ave,2568 W Commonwealth Ave,Alhambra,CA,0.77,0.77
full_agreement,1407374887182048,Mancy’s Steakhouse,Mancy’s Steakhouse,"{""primary"":""Mancy’s Steakhouse""}","{""primary"":""Mancy’s Steakhouse""}",631 S Main St,631 South Main Street,Findlay,OH,0.77,0.77
full_agreement,1407374887579064,"Graig Sanders, PA-C","Graig Sanders, PA-C","{""primary"":""Graig Sanders, PA-C""}","{""primary"":""Graig Sanders, PA-C""}",1591 Boston Post Rd Ste 200,1591 Boston Post Rd Ste 200,Guilford,CT,0.77,0.77
full_agreement,1407374887982135,Extra Space Storage,Extra Space Storage,"{""primary"":""Extra Space Storage""}","{""primary"":""Extra Space Storage""}",3469 E Amity Rd,3469 E Amity Rd,Meridian,ID,0.77,0.77
full_agreement,1407374888288028,Sterling McCall Ford,Sterling McCall Ford,"{""primary"":""Sterling McCall Ford""}","{""primary"":""Sterling McCall Ford""}",6445 Southwest Fwy,6445 Southwest Fwy,Houston,TX,0.77,0.77
full_agreement,1407374888316080,One10 Beauty House,One10 Beauty House,"{""primary"":""One10 Beauty House""}","{""primary"":""One10 Beauty House""}",703 Craighead St,703 Craighead Street,Nashville,TN,0.77,0.77
full_agreement,1407374888380092,Acceptance Insurance,Acceptance Insurance,"{""primary"":""Acceptance Insurance""}","{""primary"":""Acceptance Insurance""}",4503 Socastee Blvd Ste B,4503 Socastee Blvd Ste B,Myrtle Beach,SC,0.77,0.77
full_agreement,1407374888399907,"Fiesta Ford, Inc.","Fiesta Ford, Inc.","{""primary"":""Fiesta Ford, Inc.""}","{""primary"":""Fiesta Ford, Inc.""}",990 Varner Rd 78,78990 Varner Rd,Indio,CA,0.77,0.77
full_agreement,1407374888805655,Mountain Mike's Pizza,Mountain Mike's Pizza,"{""primary"":""Mountain Mike's Pizza""}","{""primary"":""Mountain Mike's Pizza""}",2180 W Cleveland Ave,2180 W Cleveland Ave,Madera,CA,0.77,0.77
full_agreement,1407374889163341,My Classified Ads,My Classified Ads,"{""primary"":""My Classified Ads""}","{""primary"":""My Classified Ads""}",17110 Gunn Hwy,17110 Gunn Hwy,Odessa,FL,0.77,0.77
full_agreement,1407374890020083,Boots Opticians,Boots Opticians,"{""primary"":""Boots Opticians""}","{""primary"":""Boots Opticians""}",76-77 North Street,76-77 North Street,Chichester,Portsmouth,0.77,0.77
full_agreement,1407374890120053,The Burlington Apartments,The Burlington Apartments,"{""primary"":""The Burlington Apartments""}","{""primary"":""The Burlington Apartments""}",1180 Cushing Cir,1180 Cushing Cir,Saint Paul,MN,0.77,0.77
full_agreement,1407374890226468,Family Fare Supermarket,Family Fare Supermarket,"{""primary"":""Family Fare Supermarket""}","{""primary"":""Family Fare Supermarket""}",1415 Fulton St E,1415 Fulton St E,Grand Rapids,MI,0.77,0.77
full_agreement,1407374890262891,American Family Care The Grove,American Family Care The Grove,"{""primary"":""American Family Care The Grove""}","{""primary"":""American Family Care The Grove""}",5569 Grove Blvd Ste 121,5569 Grove Blvd Ste 121,Hoover,AL,0.77,0.77
full_agreement,1407374890265953,Reled,Reled,"{""primary"":""Reled""}","{""primary"":""Reled""}",Via Premuda 40,Via Premuda 40 B,Reggio Emilia,RE,0.77,0.77
full_agreement,1407374890266444,Blountsville Pharmacy,Blountsville Pharmacy,"{""primary"":""Blountsville Pharmacy""}","{""primary"":""Blountsville Pharmacy""}",69005 Main St,69005 Main St,Blountsville,AL,0.77,0.77
full_agreement,1407374890375385,Hungry Howie's Pizza,Hungry Howie's Pizza,"{""primary"":""Hungry Howie's Pizza""}","{""primary"":""Hungry Howie's Pizza""}",1844 Mcfarland Blvd,1844 Mcfarland Blvd,Northport,AL,0.77,0.77
full_agreement,1407374890547756,StorQuest Self Storage,StorQuest Self Storage,"{""primary"":""StorQuest Self Storage""}","{""primary"":""StorQuest Self Storage""}",210 Gonyo Ln,210 Gonyo Ln,Richmond,TX,0.77,0.77
full_agreement,1407374890665328,Avila at Rancho Santa Margarita,Avila at Rancho Santa Margarita,"{""primary"":""Avila at Rancho Santa Margarita""}","{""primary"":""Avila at Rancho Santa Margarita""}",22751 El Prado,22751 El Prado,Rancho Santa Margarita,CA,0.77,0.77
full_agreement,1407374890726489,Vanguard Attorneys,Vanguard Attorneys,"{""primary"":""Vanguard Attorneys""}","{""primary"":""Vanguard Attorneys""}",1220 E 5th Ave,1220 E 5th Ave,Tampa,FL,0.77,0.77
full_agreement,1407374890752008,Roto-Rooter Plumbing & Drain Services,Roto-Rooter Plumbing & Drain Services,"{""primary"":""Roto-Rooter Plumbing & Drain Services""}","{""primary"":""Roto-Rooter Plumbing & Drain Services""}",2800 Youree Dr Ste 222,"2800 Youree Dr # 222",Shreveport,LA,0.77,0.77
full_agreement,1407374890752475,Roto-Rooter Plumbing & Water Cleanup,Roto-Rooter Plumbing & Water Cleanup,"{""primary"":""Roto-Rooter Plumbing & Water Cleanup""}","{""primary"":""Roto-Rooter Plumbing & Water Cleanup""}",1070 Marina Village Pkwy Ste 202,1070 Marina Village Pkwy Ste 202,Alameda,CA,0.77,0.77
full_agreement,1407374890752553,Roto-Rooter Plumbing & Water Cleanup,Roto-Rooter Plumbing & Water Cleanup,"{""primary"":""Roto-Rooter Plumbing & Water Cleanup""}","{""primary"":""Roto-Rooter Plumbing & Water Cleanup""}",1629 Hennepin Ave Ste 300G,1629 Hennepin Ave Ste 300G,Minneapolis,MN,0.77,0.77
full_agreement,1407374890853378,Panera Bread,Panera Bread,"{""primary"":""Panera Bread""}","{""primary"":""Panera Bread""}",11069 W Lincoln Hwy,11069 W Lincoln Hwy,Frankfort,IL,0.77,0.77
full_agreement,1407374890964542,Comfort Keepers Senior Home Care,Comfort Keepers Senior Home Care,"{""primary"":""Comfort Keepers Senior Home Care""}","{""primary"":""Comfort Keepers Senior Home Care""}",830 Orange Ave Ste J2,830 Orange Ave Ste J2,Coronado,CA,0.77,0.77
full_agreement,1407374891126949,NextCare Urgent Care Gastonia,NextCare Urgent Care Gastonia,"{""primary"":""NextCare Urgent Care Gastonia""}","{""primary"":""NextCare Urgent Care Gastonia""}",3680 Robinwood Rd,3680 Robinwood Rd,Gastonia,NC,0.77,0.77
full_agreement,1407374891205101,The Mill at First Hill,The Mill at First Hill,"{""primary"":""The Mill at First Hill""}","{""primary"":""The Mill at First Hill""}",1000 8th Ave,1000 8th Ave,Seattle,WA,0.77,0.77
full_agreement,1407374891238634,Foemmel Fine Homes,Foemmel Fine Homes,"{""primary"":""Foemmel Fine Homes""}","{""primary"":""Foemmel Fine Homes""}",1 Lumber St,1 Lumber St Ste 207c,Hopkinton,MA,0.77,0.77
full_agreement,1407374891495088,Sainsbury's,Sainsbury's,"{""primary"":""Sainsbury's""}","{""primary"":""Sainsbury's""}","Unit 28, Kennedy Centre, Falls Road","Kennedy Centre, Falls Road, Unit 28",Belfast,"",0.77,0.77
full_agreement,1407374891558714,The Bristol,The Bristol,"{""primary"":""The Bristol""}","{""primary"":""The Bristol""}",926 Cleveland St,926 Cleveland St,Greenville,SC,0.77,0.77
full_agreement,1688849860348685,KFC,KFC,"{""primary"":""KFC""}","{""primary"":""KFC""}","25925 Pacific Highway S #339",25925 Pacific Highway South,Des Moines,WA,0.77,0.77
full_agreement,1688849860467549,Burger King,Burger King,"{""primary"":""Burger King""}","{""primary"":""Burger King""}",164 S Main St,164 S Main St,New City,NY,0.77,0.77
full_agreement,1688849860470200,Burger King,Burger King,"{""primary"":""Burger King""}","{""primary"":""Burger King""}",290 Main St,290 Main St,Binghamton,NY,0.77,0.77
full_agreement,1688849863228729,Manpower of Portland,Manpower of Portland,"{""primary"":""Manpower of Portland""}","{""primary"":""Manpower of Portland""}",609 N Meridian St,609 N Meridian St,Portland,IN,0.77,0.77
full_agreement,1688849863724869,Domino's Pizza - Bristol - Stoke Bishop,Domino's Pizza - Bristol - Stoke Bishop,"{""primary"":""Domino's Pizza - Bristol - Stoke Bishop""}","{""primary"":""Domino's Pizza - Bristol - Stoke Bishop""}","4 Trymwood Parade, Shirehampton Road","4 Trymwood Parade, Shirehampton Road",Bristol,"",0.77,0.77
full_agreement,1688849864302833,Norgeshus Saga Byggentreprenør,Norgeshus Saga Byggentreprenør,"{""primary"":""Norgeshus Saga Byggentreprenør""}","{""primary"":""Norgeshus Saga Byggentreprenør""}",Løkkeåsveien 22B,Løkkeåsveien 22B,Skallestad,Vestfold og Telemark,0.77,0.77
full_agreement,1688849864491436,Federal Bank,Federal Bank,"{""primary"":""Federal Bank""}","{""primary"":""Federal Bank""}","Kalladanthiyil Building, Neendoor Kallara Road, Neendoor","Kalladanthiyil Building, Kallara-Neendoor-Pravattom Rd",Kottayam,Kerala,0.77,0.77
full_agreement,1688849864825791,Wesley Willows,Wesley Willows,"{""primary"":""Wesley Willows""}","{""primary"":""Wesley Willows""}",4141 N Rockton Ave,4141 N Rockton Ave,Rockford,IL,0.77,0.77
full_agreement,1688849865754343,evyve Charging Station,evyve Charging Station,"{""primary"":""evyve Charging Station""}","{""primary"":""evyve Charging Station""}",25 Amblecote Rd,Amblecote Road,Brierley Hill,England,0.77,0.77
full_agreement,1688849865801923,Providence Queen of the Valley Medical Center Minimally Invasive Surgery,Providence Queen of the Valley Medical Center Minimally Invasive Surgery,"{""primary"":""Providence Queen of the Valley Medical Center Minimally Invasive Surgery""}","{""primary"":""Providence Queen of the Valley Medical Center Minimally Invasive Surgery""}",1000 Trancas St,1000 Trancas St,Napa,CA,0.77,0.77
full_agreement,1688849866257450,Audi Marin,Audi Marin,"{""primary"":""Audi Marin""}","{""primary"":""Audi Marin""}",700 Francisco Blvd W,700 Francisco Blvd W,San Rafael,CA,0.77,0.77
full_agreement,1970324837060551,Sherwin-Williams Paint Store,Sherwin-Williams Paint Store,"{""primary"":""Sherwin-Williams Paint Store""}","{""primary"":""Sherwin-Williams Paint Store""}",820 NE Park St,820 NE Park St,Okeechobee,FL,0.77,0.77
full_agreement,1970324837278045,Rehab Burger Therapy,Rehab Burger Therapy,"{""primary"":""Rehab Burger Therapy""}","{""primary"":""Rehab Burger Therapy""}",7210 E 2nd St,7210 E. 2nd St,Scottsdale,AZ,0.77,0.77
full_agreement,1970324838011136,Beemer & Mumma P.S.,Beemer & Mumma P.S.,"{""primary"":""Beemer & Mumma P.S.""}","{""primary"":""Beemer & Mumma P.S.""}","1710 N Washington St #100","1710 N Washington, Ste 100",Spokane,WA,0.77,0.77
full_agreement,1970324838493823,InfoBate,InfoBate,"{""primary"":""InfoBate""}","{""primary"":""InfoBate""}","750 Holiday Dr Ste 590, Foster Plaza Bldg 9","750 Holiday Dr Ste 590, Foster Plaza Bldg 9",Pittsburgh,PA,0.77,0.77
full_agreement,1970324838543680,Bargain Tree Service,Bargain Tree Service,"{""primary"":""Bargain Tree Service""}","{""primary"":""Bargain Tree Service""}",2811 Warners Rd,2811 Warners Rd,Warners,NY,0.77,0.77
full_agreement,1970324838564830,Angelo's Cleaning,Angelo's Cleaning,"{""primary"":""Angelo's Cleaning""}","{""primary"":""Angelo's Cleaning""}",312 Bridge St,312 Bridge St,Phoenixville,PA,0.77,0.77
full_agreement,1970324838595778,Benchley's Amish Furniture & Gifts,Benchley's Amish Furniture & Gifts,"{""primary"":""Benchley's Amish Furniture & Gifts""}","{""primary"":""Benchley's Amish Furniture & Gifts""}",9425 Tobacco Dr,9425 Tobacco Dr,Clare,MI,0.77,0.77
full_agreement,1970324838670427,Mequon Ace Hardware,Mequon Ace Hardware,"{""primary"":""Mequon Ace Hardware""}","{""primary"":""Mequon Ace Hardware""}",11001 N Port Washington Rd,11001 N Port Washington Rd,Mequon,WI,0.77,0.77
full_agreement,1970324838684125,Laser Clinics Australia,Laser Clinics Australia,"{""primary"":""Laser Clinics Australia""}","{""primary"":""Laser Clinics Australia""}","Shop 245, Stockland Wetherill Park, 561-583 Polding Street","Shop 245, Stockland Wetherill Park, Polding St",Wetherill Park,New South Wales,0.77,0.77
full_agreement,1970324838900665,Jimmy John's,Jimmy John's,"{""primary"":""Jimmy John's""}","{""primary"":""Jimmy John's""}",301 Central Ave NW Ste. 305,301 Central Ave NW Ste. 305,Albuquerque,NM,0.77,0.77
full_agreement,1970324838957240,Car-Mart of Corinth,Car-Mart of Corinth,"{""primary"":""Car-Mart of Corinth""}","{""primary"":""Car-Mart of Corinth""}",2402 US Highway 72 E,2402 US Highway 72 E,Corinth,MS,0.77,0.77
full_agreement,1970324839168668,Boost Mobile,Boost Mobile,"{""primary"":""Boost Mobile""}","{""primary"":""Boost Mobile""}",501 N Mt Vernon Ave,501 N Mt Vernon Ave,San Bernardino,CA,0.77,0.77
full_agreement,1970324839862623,The Brace Place,The Brace Place,"{""primary"":""The Brace Place""}","{""primary"":""The Brace Place""}",569 NE Clay Ave,569 NE Clay Ave,Bend,OR,0.77,0.77
full_agreement,1970324840304275,Southwest Nebraska Dental Center - McCook,Southwest Nebraska Dental Center - McCook,"{""primary"":""Southwest Nebraska Dental Center - McCook""}","{""primary"":""Southwest Nebraska Dental Center - McCook""}",2009 W J St,2009 W J St,McCook,NE,0.77,0.77
full_agreement,1970324840307761,Ways2Well,Ways2Well,"{""primary"":""Ways2Well""}","{""primary"":""Ways2Well""}",3831 Golf Dr,3831 Golf Dr,Houston,TX,0.77,0.77
full_agreement,1970324840661956,Atria Grapevine,Atria Grapevine,"{""primary"":""Atria Grapevine""}","{""primary"":""Atria Grapevine""}",3975 William D Tate Ave,3975 William D Tate Ave,Grapevine,TX,0.77,0.77
full_agreement,1970324842101934,DTLR,DTLR,"{""primary"":""DTLR""}","{""primary"":""DTLR""}",4640 N Southside Plaza St,4740 S E Southside Plaza,Richmond,VA,0.77,0.77
full_agreement,2251799813736265,Boca Woods Country Club,Boca Woods Country Club,"{""primary"":""Boca Woods Country Club""}","{""primary"":""Boca Woods Country Club""}",10471 Boca Woods Ln,10471 Boca Woods Ln,Boca Raton,FL,0.77,0.77
full_agreement,2251799819023206,Nordstrom Downtown Seattle,Nordstrom Downtown Seattle,"{""primary"":""Nordstrom Downtown Seattle""}","{""primary"":""Nordstrom Downtown Seattle""}",500 Pine St,500 Pine St,Seattle,WA,0.77,0.77
full_agreement,2251799819721663,Pearle Opticiens Houten,Pearle Opticiens Houten,"{""primary"":""Pearle Opticiens Houten""}","{""primary"":""Pearle Opticiens Houten""}",Het Rond 154,Het Rond 154,Houten,"",0.77,0.77
full_agreement,2251799820039754,Jaibaji Plastic Surgery,Jaibaji Plastic Surgery,"{""primary"":""Jaibaji Plastic Surgery""}","{""primary"":""Jaibaji Plastic Surgery""}",1001 B Avenue Suite 108,1001 B Ave Ste 108,Coronado,CA,0.77,0.77
full_agreement,2251799820522382,Home Cleaning Services,Home Cleaning Services,"{""primary"":""Home Cleaning Services""}","{""primary"":""Home Cleaning Services""}",84 Bosco Nagar Opp .Kirstujyothi Colleget.C.Playa Main Road Bangalore 560036,Shop no 20 Near Anugrah Hospital Next To Ak Food Super Market Govinda Chetty Palya Electroniccit 560099,Bangalore,Karnataka,0.77,0.77
full_agreement,2251799820737292,Ultra Tune Shepparton,Ultra Tune Shepparton,"{""primary"":""Ultra Tune Shepparton""}","{""primary"":""Ultra Tune Shepparton""}",60 Benalla Road,60 Benalla Road,SHEPPARTON,Victoria,0.77,0.77
full_agreement,2251799821017065,River Jams,River Jams,"{""primary"":""River Jams""}","{""primary"":""River Jams""}",2940 109th St,2940 109th St,Chippewa Falls,WI,0.77,0.77
full_agreement,2251799821220766,H&R Block,H&R Block,"{""primary"":""H&R Block""}","{""primary"":""H&R Block""}",1140 N Germantown Pkwy Ste 112,1140 N Germantown Pkwy Ste 108,Cordova,TN,0.77,0.77
full_agreement,281474977272044,Fields BMW Lakeland,Fields BMW Lakeland,"{""primary"":""Fields BMW Lakeland""}","{""primary"":""Fields BMW Lakeland""}",4285 Lakeland Park Dr,4285 Lakeland Park Dr,Lakeland,FL,0.77,0.77
full_agreement,281474977985340,PACK & SEND Chatswood,PACK & SEND Chatswood,"{""primary"":""PACK & SEND Chatswood""}","{""primary"":""PACK & SEND Chatswood""}",4/281-283 Penshurst Street,4/283 Penshurst Street,North Willoughby,New South Wales,0.77,0.77
full_agreement,281474978022280,Wendy's,Wendy's,"{""primary"":""Wendy's""}","{""primary"":""Wendy's""}",176 Fayette Town Ctr,176 Fayette Town Ctr,Fayetteville,WV,0.77,0.77
full_agreement,281474978056093,Harry's Smoke and Vapor,Harry's Smoke and Vapor,"{""primary"":""Harry's Smoke and Vapor""}","{""primary"":""Harry's Smoke and Vapor""}",238 N 114th St,238 N 114th St,Omaha,NE,0.77,0.77
full_agreement,281474978186548,FZG Computerservice,FZG Computerservice,"{""primary"":""FZG Computerservice""}","{""primary"":""FZG Computerservice""}",Heinrich-Heine-Str. 9,Heinrich-Heine-Str. 9,Bitterfeld-Wolfen,Sachsen-Anhalt,0.77,0.77
full_agreement,281474978284403,Goin' Postal,Goin' Postal,"{""primary"":""Goin' Postal""}","{""primary"":""Goin' Postal""}",5638 Highway 53,"5638 AL-53, Ste B",Harvest,AL,0.77,0.77
full_agreement,281474978566033,ChipsAway Cardiff Car Care Centre,ChipsAway Cardiff Car Care Centre,"{""primary"":""ChipsAway Cardiff Car Care Centre""}","{""primary"":""ChipsAway Cardiff Car Care Centre""}","Unit 20 Lambourne Crescent, Cardiff Business Park","Lambourne Cres, Unit 20, Cardiff Business Park",Cardiff,"",0.77,0.77
full_agreement,281474979329236,Women's Health Boutique,Women's Health Boutique,"{""primary"":""Women's Health Boutique""}","{""primary"":""Women's Health Boutique""}",3115 W Parker Rd Ste 270,3115 W Parker Rd 270,Plano,TX,0.77,0.77
full_agreement,281474979370088,"Weise Farms, The Shelf","Weise Farms, The Shelf","{""primary"":""Weise Farms, The Shelf""}","{""primary"":""Weise Farms, The Shelf""}",127 S Washington St,127 S Washington St,La Grange,TX,0.77,0.77
full_agreement,281474979747202,Interstate All Battery Center,Interstate All Battery Center,"{""primary"":""Interstate All Battery Center""}","{""primary"":""Interstate All Battery Center""}",30 Nashua St,30 Nashua St,Woburn,MA,0.77,0.77
full_agreement,281474980299544,Pirolli Printing Co,Pirolli Printing Co,"{""primary"":""Pirolli Printing Co""}","{""primary"":""Pirolli Printing Co""}",860 W Browning Rd,860 W Browning Rd,Bellmawr,NJ,0.77,0.77
full_agreement,281474980437658,Pão de Açúcar,Pão de Açúcar,"{""primary"":""Pão de Açúcar""}","{""primary"":""Pão de Açúcar""}",Rua Gen. Glicério 3733,Rua Gal Glicério 3733,São José do Rio Preto,SP,0.77,0.77
full_agreement,281474980507212,Sierra Restoration,Sierra Restoration,"{""primary"":""Sierra Restoration""}","{""primary"":""Sierra Restoration""}",995 Main St,995 S Main St,Smithfield,UT,0.77,0.77
full_agreement,281474980673229,Downtown Dapper A Cutting Room,Downtown Dapper A Cutting Room,"{""primary"":""Downtown Dapper A Cutting Room""}","{""primary"":""Downtown Dapper A Cutting Room""}",312 Sycamore St Unit C,312 Sycamore St Unit C,Muscatine,IA,0.77,0.77
full_agreement,562949954449515,Primrose School of Carmel,Primrose School of Carmel,"{""primary"":""Primrose School of Carmel""}","{""primary"":""Primrose School of Carmel""}",780 West Carmel Drive,780 W Carmel Dr,Carmel,IN,0.77,0.77
full_agreement,562949954667594,"Gary Mehta, CPA, EA","Gary Mehta, CPA, EA","{""primary"":""Gary Mehta, CPA, EA""}","{""primary"":""Gary Mehta, CPA, EA""}",101 Hudson St 21st Fl,101 Hudson St 21st Fl,Jersey City,NJ,0.77,0.77
full_agreement,562949954959913,Arnold's Service & Towing,Arnold's Service & Towing,"{""primary"":""Arnold's Service & Towing""}","{""primary"":""Arnold's Service & Towing""}",715 W Wisconsin St,715 W Wisconsin St,Sparta,WI,0.77,0.77
full_agreement,562949955271392,Redbox,Redbox,"{""primary"":""Redbox""}","{""primary"":""Redbox""}",11 State Rd,11 State Rd,Bath,ME,0.77,0.77
full_agreement,562949955397690,Rite Aid,Rite Aid,"{""primary"":""Rite Aid""}","{""primary"":""Rite Aid""}",783 Manhattan Avenue,783 Manhattan Ave,Brooklyn,NY,0.77,0.77
full_agreement,562949956205761,"Lloyd & Associates, LLC","Lloyd & Associates, LLC","{""primary"":""Lloyd & Associates, LLC""}","{""primary"":""Lloyd & Associates, LLC""}",8 W Broad St Ste 900,8 W Broad St Ste 900,Hazleton,PA,0.77,0.77
full_agreement,562949956961295,Sam's Club,Sam's Club,"{""primary"":""Sam's Club""}","{""primary"":""Sam's Club""}",1462 S Pacific Ave,1462 S Pacific Ave,Yuma,AZ,0.77,0.77
full_agreement,562949957095637,REWE,REWE,"{""primary"":""REWE""}","{""primary"":""REWE""}",Proffenweg 2c,Proffenweg 2C,Königswinter,"",0.77,0.77
full_agreement,562949957603663,Chisolm Trace,Chisolm Trace,"{""primary"":""Chisolm Trace""}","{""primary"":""Chisolm Trace""}",10503 Huebner Rd,10503 Huebner Rd,San Antonio,TX,0.77,0.77
full_agreement,562949957766446,Norauto,Norauto,"{""primary"":""Norauto""}","{""primary"":""Norauto""}","Avenida Río Boladiez, s/n, N-400, C.c. y de Ocio Luz Del Tajo","Ctro.Cial. Y Ocio Luz Del Tajo, N-400 Av. Río Boladiez, S/N",Toledo,"",0.77,0.77
full_agreement,562949957884331,Genesis Digestive Disease Specialists,Genesis Digestive Disease Specialists,"{""primary"":""Genesis Digestive Disease Specialists""}","{""primary"":""Genesis Digestive Disease Specialists""}",999 Garden Rd,999 Garden Road,Zanesville,OH,0.77,0.77
full_agreement,562949958223998,Outback Steakhouse,Outback Steakhouse,"{""primary"":""Outback Steakhouse""}","{""primary"":""Outback Steakhouse""}",1890 Sam Rittenberg Boulevard,1890 Sam Rittenberg Boulevard,Charleston,SC,0.77,0.77
full_agreement,562949958305102,Oxford Glen Memory Care at Sachse,Oxford Glen Memory Care at Sachse,"{""primary"":""Oxford Glen Memory Care at Sachse""}","{""primary"":""Oxford Glen Memory Care at Sachse""}",4546 Bunker Hill Rd,4546 Bunker Hill Rd,Sachse,TX,0.77,0.77
full_agreement,562949960007229,The Bristol Hotel,The Bristol Hotel,"{""primary"":""The Bristol Hotel""}","{""primary"":""The Bristol Hotel""}",115 Country Music Way,510 Birthplace Of Country Music Way,Bristol,VA,0.77,0.77
full_agreement,562949961049311,Lincolnberg Master Builder,Lincolnberg Master Builder,"{""primary"":""Lincolnberg Master Builder""}","{""primary"":""Lincolnberg Master Builder""}",1665 91 Street Southwest,1665 91 St SW,Edmonton,AB,0.77,0.77
full_agreement,562949961208650,The Mind Body And Soul Coach Kathy Yvanovich,The Mind Body And Soul Coach Kathy Yvanovich,"{""primary"":""The Mind Body And Soul Coach Kathy Yvanovich""}","{""primary"":""The Mind Body And Soul Coach Kathy Yvanovich""}",117 Casino Ave,"117 Casino Ave, Herne Hill",London,"",0.77,0.77
full_agreement,562949962147432,Audio Network,Audio Network,"{""primary"":""Audio Network""}","{""primary"":""Audio Network""}","Audio Network (3Rd Floor), The Johnson Building, 77 Hatton Garden","Audio Network (3Rd Floor), The Johnson Building, 77 Hatton Garden",London,"",0.77,0.77
full_agreement,562949963856691,Chuba Heating & Remodeling Inc,Chuba Heating & Remodeling Inc,"{""primary"":""Chuba Heating & Remodeling Inc""}","{""primary"":""Chuba Heating & Remodeling Inc""}",922 E 8th Ave,922 E 8th Ave,Munhall,PA,0.77,0.77
full_agreement,562949964352679,Fairfield Plaza East At Sayville,Fairfield Plaza East At Sayville,"{""primary"":""Fairfield Plaza East At Sayville""}","{""primary"":""Fairfield Plaza East At Sayville""}",195 Lakeland Ave,195 Lakeland Ave,Sayville,NY,0.77,0.77
full_agreement,562949964598867,Paddock Springs,Paddock Springs,"{""primary"":""Paddock Springs""}","{""primary"":""Paddock Springs""}",2695 Shelden St,2695 Shelden St,Warsaw,IN,0.77,0.77
full_agreement,562949965527227,Firestone Complete Auto Care,Firestone Complete Auto Care,"{""primary"":""Firestone Complete Auto Care""}","{""primary"":""Firestone Complete Auto Care""}",83 Wolf Rd,83 Wolf Rd,Albany,NY,0.77,0.77
full_agreement,562949966364676,Greensboro Tire & Auto,Greensboro Tire & Auto,"{""primary"":""Greensboro Tire & Auto""}","{""primary"":""Greensboro Tire & Auto""}",4615 W Market St,"4615 W Market St #A",Greensboro,NC,0.77,0.77
full_agreement,562949966520897,Mills Tree Care,Mills Tree Care,"{""primary"":""Mills Tree Care""}","{""primary"":""Mills Tree Care""}",7515 State Rd,7515 State Rd,Wadsworth,OH,0.77,0.77
full_agreement,844424930402669,Commerce Bank,Commerce Bank,"{""primary"":""Commerce Bank""}","{""primary"":""Commerce Bank""}",4400 Green Mount Crossing Dr,4400 Green Mount Crossing Dr,Shiloh,IL,0.77,0.77
full_agreement,844424932041939,Brilliant Earth,Brilliant Earth,"{""primary"":""Brilliant Earth""}","{""primary"":""Brilliant Earth""}",38 Newbury St Ste 603,"38 Newbury St., Ste 603",Boston,MA,0.77,0.77
full_agreement,844424932765652,Legacy Archery,Legacy Archery,"{""primary"":""Legacy Archery""}","{""primary"":""Legacy Archery""}",5328 Route 322,5328 Route 322,Brookville,PA,0.77,0.77
primary_agrees_json_differs,08f12d87937886ed03cf23f162e10f02,Edward Jones,Edward Jones,"{""primary"":""Edward Jones""}","{""primary"":""Edward Jones"",""common"":{},""rules"":[]}",309 S Main St,522 S Main St,Colville,WA,0.9837452982267598,1.0
primary_agrees_json_differs,08f18615206a2044031332a453760f15,Bar des Sports,Bar des Sports,"{""primary"":""Bar des Sports""}","{""primary"":""Bar des Sports"",""common"":{},""rules"":[]}",17 Grande Rue,17 la Grande rue,Lassay-les-Châteaux,,0.9544061302681992,1.0
primary_agrees_json_differs,08f18627ad9a9c9503be1254988406fa,Les Suites du Littoral,Les Suites du Littoral,"{""primary"":""Les Suites du Littoral""}","{""primary"":""Les Suites du Littoral"",""common"":{},""rules"":[]}",2 Hent Bihan,2 rue Bihan,Plouézec,,0.9467515923566879,1.0
primary_agrees_json_differs,08f1866359555680037318b862284223,Union et Concorde Bricquebetaise Cyclisme,Union et Concorde Bricquebetaise Cyclisme,"{""primary"":""Union et Concorde Bricquebetaise Cyclisme""}","{""primary"":""Union et Concorde Bricquebetaise Cyclisme"",""common"":{},""rules"":[]}",avenue de la Gare,avenue de la Gare,,,0.28686635944700467,1.0
primary_agrees_json_differs,08f186b554c4e0ce03502e62836c2157,Collège Maurice Chastang,Collège Maurice Chastang,"{""primary"":""Collège Maurice Chastang""}","{""primary"":""Collège Maurice Chastang"",""common"":{},""rules"":[]}",10 Rue de la Terrière,10 rue de la Terrière,Saint-Genis-de-Saintonge,,0.9645127118644068,1.0
primary_agrees_json_differs,08f186b6ca96aac003075fe4e8c7df44,Quiksilver,Quiksilver,"{""primary"":""Quiksilver""}","{""primary"":""Quiksilver"",""common"":{},""rules"":[]}",99 Rue Sainte-Catherine,1-3 rue des Trois Conils,Bordeaux,NAQ,0.6214335421016005,1.0
primary_agrees_json_differs,08f186c1017310dc032b2936bfc7cfe5,Sandrine.M,Sandrine.M,"{""primary"":""Sandrine.M""}","{""primary"":""Sandrine.M"",""common"":{},""rules"":[]}",38 Rue Nationale,38 Rue nationale,Amboise,,0.9837452982267598,1.0
primary_agrees_json_differs,08f1949c25d530040300568ba429133a,Boutique Jeanne,Boutique Jeanne,"{""primary"":""Boutique Jeanne""}","{""primary"":""Boutique Jeanne"",""common"":{},""rules"":[]}",19 Rue du Commerce,19 rue du Commerce,Lillers,,0.9837452982267598,1.0
primary_agrees_json_differs,08f194a9335320c20327880599247e83,Domino's Pizza,Domino's Pizza,"{""primary"":""Domino's Pizza""}","{""primary"":""Domino's Pizza"",""common"":{},""rules"":[]}",143 High Street,143 High Street,Rochester,ENG,0.9962614185921548,1.0
primary_agrees_json_differs,08f194ad840d6c50032ba4f7b0cb1e7d,The Long Room,The Long Room,"{""primary"":""The Long Room""}","{""primary"":""The Long Room"",""common"":{},""rules"":[]}",129 Sheen Lane,111 Sheen Lane,London,ENG,0.9645127118644068,1.0
primary_agrees_json_differs,08f194d29e34b564032f0c0751d9d22b,Ker Juliette,Ker Juliette,"{""primary"":""Ker Juliette""}","{""primary"":""Ker Juliette"",""common"":{},""rules"":[]}",27 Rue des Tanneurs,27 Rue des Tanneurs,Lille,,0.9837452982267598,1.0
primary_agrees_json_differs,08f19529a04450ce03f4b74fa2157fcd,Max Spielmann - Photo printing Kiosk,Max Spielmann - Photo printing Kiosk,"{""primary"":""Max Spielmann - Photo printing Kiosk""}","{""primary"":""Max Spielmann - Photo printing Kiosk"",""common"":{},""rules"":[]}",Kileen Avenue,Kileen Ave,Bangor,Northern Ireland,0.77,1.0
primary_agrees_json_differs,08f195971000eb2903671cb0c6d2e793,KFC,KFC,"{""primary"":""KFC""}","{""primary"":""KFC"",""common"":{},""rules"":[]}",59-61 Commercial Road,The Triangle,Bournemouth,ENG,0.9962614185921548,1.0
primary_agrees_json_differs,08f195c3114b564803a190cead6e718d,Halifax,Halifax,"{""primary"":""Halifax""}","{""primary"":""Halifax"",""common"":{},""rules"":[]}",1 High Street,92 High Street,Solihull,"",0.77,1.0
primary_agrees_json_differs,08f195d8812cb8f1035a9bea4040fe2c,Boots Opticians,Boots Opticians,"{""primary"":""Boots Opticians""}","{""primary"":""Boots Opticians"",""common"":{},""rules"":[]}",67 Midsummer Boulevard,18 Crown Walk,Milton Keynes,ENG,0.9837452982267598,1.0
primary_agrees_json_differs,08f1e02cb6322415036287f45911aaf3,Landgasthof Sebastiankeller,Landgasthof Sebastiankeller,"{""primary"":""Landgasthof Sebastiankeller""}","{""primary"":""Landgasthof Sebastiankeller"",""common"":{},""rules"":[]}",Sebastianstraße 68,Sebastianstraße 68,Oggau am Neusiedler See,1,0.9837452982267598,1.0
primary_agrees_json_differs,08f1e0510898315303829668ac1ae7b9,Chatka Studencka Rogacz,Chatka Studencka Rogacz,"{""primary"":""Chatka Studencka Rogacz""}","{""primary"":""Chatka Studencka Rogacz"",""common"":{},""rules"":[]}","Rogacz 1, Wilkowice","Rogacz 1, Wilkowice",,,0.7927927927927928,1.0
primary_agrees_json_differs,08f1e1251b0a66c003a195f0bf6b4bc9,Studio Legale Associato Petracci Marin,Studio Legale Associato Petracci Marin,"{""primary"":""Studio Legale Associato Petracci Marin""}","{""primary"":""Studio Legale Associato Petracci Marin"",""common"":{},""rules"":[]}","Viale 20 Settembre, 16",Via beccaria 3,Trieste,36,0.28671328671328666,1.0
primary_agrees_json_differs,08f1e15b0d0ac05e0356f282a5243edc,BIPA,BIPA,"{""primary"":""BIPA""}","{""primary"":""BIPA"",""common"":{},""rules"":[]}",Auhofstraße 99,Auhofstrasse 99,Wien,Vienna,0.77,1.0
primary_agrees_json_differs,08f1e1c113223a80034c1026cb8c2c7b,The Rusty Coffee Box,The Rusty Coffee Box,"{""primary"":""The Rusty Coffee Box""}","{""primary"":""The Rusty Coffee Box"",""common"":{},""rules"":[]}",Kisfaludy sétány,Kisfaludy sétány 23.,Balatonakarattya,,0.7927927927927928,1.0
primary_agrees_json_differs,08f1e368a432e2a3036a3229000375cc,büro eins,büro eins,"{""primary"":""büro eins""}","{""primary"":""büro eins"",""common"":{},""rules"":[]}",Neustädter Str. 52,Neustädter Str.  52,Weiden in der Oberpfalz,Bayern,0.77,1.0
primary_agrees_json_differs,08f1e80016b2a955034d57595d752b93,Comune di Vicovaro,Comune di Vicovaro,"{""primary"":""Comune di Vicovaro""}","{""primary"":""Comune di Vicovaro"",""common"":{},""rules"":[]}","Piazza Padre Pietro, 9",Piazza Padre Pietro 9,Vicovaro,62,0.9645127118644068,1.0
primary_agrees_json_differs,08f1e80505821ce503d0fee349992585,Dolce Maniera,Dolce Maniera,"{""primary"":""Dolce Maniera""}","{""primary"":""Dolce Maniera"",""common"":{},""rules"":[]}","Viale Giulio Cesare, 114","Via Barletta, 27",Roma,62,0.9837452982267598,1.0
primary_agrees_json_differs,08f1e8050d752a8903096b1d14d0974b,McDonald's,McDonald's,"{""primary"":""McDonald's""}","{""primary"":""McDonald's"",""common"":{},""rules"":[]}","Via Casilina, 384",Via di Torpignattara 4,Roma,62,0.9837452982267598,1.0
primary_agrees_json_differs,08f1e82252c1c0ae03c90f2f5d5feef9,Bar Onda Marina,Bar Onda Marina,"{""primary"":""Bar Onda Marina""}","{""primary"":""Bar Onda Marina"",""common"":{},""rules"":[]}","Via Dante Alighieri, 19",Via Dante,,,0.9544061302681992,1.0
primary_agrees_json_differs,08f1e83283d4d21e030f619da70eb877,Uau Gelato Artigianale,Uau Gelato Artigianale,"{""primary"":""Uau Gelato Artigianale""}","{""primary"":""Uau Gelato Artigianale"",""common"":{},""rules"":[]}","Viale Colli Aminei, 355",Viale Colli Aminei 353-355,Napoli,72,0.6214335421016005,1.0
primary_agrees_json_differs,08f1e850e94c40c803255771cdc3e079,Bottega Verde,Bottega Verde,"{""primary"":""Bottega Verde""}","{""primary"":""Bottega Verde"",""common"":{},""rules"":[]}","Viale Secondo Moretti, 14",Viale Secondo Moretti 14,San Benedetto del Tronto,57,0.282258064516129,1.0
primary_agrees_json_differs,08f1e8b284d8dc4d034b3342ce3cb2f4,Il Bastione,Il Bastione,"{""primary"":""Il Bastione""}","{""primary"":""Il Bastione"",""common"":{},""rules"":[]}","Riviera Nazario Sauro, 28",Via Sauro 28,Gallipoli,75,0.9837452982267598,1.0
primary_agrees_json_differs,08f1e9299657648003ddaf46eb9bf938,Macelleria Cabras Gesuino,Macelleria Cabras Gesuino,"{""primary"":""Macelleria Cabras Gesuino""}","{""primary"":""Macelleria Cabras Gesuino"",""common"":{},""rules"":[]}","Viale Sant'Avendrace, 223","Viale di S. Avendrace, 223/225",Cagliari,88,0.9962614185921548,1.0
primary_agrees_json_differs,08f1e9a3b098a14203d91d9093a92cf3,Rosalba Costruzioni,Rosalba Costruzioni,"{""primary"":""Rosalba Costruzioni""}","{""primary"":""Rosalba Costruzioni"",""common"":{},""rules"":[]}","Via Trieste, 86",Via Trieste 86,Villabate,82,0.9877528662420382,1.0
primary_agrees_json_differs,08f1e9d99ed61ad1035ef3103b2dad31,Gas in Bombole Malafronte,Gas in Bombole Malafronte,"{""primary"":""Gas in Bombole Malafronte""}","{""primary"":""Gas in Bombole Malafronte"",""common"":{},""rules"":[]}","Via Giuseppe Orlandi, 202","Via Giuseppe Orlandi, 202",Anacapri,NA,0.77,1.0
primary_agrees_json_differs,08f1ea0526d59ae9034f8b58845348e6,Farmacia San Pietro Snc,Farmacia San Pietro Snc,"{""primary"":""Farmacia San Pietro Snc""}","{""primary"":""Farmacia San Pietro Snc"",""common"":{},""rules"":[]}","Via Giacomo Matteotti, 176",Via Matteotti 176,San Pietro in Casale,45,0.9837452982267598,1.0
primary_agrees_json_differs,08f1ea0960812d9603b85dab53188228,Villaggio Sant'Antonio,Villaggio Sant'Antonio,"{""primary"":""Villaggio Sant'Antonio""}","{""primary"":""Villaggio Sant'Antonio"",""common"":{},""rules"":[]}","Via Cappello, 79",Via Cappello 79,Noventa Padovana,34,0.9645127118644068,1.0
primary_agrees_json_differs,08f1ea2c73d24aad03ecd7b6134ec824,Centro Orafo Pistoiese,Centro Orafo Pistoiese,"{""primary"":""Centro Orafo Pistoiese""}","{""primary"":""Centro Orafo Pistoiese"",""common"":{},""rules"":[]}","Viale Adua, 223","Viale Adua, 223",Pistoia,52,0.9962614185921548,1.0
primary_agrees_json_differs,08f1ea300a102aad03553166fa9922d8,Gioielleria Marcelli,Gioielleria Marcelli,"{""primary"":""Gioielleria Marcelli""}","{""primary"":""Gioielleria Marcelli"",""common"":{},""rules"":[]}","Via San Francesco d'Assisi, 46",Via S. Francesco 46,Pesaro,57,0.9837452982267598,1.0
primary_agrees_json_differs,08f1ea3d3184e6c803e98d556aa5e9c6,Estetica Sara,Estetica Sara,"{""primary"":""Estetica Sara""}","{""primary"":""Estetica Sara"",""common"":{},""rules"":[]}",via Saffi 6,Via A.Saffi,Forlimpopoli,,0.28686635944700467,1.0
primary_agrees_json_differs,08f1ea415a631da603e53c1e5f8100be,Abbigliamento Profumeria Maria Rosa,Abbigliamento Profumeria Maria Rosa,"{""primary"":""Abbigliamento Profumeria Maria Rosa""}","{""primary"":""Abbigliamento Profumeria Maria Rosa"",""common"":{},""rules"":[]}","Piazza Pecori Giraldi, 1",Piazza Pecori Giraldi 1,Valli del Pasubio,34,0.9837452982267598,1.0
primary_agrees_json_differs,08f1ea46b2785bb30398694b7186f4e2,Comune di Gazzo Veronese,Comune di Gazzo Veronese,"{""primary"":""Comune di Gazzo Veronese""}","{""primary"":""Comune di Gazzo Veronese"",""common"":{},""rules"":[]}","Via Roma, 89",Via Roma 89,Gazzo Veronese,34,0.9837452982267598,1.0
primary_agrees_json_differs,08f1ea4c5326d45b037832aeda3da866,Bar Sole,Bar Sole,"{""primary"":""Bar Sole""}","{""primary"":""Bar Sole"",""common"":{},""rules"":[]}","Via Gardesana, 36",,Brenzone sul Garda,34,0.9467515923566879,1.0
primary_agrees_json_differs,08f1eb52136466110372311b39f89b9c,Edicola,Edicola,"{""primary"":""Edicola""}","{""primary"":""Edicola"",""common"":{},""rules"":[]}","Via Cosimo del Fante, 43",via de Lardarel,Livorno,52,0.9146576663452266,1.0
primary_agrees_json_differs,08f1ed6c9600e9ac0396545f95a4326e,Garaci Collettivi,Garaci Collettivi,"{""primary"":""Garaci Collettivi""}","{""primary"":""Garaci Collettivi"",""common"":{},""rules"":[]}","Via Bari, 6",Piazza Pietro Nenni s.n.c.,Melendugno,75,0.9645127118644068,1.0
primary_agrees_json_differs,08f1f0060068c870036f9281dbf4bfcc,Fischkutter Jugend- und Begegnungsstätte,Fischkutter Jugend- und Begegnungsstätte,"{""primary"":""Fischkutter Jugend- und Begegnungsstätte""}","{""primary"":""Fischkutter Jugend- und Begegnungsstätte"",""common"":{},""rules"":[]}",Krummendorfer Straße 15,Krummendorfer Straße 15,Rostock,,0.9837452982267598,1.0
primary_agrees_json_differs,08f1f0061eb51556038f196e106d4189,Notarin Margrit Kirchhoff,Notarin Margrit Kirchhoff,"{""primary"":""Notarin Margrit Kirchhoff""}","{""primary"":""Notarin Margrit Kirchhoff"",""common"":{},""rules"":[]}",Paulstr. 11,Paulstraße 11,Rostock,Mecklenburg-Vorpommern,0.77,1.0
primary_agrees_json_differs,08f1f11b4d0940b603539f8d8f92e835,Akropolis,Akropolis,"{""primary"":""Akropolis""}","{""primary"":""Akropolis"",""common"":{},""rules"":[]}",Mühlentor 13,Mühlentor,Dannenberg (Elbe),,0.9645127118644068,1.0
primary_agrees_json_differs,08f1f1257625e93603dc9e5fe8382814,Kuhlmann Ali Zahnarzt,Kuhlmann Ali Zahnarzt,"{""primary"":""Kuhlmann Ali Zahnarzt""}","{""primary"":""Kuhlmann Ali Zahnarzt"",""common"":{},""rules"":[]}",Rathausstraße 30,Rathausstr. 30,Schwerte,,0.48103896103896104,1.0
primary_agrees_json_differs,08f1f1291a0a576003340fda0919e4d5,Christine Wessel-Mellentin Heilpraktikerin Psychotherapie,Christine Wessel-Mellentin Heilpraktikerin Psychotherapie,"{""primary"":""Christine Wessel-Mellentin Heilpraktikerin Psychotherapie""}","{""primary"":""Christine Wessel-Mellentin Heilpraktikerin Psychotherapie"",""common"":{},""rules"":[]}",Werseaue 68,Werseaue 68,Münster,North Rhine-Westphalia,0.77,1.0
primary_agrees_json_differs,08f1f12c1891c421037f398db9bba262,Heinz-Peter Wöstmann Elektro,Heinz-Peter Wöstmann Elektro,"{""primary"":""Heinz-Peter Wöstmann Elektro""}","{""primary"":""Heinz-Peter Wöstmann Elektro"",""common"":{},""rules"":[]}",Eichenstraße 16,Eichenstraße 16,Waltrop,,0.9544061302681992,1.0
primary_agrees_json_differs,08f1f12cd0dad11b03c29971654cc5a7,Hanke Wohntextil Michael Hanke,Hanke Wohntextil Michael Hanke,"{""primary"":""Hanke Wohntextil Michael Hanke""}","{""primary"":""Hanke Wohntextil Michael Hanke"",""common"":{},""rules"":[]}",Beurhausstr. 63,Beurhausstr. 63,Dortmund,North Rhine-Westphalia,0.77,1.0
primary_agrees_json_differs,08f1f15b5155a02c03727c45a590f14b,Hans-Werner Süfke Taxi- und Reisebusunternehmen e. K.,Hans-Werner Süfke Taxi- und Reisebusunternehmen e. K.,"{""primary"":""Hans-Werner Süfke Taxi- und Reisebusunternehmen e. K.""}","{""primary"":""Hans-Werner Süfke Taxi- und Reisebusunternehmen e. K."",""common"":{},""rules"":[]}",Hamburger Str. 35,Hamburger Str. 35,Henstedt Ulzburg,Schleswig-Holstein,0.77,1.0
primary_agrees_json_differs,08f1f1a4e530eca00354ca529f964738,Hohe Reuth,Hohe Reuth,"{""primary"":""Hohe Reuth""}","{""primary"":""Hohe Reuth"",""common"":{},""rules"":[]}",Kleinbocka 23,Kleinbocka 22,Bocka,,0.6214335421016005,1.0
primary_agrees_json_differs,08f1f1a732635ab303e43536cf885561,Hermes PaketShop,Hermes PaketShop,"{""primary"":""Hermes PaketShop""}","{""primary"":""Hermes PaketShop"",""common"":{},""rules"":[]}",Hauptstr. 12,Hauptstraße 12B,Ronneburg,Thuringia,0.77,1.0
primary_agrees_json_differs,08f1f1d48271dd9a03e63a527131eb83,GEERS Hörgeräte,GEERS Hörgeräte,"{""primary"":""GEERS Hörgeräte""}","{""primary"":""GEERS Hörgeräte"",""common"":{},""rules"":[]}",Reichsstraße 102,Reichsstraße 102,Berlin,,0.9828411287205256,1.0
primary_agrees_json_differs,08f1f302641ad48a03afd98693f81380,Reformhaus Schulze,Reformhaus Schulze,"{""primary"":""Reformhaus Schulze""}","{""primary"":""Reformhaus Schulze"",""common"":{},""rules"":[]}",Stephanstr. 7,Stephanstr. 7,Sylt,Schleswig-Holstein,0.77,1.0
primary_agrees_json_differs,08f1f334998d0c83037566e9261e0305,JKS - Brandschutz,JKS - Brandschutz,"{""primary"":""JKS - Brandschutz""}","{""primary"":""JKS - Brandschutz"",""common"":{},""rules"":[]}",Kastanienweg 11,Kastanienweg 11,Wangerland,Lower Saxony,0.77,1.0
primary_agrees_json_differs,08f1f81172844d5b03c3aacfd8bfa4d9,KFZ-Meisterbetrieb Thorsten Rall,KFZ-Meisterbetrieb Thorsten Rall,"{""primary"":""KFZ-Meisterbetrieb Thorsten Rall""}","{""primary"":""KFZ-Meisterbetrieb Thorsten Rall"",""common"":{},""rules"":[]}",Hafnerweg 21,Hafnerweg 21,Fluorn-Winzeln,,0.9645127118644068,1.0
primary_agrees_json_differs,08f1f81d0d4cd88a039186e82786606f,Waffeltraum,Waffeltraum,"{""primary"":""Waffeltraum""}","{""primary"":""Waffeltraum"",""common"":{},""rules"":[]}",Sonnenplatz 1,Sonnenplatz 1,Lahr/Schwarzwald,,0.9837452982267598,1.0
primary_agrees_json_differs,08f1f88b66880d2e0385b0548cd07ca6,Rossmann,Rossmann,"{""primary"":""Rossmann""}","{""primary"":""Rossmann"",""common"":{},""rules"":[]}",Rodelweg 7B,Rodelweg 7 b,Schäftlarn,,0.9523423423423424,1.0
primary_agrees_json_differs,08f1f892da899a860340938926a80598,Elektrotechnik Pichler GmbH,Elektrotechnik Pichler GmbH,"{""primary"":""Elektrotechnik Pichler GmbH""}","{""primary"":""Elektrotechnik Pichler GmbH"",""common"":{},""rules"":[]}",Markt 42,Markt 42,Wagrain,5,0.9544061302681992,1.0
primary_agrees_json_differs,08f1f8a94a116a8203a4236cd8d08671,Hotel Trisanna,Hotel Trisanna,"{""primary"":""Hotel Trisanna""}","{""primary"":""Hotel Trisanna"",""common"":{},""rules"":[]}",Dorfstraße 28,Dorfstraße 28,Ischgl,,0.9837452982267598,1.0
primary_agrees_json_differs,08f1f8c19bdb66d5036e45d270231b34,Jugendhaus,Jugendhaus,"{""primary"":""Jugendhaus""}","{""primary"":""Jugendhaus"",""common"":{},""rules"":[]}",Rabenstraße 43,Rabenstraße 43,Laupheim,,0.9645127118644068,1.0
primary_agrees_json_differs,08f1f8c4c4d82518033f6e15b29260df,SBZ Bad Waldsee,SBZ Bad Waldsee,"{""primary"":""SBZ Bad Waldsee""}","{""primary"":""SBZ Bad Waldsee"",""common"":{},""rules"":[]}",Klosterhof 3,Klosterhof 3,Bad Waldsee,,0.6214335421016005,1.0
primary_agrees_json_differs,08f1f8c8a516d01e03105233267a35e0,Steuerkanzlei Straub,Steuerkanzlei Straub,"{""primary"":""Steuerkanzlei Straub""}","{""primary"":""Steuerkanzlei Straub"",""common"":{},""rules"":[]}",Überkinger Str. 21,Überkinger Str. 21,Geislingen an der Steige,Baden-Wurttemberg,0.77,1.0
primary_agrees_json_differs,08f1f8d71061ab40032d6ff7dd60854d,Berittene Polizei,Berittene Polizei,"{""primary"":""Berittene Polizei""}","{""primary"":""Berittene Polizei"",""common"":{},""rules"":[]}",Schichtlstraße 46,Schichtlstr. 46,München,,0.3941504178272981,1.0
primary_agrees_json_differs,08f1f8d7859056ab03c930b7fd6274ab,Glaserei Mauracher,Glaserei Mauracher,"{""primary"":""Glaserei Mauracher""}","{""primary"":""Glaserei Mauracher"",""common"":{},""rules"":[]}",Bayerwaldstraße 29,Bayerwaldstr. 29,München,,0.9467515923566879,1.0
primary_agrees_json_differs,08f1f8d7b4d1e1100368356cbdeaebad,Baumann Busbetrieb GmbH,Baumann Busbetrieb GmbH,"{""primary"":""Baumann Busbetrieb GmbH""}","{""primary"":""Baumann Busbetrieb GmbH"",""common"":{},""rules"":[]}",Barmseestraße 7,Barmseestraße 7,München,,0.9645127118644068,1.0
primary_agrees_json_differs,08f1f90209466d5e031c6fb8c6dc1846,Kyriel Conseils,Kyriel Conseils,"{""primary"":""Kyriel Conseils""}","{""primary"":""Kyriel Conseils"",""common"":{},""rules"":[]}",11 Place des Minimes,11 Place des Minimes,Lyon,,0.9445655559015883,1.0
primary_agrees_json_differs,08f1f91281a001a90372cbbd92048eea,Boisseau Coat Véronique,Boisseau Coat Véronique,"{""primary"":""Boisseau Coat Véronique""}","{""primary"":""Boisseau Coat Véronique"",""common"":{},""rules"":[]}",215 Impasse de la Piste Cyclable,215 Impasse de la Piste Cyclable,Saint-Jorioz,,0.9445655559015883,1.0
primary_agrees_json_differs,08f1f9136ed43af60307063458bcf83f,Maison Janin,Maison Janin,"{""primary"":""Maison Janin""}","{""primary"":""Maison Janin"",""common"":{},""rules"":[]}",205 Route de Serry,205 route de Serry,Fillinges,,0.9837452982267598,1.0
primary_agrees_json_differs,08f1f93361b26d6e03d65744bdd97435,MAPA Assurances,MAPA Assurances,"{""primary"":""MAPA Assurances""}","{""primary"":""MAPA Assurances"",""common"":{},""rules"":[]}",1 Avenue Rhin et Danube,1 Avenue Rhin et Danube,Grenoble,,0.9544061302681992,1.0
primary_agrees_json_differs,08f1f98309c818e2031f63160394380f,Parchetto di Via Generali,Parchetto di Via Generali,"{""primary"":""Parchetto di Via Generali""}","{""primary"":""Parchetto di Via Generali"",""common"":{},""rules"":[]}",Via Pietro Generali,Via Pietro Generali,Novara,,0.6214335421016005,1.0
primary_agrees_json_differs,08f1f984020a6a4503aafa606b86ea48,Borromeo Dott.ssa Pierangela Rosetta,Borromeo Dott.ssa Pierangela Rosetta,"{""primary"":""Borromeo Dott.ssa Pierangela Rosetta""}","{""primary"":""Borromeo Dott.ssa Pierangela Rosetta"",""common"":{},""rules"":[]}","Piazza Sabotino, 1","Piazza Sabotino, 1",Torino,TO,0.77,1.0
primary_agrees_json_differs,08f1f9925a0102b40334fdcbede94f22,Pinacoteca Pasinetti,Pinacoteca Pasinetti,"{""primary"":""Pinacoteca Pasinetti""}","{""primary"":""Pinacoteca Pasinetti"",""common"":{},""rules"":[]}","Via Trieste, 56",Via Trieste 56,Montichiari,25,0.6214335421016005,1.0
primary_agrees_json_differs,08f1f994de929c6d0358ab84c54adef2,Bar Picchio,Bar Picchio,"{""primary"":""Bar Picchio""}","{""primary"":""Bar Picchio"",""common"":{},""rules"":[]}","Via Martiri Partigiani, 82",Via Nazionale,Stradella,25,0.9645127118644068,1.0
primary_agrees_json_differs,08f1f99c128c104d037db8167423c1bf,Farmacia San Lorenzo,Farmacia San Lorenzo,"{""primary"":""Farmacia San Lorenzo""}","{""primary"":""Farmacia San Lorenzo"",""common"":{},""rules"":[]}","Via Benedetto Croce, 2",Via Benedetto Croce 2,Parabiago,25,0.9837452982267598,1.0
primary_agrees_json_differs,08f1f99cd90138550319409766ad93da,Area Cani,Area Cani,"{""primary"":""Area Cani""}","{""primary"":""Area Cani"",""common"":{},""rules"":[]}","Via Lattanzio, 37",Piazzale Libia,Milano,25,0.9445655559015883,1.0
primary_agrees_json_differs,08f1f9b5987326f00333fba28cfa8efa,Case delle Fate,Case delle Fate,"{""primary"":""Case delle Fate""}","{""primary"":""Case delle Fate"",""common"":{},""rules"":[]}","Via Agostino Ghiglieri, 17","Via Agostino Ghiglieri, 17",Finale Ligure,42,0.3941504178272981,1.0
primary_agrees_json_differs,08f1fa0a00c54c720343c7d0aa5831ba,Tabak Jurewicz,Tabak Jurewicz,"{""primary"":""Tabak Jurewicz""}","{""primary"":""Tabak Jurewicz"",""common"":{},""rules"":[]}",Bismarckstraße 107,Bismarckstraße 107,Aachen,,0.48103896103896104,1.0
primary_agrees_json_differs,08f1fa18edaa60b203dd41f0de58a183,VR mobile Pflegedienst,VR mobile Pflegedienst,"{""primary"":""VR mobile Pflegedienst""}","{""primary"":""VR mobile Pflegedienst"",""common"":{},""rules"":[]}",Im Auel 34,Im Auel 34,Engelskirchen,North Rhine-Westphalia,0.77,1.0
primary_agrees_json_differs,08f1fa19882dc90203f8a84197143081,McDonald's,McDonald's,"{""primary"":""McDonald's""}","{""primary"":""McDonald's"",""common"":{},""rules"":[]}",Mülheimer Zubringer 142,Clevischer Ring 1,Köln,,0.9962614185921548,1.0
primary_agrees_json_differs,08f1fa3715670d9003b992b2169fe0e6,Amtsgericht Merzig,Amtsgericht Merzig,"{""primary"":""Amtsgericht Merzig""}","{""primary"":""Amtsgericht Merzig"",""common"":{},""rules"":[]}",Wilhelmstraße 2,Wilhelmstraße 2,Merzig,,0.9544061302681992,1.0
primary_agrees_json_differs,08f1fa5290a1bb24032aa1147c2c2434,Björn Klose Steuerberater,Björn Klose Steuerberater,"{""primary"":""Björn Klose Steuerberater""}","{""primary"":""Björn Klose Steuerberater"",""common"":{},""rules"":[]}",Rheindorfer Weg 3,Rheindorfer Weg 3,Düsseldorf,North Rhine-Westphalia,0.77,1.0
primary_agrees_json_differs,08f1fa5b010ab293030b6022cf9dd0f4,Messing Bedachung und Holzbau UG,Messing Bedachung und Holzbau UG,"{""primary"":""Messing Bedachung und Holzbau UG""}","{""primary"":""Messing Bedachung und Holzbau UG"",""common"":{},""rules"":[]}",Büngerner Allee 7,Büngerner Allee 7,Rhede,,0.28686635944700467,1.0
primary_agrees_json_differs,08f1fa9c62a634f40364c2cf897ac125,Action,Action,"{""primary"":""Action""}","{""primary"":""Action"",""common"":{},""rules"":[]}",Am Lerchenfeld 3,Am Lerchenfeld 3,Neustadt bei Coburg,Bavaria,0.77,1.0
primary_agrees_json_differs,08f1faa4266f100503bc6f301a284fc8,Elektro Mürle GmbH,Elektro Mürle GmbH,"{""primary"":""Elektro Mürle GmbH""}","{""primary"":""Elektro Mürle GmbH"",""common"":{},""rules"":[]}",Oberer Hardweg 8,Oberer Hardweg 8,Pforzheim,,0.9918379237288135,1.0
primary_agrees_json_differs,08f1faac90c652d00389d9ac1e94037f,Poschmann Contactlinsen,Poschmann Contactlinsen,"{""primary"":""Poschmann Contactlinsen""}","{""primary"":""Poschmann Contactlinsen"",""common"":{},""rules"":[]}",Ludwig-Wilhelm-Str. 2,Ludwig-Wilhelm-Str. 2,Karlsruhe,Baden-Wurttemberg,0.77,1.0
primary_agrees_json_differs,08f1fab35159a36303681e92abd4a35d,Augenzentrum Neumarkt,Augenzentrum Neumarkt,"{""primary"":""Augenzentrum Neumarkt""}","{""primary"":""Augenzentrum Neumarkt"",""common"":{},""rules"":[]}",Untere Marktstraße 1A,Obere Marktstraße 1A,Neumarkt in der Oberpfalz,,0.7927927927927928,1.0
primary_agrees_json_differs,08f1faba31a060030311b939ef52c6da,Casino Lichtspiele,Casino Lichtspiele,"{""primary"":""Casino Lichtspiele""}","{""primary"":""Casino Lichtspiele"",""common"":{},""rules"":[]}",Eschenauer Hauptstraße 55,Orchideenstraße 29,Eckental,,0.9544061302681992,1.0
primary_agrees_json_differs,08f1fabba032cb89033daa86012d2d52,Kinderarzt Koch,Kinderarzt Koch,"{""primary"":""Kinderarzt Koch""}","{""primary"":""Kinderarzt Koch"",""common"":{},""rules"":[]}",Michael-Vogel-Str. 1,Michael-Vogel-Str.  1,Erlangen,Bayern,0.77,1.0
primary_agrees_json_differs,08f1fae325c4aa0b031a8be4749b0d49,Restaurant Dejan,Restaurant Dejan,"{""primary"":""Restaurant Dejan""}","{""primary"":""Restaurant Dejan"",""common"":{},""rules"":[]}",In der Neuen Lach 15,In der neuen Lach 15,Dreieich,,0.9837452982267598,1.0
primary_agrees_json_differs,08f1fae49dd8a96c03fbf37390836125,Pfalzklinikum,Pfalzklinikum,"{""primary"":""Pfalzklinikum""}","{""primary"":""Pfalzklinikum"",""common"":{},""rules"":[]}",Albert-Schweitzer-Straße 64,Albert-Schweitzer-Straße 64,Kaiserslautern,,0.9837452982267598,1.0
primary_agrees_json_differs,08f1fae52413460803d4a1d7b6ee7184,SooFit GmbH,SooFit GmbH,"{""primary"":""SooFit GmbH""}","{""primary"":""SooFit GmbH"",""common"":{},""rules"":[]}",Johannisplatz 1,Johannisplatz 1,Bad Sobernheim,,0.9837452982267598,1.0
primary_agrees_json_differs,08f1faec4358632303ba80ddd88dd1e3,Madet Tattoo & Piercing,Madet Tattoo & Piercing,"{""primary"":""Madet Tattoo & Piercing""}","{""primary"":""Madet Tattoo & Piercing"",""common"":{},""rules"":[]}",Schmittstraße 57,Schmittstrasse 57,Bingen am Rhein,,0.9837452982267598,1.0
primary_agrees_json_differs,08f1fb0930ba9494034518784add47c4,Port de Neuilly sur Marne,Port de Neuilly sur Marne,"{""primary"":""Port de Neuilly sur Marne""}","{""primary"":""Port de Neuilly sur Marne"",""common"":{},""rules"":[]}",chemin de l'Écluse,Chemin de l'écluse,,,0.48103896103896104,1.0
primary_agrees_json_differs,08f1fb42c24620c5034d202923cfa396,Société Duhamel,Société Duhamel,"{""primary"":""Société Duhamel""}","{""primary"":""Société Duhamel"",""common"":{},""rules"":[]}",32 Allée Henri de Montherlant,32 Allée Henry de Montherlant,Claye-Souilly,,0.23154848046309695,1.0
primary_agrees_json_differs,08f1fb42f16a4c8103a7922f9ea0f69d,Pharmacie de la Gare,Pharmacie de la Gare,"{""primary"":""Pharmacie de la Gare""}","{""primary"":""Pharmacie de la Gare"",""common"":{},""rules"":[]}",22B Route de Claye,22B Route de Claye,Mitry-Mory,,0.9445655559015883,1.0
primary_agrees_json_differs,08f1fb462b532b0103e6c0413e1c421a,Kaiser Kebab,Kaiser Kebab,"{""primary"":""Kaiser Kebab""}","{""primary"":""Kaiser Kebab"",""common"":{},""rules"":[]}",106 Avenue Édouard Vaillant,106 avenue Edouard Vaillant,Boulogne-Billancourt,,0.9645127118644068,1.0
primary_agrees_json_differs,08f1fb4662c8363303fb90bbcdd4a7f6,Café Benjamin,Café Benjamin,"{""primary"":""Café Benjamin""}","{""primary"":""Café Benjamin"",""common"":{},""rules"":[]}",53 Rue de Rivoli,53 rue de Rivoli,Paris,,0.9837452982267598,1.0
primary_agrees_json_differs,08f1fb46cb4ea1430303a2f22f4bba24,Les Opticiens Conseils,Les Opticiens Conseils,"{""primary"":""Les Opticiens Conseils""}","{""primary"":""Les Opticiens Conseils"",""common"":{},""rules"":[]}",73 Rue Pierre Brossolette,73 rue Pierre Brossolette,Ris-Orangis,,0.9467515923566879,1.0
primary_agrees_json_differs,08f260d8018c42ac030234eda4bdb247,Jackson Hewitt Tax Service,Jackson Hewitt Tax Service,"{""primary"":""Jackson Hewitt Tax Service""}","{""primary"":""Jackson Hewitt Tax Service"",""common"":{},""rules"":[]}",3420 Merle Hay Rd,3510 Merle Hay Rd,Des Moines,IA,0.9837452982267598,1.0
primary_agrees_json_differs,08f2626c6660c31803d3a11019338da7,LibertyX Bitcoin ATM,LibertyX Bitcoin ATM,"{""primary"":""LibertyX Bitcoin ATM""}","{""primary"":""LibertyX Bitcoin ATM"",""common"":{},""rules"":[]}",239 Main Ave E,"239 Main Ave E # 60",West Fargo,ND,0.9445655559015883,1.0
primary_agrees_json_differs,08f2649adb92d4ac03ed8369845e17ad,LibertyX Bitcoin ATM,LibertyX Bitcoin ATM,"{""primary"":""LibertyX Bitcoin ATM""}","{""primary"":""LibertyX Bitcoin ATM"",""common"":{},""rules"":[]}",6782 Old Madison Pike NW,6782 Madison Pike,Huntsville,AL,0.9544061302681992,1.0
primary_agrees_json_differs,08f264b64410eb4e03687ddf85880268,Pizza Hut,Pizza Hut,"{""primary"":""Pizza Hut""}","{""primary"":""Pizza Hut"",""common"":{},""rules"":[]}",220 Interchange Dr,418 Interchange Dr,Fulton,MS,0.9962614185921548,1.0
primary_agrees_json_differs,08f264d10ba2b3b603ed82ff0fa1352d,K&S World Market,K&S World Market,"{""primary"":""K&S World Market""}","{""primary"":""K&S World Market"",""common"":{},""rules"":[]}",4225 Nolensville Pike,4225 Nolensville Pike,Nashville,TN,0.9837452982267598,1.0
primary_agrees_json_differs,08f2661b21895b210306896855369f9a,Jason's Deli,Jason's Deli,"{""primary"":""Jason's Deli""}","{""primary"":""Jason's Deli"",""common"":{},""rules"":[]}",4026 E 82nd St,4130 E 82nd St,Indianapolis,IN,0.77,1.0
primary_agrees_json_differs,08f26640c5d56b98037b65a2b1e38cf7,Sports Equipment Improvements,Sports Equipment Improvements,"{""primary"":""Sports Equipment Improvements""}","{""primary"":""Sports Equipment Improvements"",""common"":{},""rules"":[]}",1005 Merrillville Rd,1005 Merrillville Rd,Crown Point,IN,0.77,1.0
primary_agrees_json_differs,08f2664c1ac147b303398c7666393849,Starbucks,Starbucks,"{""primary"":""Starbucks""}","{""primary"":""Starbucks"",""common"":{},""rules"":[]}",40 N Clinton St,540 W. Madison,Chicago,IL,0.9962614185921548,1.0
primary_agrees_json_differs,08f2668b3512546603ca04719ea8b6ab,Kentucky Driving School,Kentucky Driving School,"{""primary"":""Kentucky Driving School""}","{""primary"":""Kentucky Driving School"",""common"":{},""rules"":[]}",3715 Bardstown Rd,3715 Bardstown Rd,Louisville,KY,0.48103896103896104,1.0
primary_agrees_json_differs,08f268cdab2b07b403271eee0f65e739,Starbucks,Starbucks,"{""primary"":""Starbucks""}","{""primary"":""Starbucks"",""common"":{},""rules"":[]}",290 S Broadway,500 S Broadway,Denver,CO,0.9962614185921548,1.0
primary_agrees_json_differs,08f26c189dc58a150303c43c9fd939fa,Greener Grass,Greener Grass,"{""primary"":""Greener Grass""}","{""primary"":""Greener Grass"",""common"":{},""rules"":[]}",4835 NW 10th St,4835 NW 10th St,Oklahoma City,OK,0.9803712632594022,1.0
primary_agrees_json_differs,08f26c80e668a31403ae0dccda17e22d,7-Eleven,7-Eleven,"{""primary"":""7-Eleven""}","{""primary"":""7-Eleven"",""common"":{},""rules"":[]}",2101 N Preston Rd,3899-3875 W Frontier Pkwy,Prosper,TX,0.9962614185921548,1.0
primary_agrees_json_differs,08f274b74c58d40503b8f3220c937c9e,Starbucks,Starbucks,"{""primary"":""Starbucks""}","{""primary"":""Starbucks"",""common"":{},""rules"":[]}",242 N Oakland Ave,1530 E Market St,Nappanee,IN,0.9962614185921548,1.0
primary_agrees_json_differs,08f274d15017260003b9bda541978947,Law Office of Lynnmarie Johnson,Law Office of Lynnmarie Johnson,"{""primary"":""Law Office of Lynnmarie Johnson""}","{""primary"":""Law Office of Lynnmarie Johnson"",""common"":{},""rules"":[]}",4488 W Bristol Rd,4488 W Bristol Rd Ste 225,Flint,MI,0.28686635944700467,1.0
primary_agrees_json_differs,08f275997435e5300384496692e0a4e7,R B Machine Design,R B Machine Design,"{""primary"":""R B Machine Design""}","{""primary"":""R B Machine Design"",""common"":{},""rules"":[]}",4727 Singing Trees Dr,4727 Singing Trees Dr,Racine,WI,0.77,1.0
primary_agrees_json_differs,08f2763a1974381803002c1079799311,Northland Adult Learning Centre,Northland Adult Learning Centre,"{""primary"":""Northland Adult Learning Centre""}","{""primary"":""Northland Adult Learning Centre"",""common"":{},""rules"":[]}",440 Northland Rd,440 Northland Rd,Sault Ste Marie,ON,0.9837452982267598,1.0
primary_agrees_json_differs,08f2802a256f2c6e036543725df38d6b,Johnny's Flooring & Window Coverings,Johnny's Flooring & Window Coverings,"{""primary"":""Johnny's Flooring & Window Coverings""}","{""primary"":""Johnny's Flooring & Window Coverings"",""common"":{},""rules"":[]}",465 N Fortuna Blvd,465 N Fortuna Blvd,Fortuna,CA,0.9645127118644068,1.0
primary_agrees_json_differs,08f2802adab6e00c030a1be91d4875ee,Carriage House,Carriage House,"{""primary"":""Carriage House""}","{""primary"":""Carriage House"",""common"":{},""rules"":[]}",937 10th St,958 10th St.,Arcata,CA,0.9645127118644068,1.0
primary_agrees_json_differs,08f2832ba14766ea034b11f02bf27173,Vietnamese Buddhist Association of Sacramento,Vietnamese Buddhist Association of Sacramento,"{""primary"":""Vietnamese Buddhist Association of Sacramento""}","{""primary"":""Vietnamese Buddhist Association of Sacramento"",""common"":{},""rules"":[]}",3119 Alta Arden Expy,3119 Alta Arden Expy,Sacramento,CA,0.48103896103896104,1.0
primary_agrees_json_differs,08f2884264903c5e035a2273b1a1c320,U-Haul Neighborhood Dealer,U-Haul Neighborhood Dealer,"{""primary"":""U-Haul Neighborhood Dealer""}","{""primary"":""U-Haul Neighborhood Dealer"",""common"":{},""rules"":[]}",6213 Cleveland Blvd,5116 Laster Ln,Caldwell,ID,0.77,1.0
primary_agrees_json_differs,08f28d542c8d230903943451a3bc73cf,Starbucks,Starbucks,"{""primary"":""Starbucks""}","{""primary"":""Starbucks"",""common"":{},""rules"":[]}",1400 6th Ave,400 Pine St,Seattle,WA,0.77,1.0
primary_agrees_json_differs,08f28d595372a1030306517a765d208d,Creation Organics,Creation Organics,"{""primary"":""Creation Organics""}","{""primary"":""Creation Organics"",""common"":{},""rules"":[]}",2640 SE Old Olympic Hwy,2640 SE Old Olympic Hwy,Shelton,WA,0.9645127118644068,1.0
primary_agrees_json_differs,08f2986a00c0a6240346c25da2e79e37,Jay's Carpet Cleaning,Jay's Carpet Cleaning,"{""primary"":""Jay's Carpet Cleaning""}","{""primary"":""Jay's Carpet Cleaning"",""common"":{},""rules"":[]}",1409 Dream Bridge Dr,1409 Dream Bridge Dr,Las Vegas,NV,0.9872500778573653,1.0
primary_agrees_json_differs,08f29a18f52a831d03483fed75110314,LibertyX Bitcoin ATM,LibertyX Bitcoin ATM,"{""primary"":""LibertyX Bitcoin ATM""}","{""primary"":""LibertyX Bitcoin ATM"",""common"":{},""rules"":[]}",21051 Sherman Way,21051 Sherman Way,Los Angeles,CA,0.9877528662420382,1.0
primary_agrees_json_differs,08f29a19a2971d0003d7cf4ffd837d25,Coin Cloud Bitcoin ATM,Coin Cloud Bitcoin ATM,"{""primary"":""Coin Cloud Bitcoin ATM""}","{""primary"":""Coin Cloud Bitcoin ATM"",""common"":{},""rules"":[]}",449 W Manchester Ave,449 W Manchester Ave,Los Angeles,CA,0.9445655559015883,1.0
primary_agrees_json_differs,08f29a860dc1a18803e137c5f5fa6dce,Adventist Health Community Care,Adventist Health Community Care,"{""primary"":""Adventist Health Community Care""}","{""primary"":""Adventist Health Community Care"",""common"":{},""rules"":[]}",1041 Rose Ave,1041 Rose Ave,Selma,CA,0.9962614185921548,1.0
primary_agrees_json_differs,08f29ab9838a887003228c3395264b47,Elite Medical & Dental Supply,Elite Medical & Dental Supply,"{""primary"":""Elite Medical & Dental Supply""}","{""primary"":""Elite Medical & Dental Supply"",""common"":{},""rules"":[]}",110 W Pontiac Way,"110 W Pontiac Way Suite #112",Clovis,CA,0.9962614185921548,1.0
primary_agrees_json_differs,08f29ad19ccb66aa03877513c944137c,Plaza Cleaners,Plaza Cleaners,"{""primary"":""Plaza Cleaners""}","{""primary"":""Plaza Cleaners"",""common"":{},""rules"":[]}",8546 El Camino Real,4268 El Camino Real,Atascadero,CA,0.9962614185921548,1.0
primary_agrees_json_differs,08f29b6d76129bb503917134878c42fe,Domino's Pizza,Domino's Pizza,"{""primary"":""Domino's Pizza""}","{""primary"":""Domino's Pizza"",""common"":{},""rules"":[]}",6766 W Glendale Ave,5821 N 67th Ave Ste 110,Glendale,AZ,0.9962614185921548,1.0
primary_agrees_json_differs,08f2a100d2c1e8dd03a76caaa6fa3b94,KFC,KFC,"{""primary"":""KFC""}","{""primary"":""KFC"",""common"":{},""rules"":[]}",2 Penn Plz,1286 Broadway,New York,NY,0.9467515923566879,1.0
primary_agrees_json_differs,08f2a100dd82c68103a075bfbd859171,CubeSmart Self Storage,CubeSmart Self Storage,"{""primary"":""CubeSmart Self Storage""}","{""primary"":""CubeSmart Self Storage"",""common"":{},""rules"":[]}",11-25 Wyckoff Ave,1060 Wyckoff Ave,Ridgewood,NY,0.9962614185921548,1.0
primary_agrees_json_differs,08f2a10725353a42033a6d2ead5859a2,Starbucks,Starbucks,"{""primary"":""Starbucks""}","{""primary"":""Starbucks"",""common"":{},""rules"":[]}",435 W 31st St,401 9th Ave,New York,NY,0.9837452982267598,1.0
primary_agrees_json_differs,08f2a107298e431c0386a137a00c7d6c,Walgreens,Walgreens,"{""primary"":""Walgreens""}","{""primary"":""Walgreens"",""common"":{},""rules"":[]}",120 Court St,44 Court St,Brooklyn,NY,0.9962614185921548,1.0
primary_agrees_json_differs,08f2a10aaba5c06303d8a67958549713,Domino's Pizza,Domino's Pizza,"{""primary"":""Domino's Pizza""}","{""primary"":""Domino's Pizza"",""common"":{},""rules"":[]}",111 W Sunrise Hwy,1708 Sunrise Hwy,Lindenhurst,NY,0.9962614185921548,1.0
primary_agrees_json_differs,08f2a16d922a3a1b03f3a923ef742786,Subway,Subway,"{""primary"":""Subway""}","{""primary"":""Subway"",""common"":{},""rules"":[]}",54 Elm Street,Kingston St.,Delhi,NY,0.77,1.0
primary_agrees_json_differs,08f2a8478c48b8c003709bcceff3bbff,PNC Mortgage,PNC Mortgage,"{""primary"":""PNC Mortgage""}","{""primary"":""PNC Mortgage"",""common"":{},""rules"":[]}",456 Washington Ave,456 Washington Ave,Bridgeville,PA,0.3941504178272981,1.0
primary_agrees_json_differs,08f2a94b5c82d0e903a60abf30eac71f,Mercy Health,Mercy Health,"{""primary"":""Mercy Health""}","{""primary"":""Mercy Health"",""common"":{},""rules"":[]}",218 S Myrtle Ave,218 S Myrtle Ave,Willard,OH,0.77,1.0
primary_agrees_json_differs,08f2a956ac1630aa03e6d4de8f9c3db5,The Home Butler,The Home Butler,"{""primary"":""The Home Butler""}","{""primary"":""The Home Butler"",""common"":{},""rules"":[]}",1605 Shawnee Ave,1605 Shawnee Ave,Columbus,OH,0.23154848046309695,1.0
primary_agrees_json_differs,08f2aa38c18f37ac03f6031db0895b12,Starbucks,Starbucks,"{""primary"":""Starbucks""}","{""primary"":""Starbucks"",""common"":{},""rules"":[]}",30 Hub-Robeson Ctr,PENN STATE,State College,PA,0.9962614185921548,1.0
primary_agrees_json_differs,08f2aa6d81222d5103cc46ea132b83dd,Franklin Insurance Agency,Franklin Insurance Agency,"{""primary"":""Franklin Insurance Agency""}","{""primary"":""Franklin Insurance Agency"",""common"":{},""rules"":[]}",8111 Sheridan Dr,8111 Sheridan Dr,Buffalo,NY,0.9837452982267598,1.0
primary_agrees_json_differs,08f2aa859dba3af003731e8ef72ef347,International Bakery,International Bakery,"{""primary"":""International Bakery""}","{""primary"":""International Bakery"",""common"":{},""rules"":[]}",113 E Diamond Ave,113 E Diamond Ave,Gaithersburg,MD,0.6214335421016005,1.0
primary_agrees_json_differs,08f2aab6e2c4c0e40369f405f316dbdf,Hair Cuttery,Hair Cuttery,"{""primary"":""Hair Cuttery""}","{""primary"":""Hair Cuttery"",""common"":{},""rules"":[]}",5328 Wyndham Forest Dr,11343 Nuckols Rd,Glen Allen,VA,0.9962614185921548,1.0
primary_agrees_json_differs,08f2aad39db6e89303d4639eefa1f7a2,Popeyes Louisiana Kitchen,Popeyes Louisiana Kitchen,"{""primary"":""Popeyes Louisiana Kitchen""}","{""primary"":""Popeyes Louisiana Kitchen"",""common"":{},""rules"":[]}",19040 Coastal Hwy,4493 Coastal Hwy.,Rehoboth Beach,DE,0.9962614185921548,1.0
primary_agrees_json_differs,08f2ad619319c8d203917c31e8d4c6fe,Dollar General,Dollar General,"{""primary"":""Dollar General""}","{""primary"":""Dollar General"",""common"":{},""rules"":[]}",203 N Main St,112 N Main St,Broadway,NC,0.48103896103896104,1.0
primary_agrees_json_differs,08f2baa445ccd942033439b0e4c9936f,Cuir Mont-Royal,Cuir Mont-Royal,"{""primary"":""Cuir Mont-Royal""}","{""primary"":""Cuir Mont-Royal"",""common"":{},""rules"":[]}",1126 Avenue du Mont-Royal E,826-A Mont-Royal Est,Montréal,QC,0.9908651262761956,1.0
primary_agrees_json_differs,08f2c22cd2b09d2c03830794325f0921,Charlie Chaplin Coffee,Charlie Chaplin Coffee,"{""primary"":""Charlie Chaplin Coffee""}","{""primary"":""Charlie Chaplin Coffee"",""common"":{},""rules"":[]}",Terminal Dadaş Caddesi 1,1.Terminal Caddesi,Yakutiye,,0.3941504178272981,1.0
primary_agrees_json_differs,08f2e1b09352eb62034ea96997adb92d,ガスト 札幌手稲店,ガスト 札幌手稲店,"{""primary"":""ガスト 札幌手稲店""}","{""primary"":""ガスト 札幌手稲店"",""common"":{},""rules"":[]}",北海道札幌市手稲区前田４条１１丁目１−３１,手稲区前田4条11丁目1-31,札幌市手稲区,,0.6214335421016005,1.0
primary_agrees_json_differs,08f2e1b56b8c590103028a77f567edd4,大通公園メンタルクリニック,大通公園メンタルクリニック,"{""primary"":""大通公園メンタルクリニック""}","{""primary"":""大通公園メンタルクリニック"",""common"":{},""rules"":[]}",中央区大通西5丁目,中央区大通西5,,,0.9467515923566879,1.0
primary_agrees_json_differs,08f2e29c8c36620003aa01f0f85c372b,かっぱ寿司 いわき鹿島店,かっぱ寿司 いわき鹿島店,"{""primary"":""かっぱ寿司 いわき鹿島店""}","{""primary"":""かっぱ寿司 いわき鹿島店"",""common"":{},""rules"":[]}",福島県いわき市鹿島町久保２丁目１−３,鹿島町久保2-1-3,いわき市,,0.9962614185921548,1.0
primary_agrees_json_differs,08f2e6045d4cad5803116b100d18a53d,とり屋鈴木,とり屋鈴木,"{""primary"":""とり屋鈴木""}","{""primary"":""とり屋鈴木"",""common"":{},""rules"":[]}",愛知県一宮市開明新田郷３２−４,開明字新田郷32-4,一宮市,,0.48103896103896104,1.0
primary_agrees_json_differs,08f2e6054e8001800371b39d2b43ecfb,わらやき屋名古屋,わらやき屋名古屋,"{""primary"":""わらやき屋名古屋""}","{""primary"":""わらやき屋名古屋"",""common"":{},""rules"":[]}",愛知県名古屋市中村区名駅１丁目１−１,中村区名駅1丁目1-1,名古屋市中村区,,0.9837452982267598,1.0
primary_agrees_json_differs,08f2e6104152b2d4036ff2ede18ca76b,やぐら寿し 本店,やぐら寿し 本店,"{""primary"":""やぐら寿し 本店""}","{""primary"":""やぐら寿し 本店"",""common"":{},""rules"":[]}",大阪府大阪市大正区平尾４丁目２１−１８,大正区平尾4丁目21-2,大阪市大正区,,0.9544061302681992,1.0
primary_agrees_json_differs,08f2e610518e82c003d85d6549dfc74b,レアストーンズ,レアストーンズ,"{""primary"":""レアストーンズ""}","{""primary"":""レアストーンズ"",""common"":{},""rules"":[]}",大阪府大阪市西区立売堀１丁目４−９,西区立売堀1丁目4-9,大阪市西区,,0.9544061302681992,1.0
primary_agrees_json_differs,08f2e6127549829b03dc6ac61bfa281c,パパパピッピーズ,パパパピッピーズ,"{""primary"":""パパパピッピーズ""}","{""primary"":""パパパピッピーズ"",""common"":{},""rules"":[]}",須磨区行幸町3-7-24,須磨区行幸町3-7-24,Kobe-shi,28,0.7927927927927928,1.0
primary_agrees_json_differs,08f2e61409ac2cc103f2308e4eed641d,玉の湯,玉の湯,"{""primary"":""玉の湯""}","{""primary"":""玉の湯"",""common"":{},""rules"":[]}",中京区押小路通御幸町西入亀屋町401,中京区亀屋町401,,,0.7927927927927928,1.0
primary_agrees_json_differs,08f2e615ae38402e035e9d40fe922a22,児童発達支援・放課後等デイサービス PRIDEぷらす,児童発達支援・放課後等デイサービス PRIDEぷらす,"{""primary"":""児童発達支援・放課後等デイサービス PRIDEぷらす""}","{""primary"":""児童発達支援・放課後等デイサービス PRIDEぷらす"",""common"":{},""rules"":[]}",安養寺8丁目4-1,安養寺8丁目4-1,栗東市,滋賀県,0.77,1.0
primary_agrees_json_differs,08f2e638f4736c0003576ca335c06937,マキノ病院,マキノ病院,"{""primary"":""マキノ病院""}","{""primary"":""マキノ病院"",""common"":{},""rules"":[]}",滋賀県高島市マキノ町新保１０９７,マキノ町新保1097,高島市,,0.9544061302681992,1.0
primary_agrees_json_differs,08f2e644d0cac26b03e6d1add3a59cb8,オリーブの丘 浜松高林店,オリーブの丘 浜松高林店,"{""primary"":""オリーブの丘 浜松高林店""}","{""primary"":""オリーブの丘 浜松高林店"",""common"":{},""rules"":[]}",中区高林5丁目8-15,中央区高林5-8-15,浜松市,静岡県,0.77,1.0
primary_agrees_json_differs,08f2e644d470871603aabf3e7951fad7,あさか英会話,あさか英会話,"{""primary"":""あさか英会話""}","{""primary"":""あさか英会話"",""common"":{},""rules"":[]}",中区新津町 146-1,中区新津町 146-1 ホームズ朝香,浜松市,静岡県,0.77,1.0
primary_agrees_json_differs,08f2e69935a16700030fd8f2018a4b94,ベル・カントホール,ベル・カントホール,"{""primary"":""ベル・カントホール""}","{""primary"":""ベル・カントホール"",""common"":{},""rules"":[]}",広島県尾道市瀬戸田町瀬戸田５３５−１,瀬戸田町瀬戸田535-1,尾道市,,0.9837452982267598,1.0
primary_agrees_json_differs,08f2e69a294c671b036934ef56cd7425,ウォンツ 立町店,ウォンツ 立町店,"{""primary"":""ウォンツ 立町店""}","{""primary"":""ウォンツ 立町店"",""common"":{},""rules"":[]}",中区立町1-20,中区立町1-20,広島市,広島県,0.77,1.0
primary_agrees_json_differs,08f2e6e080ce50c003e8b295a966034e,豊岡グリーンホテルモーリス,豊岡グリーンホテルモーリス,"{""primary"":""豊岡グリーンホテルモーリス""}","{""primary"":""豊岡グリーンホテルモーリス"",""common"":{},""rules"":[]}",兵庫県豊岡市千代田町６−３２,千代田町6-32,豊岡市,,0.9837452982267598,1.0
primary_agrees_json_differs,08f2e74a846a54c003fe65f737d694ec,はなせん,はなせん,"{""primary"":""はなせん""}","{""primary"":""はなせん"",""common"":{},""rules"":[]}",群馬県前橋市国領町２丁目１０−１５,国領町2丁目10-15,前橋市,,0.9645127118644068,1.0
primary_agrees_json_differs,08f2e74d2b566b8003639aaabeb1bd6b,ほっともっと,ほっともっと,"{""primary"":""ほっともっと""}","{""primary"":""ほっともっと"",""common"":{},""rules"":[]}",壬生町大師町23-7,大師町23-7,,,0.9645127118644068,1.0
primary_agrees_json_differs,08f2e762d2854b14035ad9d73e479d28,宮のもり 木場城公園,宮のもり 木場城公園,"{""primary"":""宮のもり 木場城公園""}","{""primary"":""宮のもり 木場城公園"",""common"":{},""rules"":[]}",西区木場字堤126-6,西区木場字堤126-6,,,0.48103896103896104,1.0
primary_agrees_json_differs,08f2f5a32d36550403a2deeee1bdb2d8,バラ園,バラ園,"{""primary"":""バラ園""}","{""primary"":""バラ園"",""common"":{},""rules"":[]}",東京都千代田区千代田１−１,千代田1-1,千代田区,,0.48103896103896104,1.0
primary_agrees_json_differs,08f2f5a366c00795038b4c0f83352ee4,フォレストテラス明治神宮,フォレストテラス明治神宮,"{""primary"":""フォレストテラス明治神宮""}","{""primary"":""フォレストテラス明治神宮"",""common"":{},""rules"":[]}",東京都渋谷区代々木神園町１−１,代々木神園町1-1,渋谷区,,0.7927927927927928,1.0
primary_agrees_json_differs,08f2f5a37589cc640397796dcada338b,アイシティ 新宿マルイ本館店,アイシティ 新宿マルイ本館店,"{""primary"":""アイシティ 新宿マルイ本館店""}","{""primary"":""アイシティ 新宿マルイ本館店"",""common"":{},""rules"":[]}","新宿3丁目30-13, 新宿マルイ 本館 5F",新宿3丁目30-13 5F,新宿区,東京都,0.77,1.0
primary_agrees_json_differs,08f2f5aac3072d16030252b0011d0a23,品川キャナルビル,品川キャナルビル,"{""primary"":""品川キャナルビル""}","{""primary"":""品川キャナルビル"",""common"":{},""rules"":[]}",港南2-12-33,港南2-12-33,Minato-ku,13,0.48103896103896104,1.0
primary_agrees_json_differs,08f30cb6888a6b8003bbbb28b3707364,マルニ,マルニ,"{""primary"":""マルニ""}","{""primary"":""マルニ"",""common"":{},""rules"":[]}",市若宮町2丁目26-2,若宮町2丁目26-2,,,0.9645127118644068,1.0
primary_agrees_json_differs,08f30d9329ad8900038a0e0e26226ca3,理容スカイ,理容スカイ,"{""primary"":""理容スカイ""}","{""primary"":""理容スカイ"",""common"":{},""rules"":[]}",那珂川町中原2丁目132,那珂川町中原2丁目132 2F,,,0.9467515923566879,1.0
primary_agrees_json_differs,08f39203a98315b203744ca4d04e5df1,McDonald's,McDonald's,"{""primary"":""McDonald's""}","{""primary"":""McDonald's"",""common"":{},""rules"":[]}","Rúa Dos Lares Viales, s/n",R. do Fonsillón,Ourense,Orense,0.77,1.0
primary_agrees_json_differs,08f392a84676c3560380168c72f33b46,Juguetes Tadeo,Juguetes Tadeo,"{""primary"":""Juguetes Tadeo""}","{""primary"":""Juguetes Tadeo"",""common"":{},""rules"":[]}","Plaza Mayor, 5",,Medina del Campo,,0.9097222222222222,1.0
primary_agrees_json_differs,08f39601a8c728f403dfddb10196c679,Intérieur Métal,Intérieur Métal,"{""primary"":""Intérieur Métal""}","{""primary"":""Intérieur Métal"",""common"":{},""rules"":[]}",44 Rue des Champs Élysées,44 Rue des Champs Elysées,Toulouse,,0.9544061302681992,1.0
primary_agrees_json_differs,08f39649269994f403818c4353736049,Clinique de la Chaussure,Clinique de la Chaussure,"{""primary"":""Clinique de la Chaussure""}","{""primary"":""Clinique de la Chaussure"",""common"":{},""rules"":[]}",6B Rue Saint-Georges,6 Bis rue Saint-Georges,Mussidan,,0.9837452982267598,1.0
primary_agrees_json_differs,08f3969a162cb85603a3e5939ffafa20,Gazon 2000,Gazon 2000,"{""primary"":""Gazon 2000""}","{""primary"":""Gazon 2000"",""common"":{},""rules"":[]}",1470 Allée René Cassin,1470 allée Rene Cassin,Villeneuve-Loubet,,0.28671328671328666,1.0
primary_agrees_json_differs,08f3cc5a1476a45403ed1a0c115b1102,Axis Bank ATM,Axis Bank ATM,"{""primary"":""Axis Bank ATM""}","{""primary"":""Axis Bank ATM"",""common"":{},""rules"":[]}","Hotel Gitanjali Complex, Club Rd",Hotel Gitanjali Complex,,,0.9918379237288135,1.0
primary_agrees_json_differs,08f3cf289319db8203da952b074967d0,HDFC Bank ATM,HDFC Bank ATM,"{""primary"":""HDFC Bank ATM""}","{""primary"":""HDFC Bank ATM"",""common"":{},""rules"":[]}","No 3AC/232, Akashdeep Apartment, Prafulla Kanan","No 3AC/232, Akashdeep Apartment",Kolkata,West Bengal,0.77,1.0
primary_agrees_json_differs,08f3d8dcd512e31203442261919ab815,Axis Bank ATM,Axis Bank ATM,"{""primary"":""Axis Bank ATM""}","{""primary"":""Axis Bank ATM"",""common"":{},""rules"":[]}","31/93, Ground, 1st & 2nd Floor, MG Marg","31/93, Ground, 1st &  2nd Floor",Lucknow,Uttar Pradesh,0.77,1.0
primary_agrees_json_differs,08f3da10628053a503248b8a352da438,Pizza Hut,Pizza Hut,"{""primary"":""Pizza Hut""}","{""primary"":""Pizza Hut"",""common"":{},""rules"":[]}","B 408, 3rd Floor, Dlf Mall Of India","FC6, 4th Floor, DLF Mall of India,Plot No M3",,,0.9962614185921548,1.0
primary_agrees_json_differs,08f3da115eb8818403b3df5f75387e60,HDFC Bank ATM,HDFC Bank ATM,"{""primary"":""HDFC Bank ATM""}","{""primary"":""HDFC Bank ATM"",""common"":{},""rules"":[]}","No B36, Lajpat Nagar 2","B â€“ 36, Lajpat Nagar Ii",New Delhi,Delhi,0.77,1.0
primary_agrees_json_differs,08f3f6155adb4800030ff0e1a6f584ea,McDonald's,McDonald's,"{""primary"":""McDonald's""}","{""primary"":""McDonald's"",""common"":{},""rules"":[]}","Teraspark Avm Dr, 55. Sokak 12",Teras Park,Merkezefendi,,0.282258064516129,1.0
primary_agrees_json_differs,08f3f62b94005b0203c0fd06440ecc62,Diş Hekimi Gülden Ege,Diş Hekimi Gülden Ege,"{""primary"":""Diş Hekimi Gülden Ege""}","{""primary"":""Diş Hekimi Gülden Ege"",""common"":{},""rules"":[]}",,,,,0.48103896103896104,1.0
primary_agrees_json_differs,08f416968c9186c103e61588314f8f3d,K.C. สุกี้,K.C. สุกี้,"{""primary"":""K.C. สุกี้""}","{""primary"":""K.C. สุกี้"",""common"":{},""rules"":[]}",,,,,0.48103896103896104,1.0
primary_agrees_json_differs,08f424927109622803649838ac7eb6a2,YES Bank ATM,YES Bank ATM,"{""primary"":""YES Bank ATM""}","{""primary"":""YES Bank ATM"",""common"":{},""rules"":[]}","B24/130/1, Samrala Road, Dharampura","B24/130/1, Samrala Road",Ludhiana,Punjab,0.77,1.0
primary_agrees_json_differs,08f42c276614bad9031064c036045443,HDFC Bank ATM,HDFC Bank ATM,"{""primary"":""HDFC Bank ATM""}","{""primary"":""HDFC Bank ATM"",""common"":{},""rules"":[]}","Jetpur Road, Gidc",Jetpur Road,Junagadh,Gujarat,0.77,1.0
primary_agrees_json_differs,08f42ceb512c100003192d96f3b0ae69,KFC,KFC,"{""primary"":""KFC""}","{""primary"":""KFC"",""common"":{},""rules"":[]}","Arya Bungalows, 13",Prahaladnagar,Ahmedabad,GJ,0.9837452982267598,1.0
primary_agrees_json_differs,08f438c2a4b2834003ef6d541c6af5db,KFC,KFC,"{""primary"":""KFC""}","{""primary"":""KFC"",""common"":{},""rules"":[]}","Plaza Mall, Madinat Al Sultan Qaboos",Al Madina Plaza,Muscat,,0.7927927927927928,1.0
primary_agrees_json_differs,08f441a113b6e72b037c592992e25855,Starbucks,Starbucks,"{""primary"":""Starbucks""}","{""primary"":""Starbucks"",""common"":{},""rules"":[]}",4202 E Fowler Ave,USF Library,Tampa,FL,0.9962614185921548,1.0
primary_agrees_json_differs,08f441a8cc7a954c03b8294d00fa9584,U-Haul Neighborhood Dealer,U-Haul Neighborhood Dealer,"{""primary"":""U-Haul Neighborhood Dealer""}","{""primary"":""U-Haul Neighborhood Dealer"",""common"":{},""rules"":[]}",406 Race Track Rd N,406 Race Track Rd N,Oldsmar,FL,0.77,1.0
primary_agrees_json_differs,08f4446683d42d710322dff3bebb785b,The Park - Executive Office Suites,The Park - Executive Office Suites,"{""primary"":""The Park - Executive Office Suites""}","{""primary"":""The Park - Executive Office Suites"",""common"":{},""rules"":[]}",106 Park Pl Ste 204,106 Park Pl Ste 204,Covington,LA,0.9129297146833681,1.0
primary_agrees_json_differs,08f444c326cc569403f1cd91a79e2a49,"Kevin Murphy, MD","Kevin Murphy, MD","{""primary"":""Kevin Murphy, MD""}","{""primary"":""Kevin Murphy, MD"",""common"":{},""rules"":[]}",9220 Ellerbe Rd Ste 700,9091 Ellerbe Rd Ste 200,Shreveport,LA,0.77,1.0
primary_agrees_json_differs,08f446ca1d028ae803f05a7a411e1cb6,Budget Restaurant Supply,Budget Restaurant Supply,"{""primary"":""Budget Restaurant Supply""}","{""primary"":""Budget Restaurant Supply"",""common"":{},""rules"":[]}",8800 W Sam Houston Pkwy S,8800 W Sam Houston Pkwy S,Houston,TX,0.9837452982267598,1.0
primary_agrees_json_differs,08f44a132509095503d60cc369e28730,Supercuts,Supercuts,"{""primary"":""Supercuts""}","{""primary"":""Supercuts"",""common"":{},""rules"":[]}",4573 Weston Rd,1366 Weston Rd,Weston,FL,0.77,1.0
primary_agrees_json_differs,08f44a908841cd9003dd047b9521fe51,Barnes & Noble,Barnes & Noble,"{""primary"":""Barnes & Noble""}","{""primary"":""Barnes & Noble"",""common"":{},""rules"":[]}",331 N Alafaya Trl,481 N Alafaya Trl,Orlando,FL,0.7927927927927928,1.0
primary_agrees_json_differs,08f44ab86941b2c003a278334d573e41,Starbucks,Starbucks,"{""primary"":""Starbucks""}","{""primary"":""Starbucks"",""common"":{},""rules"":[]}","SR 405, Mailcode DNPS",Kennedy Space Center,Merritt Island,FL,0.9837452982267598,1.0
primary_agrees_json_differs,08f44ae8010ea034037504a8a664bb97,Lake Worth Art League,Lake Worth Art League,"{""primary"":""Lake Worth Art League""}","{""primary"":""Lake Worth Art League"",""common"":{},""rules"":[]}",604 Lucerne Ave,416 Lake Ave,Lake Worth Beach,FL,0.9146576663452266,1.0
primary_agrees_json_differs,08f44ae90692308e03f1331d2cca4a44,Purple Lotus Kava Bar,Purple Lotus Kava Bar,"{""primary"":""Purple Lotus Kava Bar""}","{""primary"":""Purple Lotus Kava Bar"",""common"":{},""rules"":[]}",3001 S Federal Hwy,3001 S Federal Hwy,Delray Beach,FL,0.9645127118644068,1.0
primary_agrees_json_differs,08f44ae91d8a635903d8ebe90e943b3f,Byte Federal Bitcoin ATM (Delray Beach),Byte Federal Bitcoin ATM (Delray Beach),"{""primary"":""Byte Federal Bitcoin ATM (Delray Beach)""}","{""primary"":""Byte Federal Bitcoin ATM (Delray Beach)"",""common"":{},""rules"":[]}",2200 Seacrest Boulevard,2200 Seacrest Blvd,Delray Beach,FL,0.77,1.0
primary_agrees_json_differs,08f44c86a28c099b03d096082cdc5ced,Jackson Hewitt Tax Service,Jackson Hewitt Tax Service,"{""primary"":""Jackson Hewitt Tax Service""}","{""primary"":""Jackson Hewitt Tax Service"",""common"":{},""rules"":[]}",117 W Broadway St,104 E Broadway St,Lenoir City,TN,0.9837452982267598,1.0
primary_agrees_json_differs,08f44cb2e168853003a726619e5e0255,Coinsource Bitcoin ATM,Coinsource Bitcoin ATM,"{""primary"":""Coinsource Bitcoin ATM""}","{""primary"":""Coinsource Bitcoin ATM"",""common"":{},""rules"":[]}",7789 Us-27,7789 S Highway 27,burnside,KY,0.77,1.0
primary_agrees_json_differs,08f44daa186492700369b30881806ea8,Dover Power,Dover Power,"{""primary"":""Dover Power""}","{""primary"":""Dover Power"",""common"":{},""rules"":[]}",920 Old Charlotte Rd SW,920 Old Charlotte Rd,Concord,NC,0.6214335421016005,1.0
primary_agrees_json_differs,08f44dd545c0313303fc66e60e99f054,Renee Mason,Renee Mason,"{""primary"":""Renee Mason""}","{""primary"":""Renee Mason"",""common"":{},""rules"":[]}",2420 Laurens Rd,2420 Laurens Rd,Greenville,SC,0.77,1.0
primary_agrees_json_differs,08f44dd8e652936d0378c2c5dcf19ca8,First National Bank ATM,First National Bank ATM,"{""primary"":""First National Bank ATM""}","{""primary"":""First National Bank ATM"",""common"":{},""rules"":[]}",527 Fort Hill St,527 Fort Hill,Clemson,SC,0.77,1.0
primary_agrees_json_differs,08f44e8370919a52039878b85f41c031,Vulcan Solar Power,Vulcan Solar Power,"{""primary"":""Vulcan Solar Power""}","{""primary"":""Vulcan Solar Power"",""common"":{},""rules"":[]}",3433 Lorna Ln,3433 Lorna Ln,Hoover,AL,0.8682352941176471,1.0
primary_agrees_json_differs,08f44ebd8c540c0a03979bb742c26a80,Just 1 More,Just 1 More,"{""primary"":""Just 1 More""}","{""primary"":""Just 1 More"",""common"":{},""rules"":[]}",295 W Lenlock Ln,295 Lenlock Ln,Anniston,AL,0.9837452982267598,1.0
primary_agrees_json_differs,08f464958698c96b0343cd929747dd7b,Subway,Subway,"{""primary"":""Subway""}","{""primary"":""Subway"",""common"":{},""rules"":[]}",46-056 Kamehameha Hwy,46-128 Haiku Rd,Kaneohe,HI,0.9962614185921548,1.0
primary_agrees_json_differs,08f4880d8172067603fa7c012014e336,Hotel Fiesta,Hotel Fiesta,"{""primary"":""Hotel Fiesta""}","{""primary"":""Hotel Fiesta"",""common"":{},""rules"":[]}",Calle Melchor Ocampo 559,Pino Suárez 2809,Nuevo Laredo,,0.9544061302681992,1.0
primary_agrees_json_differs,08f48932e69a12dd03d5671400e23b78,AT&T Store,AT&T Store,"{""primary"":""AT&T Store""}","{""primary"":""AT&T Store"",""common"":{},""rules"":[]}",104 Shult Dr Ste A,104 Shult Dr Ste A,Columbus,TX,0.77,1.0
primary_agrees_json_differs,08f489c0023980760336670786015d89,Starbucks,Starbucks,"{""primary"":""Starbucks""}","{""primary"":""Starbucks"",""common"":{},""rules"":[]}",12711 Blanco Rd,,San Antonio,TX,0.9962614185921548,1.0
primary_agrees_json_differs,08f489c0b06295730375f2ea0ebd5aed,USAA ATM,USAA ATM,"{""primary"":""USAA ATM""}","{""primary"":""USAA ATM"",""common"":{},""rules"":[]}",2921 Pat Booker Rd,Pat Booker,Universal City,TX,0.77,1.0
primary_agrees_json_differs,08f48a2053774cc0037114317057dc20,Centro Social Señorial,Centro Social Señorial,"{""primary"":""Centro Social Señorial""}","{""primary"":""Centro Social Señorial"",""common"":{},""rules"":[]}",Calle Jerónimo Treviño 205,Porfirio Díaz 211 s/n,San Nicolás de los Garza,,0.9908651262761956,1.0
primary_agrees_json_differs,08f48de446889ba20352fc8e066cc3c1,Days Inn & Suites Santa Rosa,Days Inn & Suites Santa Rosa,"{""primary"":""Days Inn & Suites Santa Rosa""}","{""primary"":""Days Inn & Suites Santa Rosa"",""common"":{},""rules"":[]}",2255 Historic Route 66,2475 Historic Route 66,Santa Rosa,NM,0.9523423423423424,1.0
primary_agrees_json_differs,08f499585c4ce41503cf805cb76dc7a9,Domino's Pizza,Domino's Pizza,"{""primary"":""Domino's Pizza""}","{""primary"":""Domino's Pizza"",""common"":{},""rules"":[]}",Avenida Santa Ana 218,Av. Ejido de San Francisco Culhuacan 250,Coyoacán,CMX,0.9544061302681992,1.0
primary_agrees_json_differs,08f499585ec4bb6c036a891e6d2ef613,Consultorio Dental,Consultorio Dental,"{""primary"":""Consultorio Dental""}","{""primary"":""Consultorio Dental"",""common"":{},""rules"":[]}",Carlota Armero 410,Apaches 430,Coyoacán,CMX,0.9146576663452266,1.0
primary_agrees_json_differs,08f49958724f258003b081e5b898145c,Jardín privado,Jardín privado,"{""primary"":""Jardín privado""}","{""primary"":""Jardín privado"",""common"":{},""rules"":[]}",,,,,0.9253962118283726,1.0
primary_agrees_json_differs,08f49b540d419ac003dac0524e1ed57e,McDonald's,McDonald's,"{""primary"":""McDonald's""}","{""primary"":""McDonald's"",""common"":{},""rules"":[]}",Blvd. Vicente Guerrero Esq. Calle Juan Alvarez,Blvd. Vicente Guerrrero No. 1005  Local 4-5-6 Col. Renacimiento Sector II,Acapulco,,0.9645127118644068,1.0
primary_agrees_json_differs,08f4a26a284188a4037757dea97849b6,福地ダム上流洪水吐き,福地ダム上流洪水吐き,"{""primary"":""福地ダム上流洪水吐き""}","{""primary"":""福地ダム上流洪水吐き"",""common"":{},""rules"":[]}",宮城,宮城,,,0.48103896103896104,1.0
primary_agrees_json_differs,08f4b60c0a9704c003976d9e50759cd3,帰巖会みえ病院,帰巖会みえ病院,"{""primary"":""帰巖会みえ病院""}","{""primary"":""帰巖会みえ病院"",""common"":{},""rules"":[]}",大分県豊後大野市三重町赤嶺１２５０−１,三重町赤嶺1250番地1,豊後大野市,,0.9837452982267598,1.0
primary_agrees_json_differs,08f4b756053b1d00038b6c87365b487b,いとう電気,いとう電気,"{""primary"":""いとう電気""}","{""primary"":""いとう電気"",""common"":{},""rules"":[]}",鹿児島県鹿児島市下荒田４丁目２１−２５,下荒田4丁目21-25 1F,鹿児島市,,0.9467515923566879,1.0
primary_agrees_json_differs,08f60312d529e7460304cf01a561255d,HDFC Bank ATM,HDFC Bank ATM,"{""primary"":""HDFC Bank ATM""}","{""primary"":""HDFC Bank ATM"",""common"":{},""rules"":[]}","Ground Floor, North Bus Stand, Kalyan Hyper Market","Ground Floor,North Bus Stand",Thrissur,Kerala,0.77,1.0
primary_agrees_json_differs,08f6032b422038ae0397da951f43c58a,HDFC Bank ATM,HDFC Bank ATM,"{""primary"":""HDFC Bank ATM""}","{""primary"":""HDFC Bank ATM"",""common"":{},""rules"":[]}","URC Building, Kovai Main Road, Perundurai","URC Building,Kovai Main Road",Erode,Tamil Nadu,0.77,1.0
primary_agrees_json_differs,08f6035b74b72b72031f81b91c139cbe,Axis Bank ATM,Axis Bank ATM,"{""primary"":""Axis Bank ATM""}","{""primary"":""Axis Bank ATM"",""common"":{},""rules"":[]}","No 286, Madurai Totenkasi Main Road, Krishnapuram, Kadayanallur","No 286, Madurai Totenkasi Main Road,Krishnapuram",Tirunelveli,Tamil Nadu,0.77,1.0
primary_agrees_json_differs,08f608b0b3750ae1036f8d8ec9a9e6d2,HDFC Bank ATM,HDFC Bank ATM,"{""primary"":""HDFC Bank ATM""}","{""primary"":""HDFC Bank ATM"",""common"":{},""rules"":[]}","Santacruz Police Station, SV Road, Santacruz West","Santacruz Police Station,SV Road",Mumbai,Maharashtra,0.77,1.0
primary_agrees_json_differs,08f608e24e051caa038ebb5f04c7c953,HDFC Bank ATM,HDFC Bank ATM,"{""primary"":""HDFC Bank ATM""}","{""primary"":""HDFC Bank ATM"",""common"":{},""rules"":[]}","H No 403, Survey No 22, Undri, Wagholi","HN 403, Sy No 22, Undri",Pune,Maharashtra,0.77,1.0
primary_agrees_json_differs,08f60b1d652c30900311adbd94b65a4f,Hindustan Petroleum Corporation Limited,Hindustan Petroleum Corporation Limited,"{""primary"":""Hindustan Petroleum Corporation Limited""}","{""primary"":""Hindustan Petroleum Corporation Limited"",""common"":{},""rules"":[]}",Survey No 586/A,Survey No 504,,,0.9544061302681992,1.0
primary_agrees_json_differs,08f618925e945580034bfa3219343baa,Taco Bell,Taco Bell,"{""primary"":""Taco Bell""}","{""primary"":""Taco Bell"",""common"":{},""rules"":[]}",3 80 Feet Road,"80 Feet Peripheral Rd, Ejipura",Bengaluru,KA,0.9645127118644068,1.0
primary_agrees_json_differs,08f618c44a0de8b303ba82ea6c944963,HDFC Bank ATM,HDFC Bank ATM,"{""primary"":""HDFC Bank ATM""}","{""primary"":""HDFC Bank ATM"",""common"":{},""rules"":[]}","No 1/193, Walajabad Main Road, Vandalur","No 1/193,Walajabad Main Road",Chennai,Tamil Nadu,0.77,1.0
primary_agrees_json_differs,08f618c49a7528c003ccdd6a1e4805b9,HDFC Bank ATM,HDFC Bank ATM,"{""primary"":""HDFC Bank ATM""}","{""primary"":""HDFC Bank ATM"",""common"":{},""rules"":[]}","No 4, South Mada Street, Thiruvottriyur","No 4,South Mada Street",Tiruvallur,Tamil Nadu,0.77,1.0
primary_agrees_json_differs,08f642650023568003700656ccfe6d5e,ร้านจ๊ะแตน,ร้านจ๊ะแตน,"{""primary"":""ร้านจ๊ะแตน""}","{""primary"":""ร้านจ๊ะแตน"",""common"":{},""rules"":[]}",ศาลาด่าน,ศาลาด่าน,,,0.28671328671328666,1.0
primary_agrees_json_differs,08f643086186ead003369a119c740310,ร้านเม็ดหนุน,ร้านเม็ดหนุน,"{""primary"":""ร้านเม็ดหนุน""}","{""primary"":""ร้านเม็ดหนุน"",""common"":{},""rules"":[]}",,,,,0.23154848046309695,1.0
primary_agrees_json_differs,08f6434a3410b7000302864bf60a8644,โกชุ้น ซื่อชวนชิม,โกชุ้น ซื่อชวนชิม,"{""primary"":""โกชุ้น ซื่อชวนชิม""}","{""primary"":""โกชุ้น ซื่อชวนชิม"",""common"":{},""rules"":[]}",,,,,0.48103896103896104,1.0
primary_agrees_json_differs,08f648289e4d8545039905544efca728,ร้านยำแซ่บเว่อร์,ร้านยำแซ่บเว่อร์,"{""primary"":""ร้านยำแซ่บเว่อร์""}","{""primary"":""ร้านยำแซ่บเว่อร์"",""common"":{},""rules"":[]}",ซอยชมจันทร์,ซอยชมจันทร์,,,0.28686635944700467,1.0
primary_agrees_json_differs,08f648391696944503a9a82140eea609,ส้มตำป้านวล,ส้มตำป้านวล,"{""primary"":""ส้มตำป้านวล""}","{""primary"":""ส้มตำป้านวล"",""common"":{},""rules"":[]}",โค้งสนามบิน,โค้งสนามบิน,,,0.48103896103896104,1.0
primary_agrees_json_differs,08f64918c05ab1b6031baaf115450179,ลีลาวดีรีสอร์ต,ลีลาวดีรีสอร์ต,"{""primary"":""ลีลาวดีรีสอร์ต""}","{""primary"":""ลีลาวดีรีสอร์ต"",""common"":{},""rules"":[]}",,,,,0.7927927927927928,1.0
primary_agrees_json_differs,08f64a284cd6413003cd64eeae4891c3,วิบูลย์ฟาร์มาซี,วิบูลย์ฟาร์มาซี,"{""primary"":""วิบูลย์ฟาร์มาซี""}","{""primary"":""วิบูลย์ฟาร์มาซี"",""common"":{},""rules"":[]}",,,,,0.3941504178272981,1.0
primary_agrees_json_differs,08f64a4165a58016031f9ced2553db38,สาระวัน ลาบแซบ,สาระวัน ลาบแซบ,"{""primary"":""สาระวัน ลาบแซบ""}","{""primary"":""สาระวัน ลาบแซบ"",""common"":{},""rules"":[]}",,,,,0.28671328671328666,1.0
primary_agrees_json_differs,08f64a48611241ae0373eb4d96a06af2,เก้าพันกรุ๊ป,เก้าพันกรุ๊ป,"{""primary"":""เก้าพันกรุ๊ป""}","{""primary"":""เก้าพันกรุ๊ป"",""common"":{},""rules"":[]}",,,,,0.28671328671328666,1.0
primary_agrees_json_differs,08f64a494391d6a30340de2932f4f43a,กวี ปลาเผา,กวี ปลาเผา,"{""primary"":""กวี ปลาเผา""}","{""primary"":""กวี ปลาเผา"",""common"":{},""rules"":[]}",,,,,0.6214335421016005,1.0
primary_agrees_json_differs,08f64a4b1384b72e0317402bfddfb876,ก๋วยเตี๋ยวไหหลำ,ก๋วยเตี๋ยวไหหลำ,"{""primary"":""ก๋วยเตี๋ยวไหหลำ""}","{""primary"":""ก๋วยเตี๋ยวไหหลำ"",""common"":{},""rules"":[]}",,,,,0.28671328671328666,1.0
primary_agrees_json_differs,08f64a4b741b4449031e6dcacc2e8755,สเต็ก เนื้อ นมใหญ่ Steak Neua Nomyai,สเต็ก เนื้อ นมใหญ่ Steak Neua Nomyai,"{""primary"":""สเต็ก เนื้อ นมใหญ่ Steak Neua Nomyai""}","{""primary"":""สเต็ก เนื้อ นมใหญ่ Steak Neua Nomyai"",""common"":{},""rules"":[]}",,,,,0.23154848046309695,1.0
primary_agrees_json_differs,08f64a4b8060825503eaa435c410d4b2,Fitness สถาบันโรคทรวงอก,Fitness สถาบันโรคทรวงอก,"{""primary"":""Fitness สถาบันโรคทรวงอก""}","{""primary"":""Fitness สถาบันโรคทรวงอก"",""common"":{},""rules"":[]}",,,,,0.3941504178272981,1.0
primary_agrees_json_differs,08f64a4ba092672503433c3f96046607,ลานวรรณสมิต,ลานวรรณสมิต,"{""primary"":""ลานวรรณสมิต""}","{""primary"":""ลานวรรณสมิต"",""common"":{},""rules"":[]}",ศูนย์การกำลังสำรอง,ศูนย์การกำลังสำรอง วิภาวดี,,,0.28686635944700467,1.0
primary_agrees_json_differs,08f64a4ba244554e037fc4738621060d,คอนโดศุภาลัยปาร์ค2,คอนโดศุภาลัยปาร์ค2,"{""primary"":""คอนโดศุภาลัยปาร์ค2""}","{""primary"":""คอนโดศุภาลัยปาร์ค2"",""common"":{},""rules"":[]}",คอนโดศุภาลัยปาร์ค,คอนโดศุภาลัยปาร์ค,,,0.3941504178272981,1.0
primary_agrees_json_differs,08f64a4bb30ea60503c6ca53a3b2e9ec,ป้ายรถเมล์วิภาวดี นอร์ทปาร์ค,ป้ายรถเมล์วิภาวดี นอร์ทปาร์ค,"{""primary"":""ป้ายรถเมล์วิภาวดี นอร์ทปาร์ค""}","{""primary"":""ป้ายรถเมล์วิภาวดี นอร์ทปาร์ค"",""common"":{},""rules"":[]}",,,,,0.28671328671328666,1.0
primary_agrees_json_differs,08f64a59990a63a0030784450be43ba4,ร้านตัดผมพี่ริน ห้วยตะแคง,ร้านตัดผมพี่ริน ห้วยตะแคง,"{""primary"":""ร้านตัดผมพี่ริน ห้วยตะแคง""}","{""primary"":""ร้านตัดผมพี่ริน ห้วยตะแคง"",""common"":{},""rules"":[]}",,,,,0.23154848046309695,1.0
primary_agrees_json_differs,08f64b018d4e0c100346dce9b45cccd0,สำนักงานส่งเสริมสวัสดิการและสวัสดิการครูและบุคคลากรทางการศึกษา,สำนักงานส่งเสริมสวัสดิการและสวัสดิการครูและบุคคลากรทางการศึกษา,"{""primary"":""สำนักงานส่งเสริมสวัสดิการและสวัสดิการครูและบุคคลากรทางการศึกษา""}","{""primary"":""สำนักงานส่งเสริมสวัสดิการและสวัสดิการครูและบุคคลากรทางการศึกษา"",""common"":{},""rules"":[]}",,,,,0.3941504178272981,1.0
primary_agrees_json_differs,08f64b1b0e401063031c58c4f99da9d7,ร้านข้าวราดแกง ข้างโลตัส,ร้านข้าวราดแกง ข้างโลตัส,"{""primary"":""ร้านข้าวราดแกง ข้างโลตัส""}","{""primary"":""ร้านข้าวราดแกง ข้างโลตัส"",""common"":{},""rules"":[]}",,,,,0.3941504178272981,1.0
primary_agrees_json_differs,08f64b4d4819cd1503df71dfe93201f1,ร้านครัวแม่เพชร,ร้านครัวแม่เพชร,"{""primary"":""ร้านครัวแม่เพชร""}","{""primary"":""ร้านครัวแม่เพชร"",""common"":{},""rules"":[]}",,,,,0.28686635944700467,1.0
primary_agrees_json_differs,08f64b504005a58b030db55a839aba58,รุ่งเจริญหลังคาเหล็ก อ.เมือง จ.เพชรบูรณ์,รุ่งเจริญหลังคาเหล็ก อ.เมือง จ.เพชรบูรณ์,"{""primary"":""รุ่งเจริญหลังคาเหล็ก อ.เมือง จ.เพชรบูรณ์""}","{""primary"":""รุ่งเจริญหลังคาเหล็ก อ.เมือง จ.เพชรบูรณ์"",""common"":{},""rules"":[]}",,,,,0.3941504178272981,1.0
primary_agrees_json_differs,08f6505096054b5e0303ba663d07874d,Pizza Hut,Pizza Hut,"{""primary"":""Pizza Hut""}","{""primary"":""Pizza Hut"",""common"":{},""rules"":[]}",4 Jalan 4/91A,Sunway Velocity,Kuala Lumpur,,0.6214335421016005,1.0
primary_agrees_json_differs,08f6505548320400038e09944546175a,Tadika Reka,Tadika Reka,"{""primary"":""Tadika Reka""}","{""primary"":""Tadika Reka"",""common"":{},""rules"":[]}",4 Jalan 8,Taman Seraya,Kuala Lumpur,,0.9908651262761956,1.0
primary_agrees_json_differs,08f650690e0cc419036cab2001c8694f,McDonald's,McDonald's,"{""primary"":""McDonald's""}","{""primary"":""McDonald's"",""common"":{},""rules"":[]}",1 Jalan Tun Ismail,Berjaya Megamall,Kuantan,,0.7927927927927928,1.0
primary_agrees_json_differs,08f650d7b312494e0379177490e36a63,KFC,KFC,"{""primary"":""KFC""}","{""primary"":""KFC"",""common"":{},""rules"":[]}",Jalan Binjai 8,"Jalan Medan-binjai km 13,8",Medan,,0.6214335421016005,1.0
primary_agrees_json_differs,08f651ba9a41931403066570e3cbc460,สระว่ายน้ำ ทุ่งแจ้ง,สระว่ายน้ำ ทุ่งแจ้ง,"{""primary"":""สระว่ายน้ำ ทุ่งแจ้ง""}","{""primary"":""สระว่ายน้ำ ทุ่งแจ้ง"",""common"":{},""rules"":[]}",,,,,0.28671328671328666,1.0
primary_agrees_json_differs,08f6526ac3349c4203dc0d7cba6549d6,Boms & Buns,Boms & Buns,"{""primary"":""Boms & Buns""}","{""primary"":""Boms & Buns"",""common"":{},""rules"":[]}",193 Joo Chiat Rd,"#01-54 East Village",Singapore,,0.9649446494464945,1.0
primary_agrees_json_differs,08f658b4a649caad035bb199a7052b42,ร้านร่มไทร,ร้านร่มไทร,"{""primary"":""ร้านร่มไทร""}","{""primary"":""ร้านร่มไทร"",""common"":{},""rules"":[]}",,,,,0.28686635944700467,1.0
primary_agrees_json_differs,08f658bb5c2682b003ee6fc022958987,ร้านเกือกแก้ว,ร้านเกือกแก้ว,"{""primary"":""ร้านเกือกแก้ว""}","{""primary"":""ร้านเกือกแก้ว"",""common"":{},""rules"":[]}",,,,,0.28686635944700467,1.0
primary_agrees_json_differs,08f658e764964a7403a88c11cb4e70e4,เกี๊ยวปลาสามย่าน,เกี๊ยวปลาสามย่าน,"{""primary"":""เกี๊ยวปลาสามย่าน""}","{""primary"":""เกี๊ยวปลาสามย่าน"",""common"":{},""rules"":[]}",,,,,0.23154848046309695,1.0
primary_agrees_json_differs,08f65992807446c203c1432bd4ee8925,บ้านไร่กาแฟ,บ้านไร่กาแฟ,"{""primary"":""บ้านไร่กาแฟ""}","{""primary"":""บ้านไร่กาแฟ"",""common"":{},""rules"":[]}",,,,,0.28686635944700467,1.0
primary_agrees_json_differs,08f659d0c5c8606403e2739f3be1bf13,สำนักงานสาธารณสุขอำเภออรัญประเทศ,สำนักงานสาธารณสุขอำเภออรัญประเทศ,"{""primary"":""สำนักงานสาธารณสุขอำเภออรัญประเทศ""}","{""primary"":""สำนักงานสาธารณสุขอำเภออรัญประเทศ"",""common"":{},""rules"":[]}",,,,,0.7927927927927928,1.0
primary_agrees_json_differs,08f659d2ab4d36a00330eaa8c042e627,ทิวาปลาเผา,ทิวาปลาเผา,"{""primary"":""ทิวาปลาเผา""}","{""primary"":""ทิวาปลาเผา"",""common"":{},""rules"":[]}",,,,,0.28671328671328666,1.0
primary_agrees_json_differs,08f694ec03661d34032b9a726320c844,Subway,Subway,"{""primary"":""Subway""}","{""primary"":""Subway"",""common"":{},""rules"":[]}",Jupiter St 78,Petron,Makati,,0.28671328671328666,1.0
primary_agrees_json_differs,08f6d231146cbb8203a6b43c5463e884,Tortilleria Rocha,Tortilleria Rocha,"{""primary"":""Tortilleria Rocha""}","{""primary"":""Tortilleria Rocha"",""common"":{},""rules"":[]}",Calle Central Norte 12,"12 Poniente, Mercado 5 De Mayo",Tuxtla Gutiérrez,,0.9146576663452266,1.0
primary_agrees_json_differs,08f6d35aa62266810393381338e5810f,Hotel Madrid,Hotel Madrid,"{""primary"":""Hotel Madrid""}","{""primary"":""Hotel Madrid"",""common"":{},""rules"":[]}",Avenida Justo Sierra 215b,Col Nueva Mina,Minatitlán,,0.9837452982267598,1.0
primary_agrees_json_differs,08f8005548a6a16903728acdaacede55,Clinica Infanto-juvenil Dr. Teixeira,Clinica Infanto-juvenil Dr. Teixeira,"{""primary"":""Clinica Infanto-juvenil Dr. Teixeira""}","{""primary"":""Clinica Infanto-juvenil Dr. Teixeira"",""common"":{},""rules"":[]}","Rua Coelho de Resende, 3800",Rua Goncalves Ledo,Teresina,PI,0.6214335421016005,1.0
primary_agrees_json_differs,08f8116b1e613a4303a020347a4b466b,Depósito de Bebidas,Depósito de Bebidas,"{""primary"":""Depósito de Bebidas""}","{""primary"":""Depósito de Bebidas"",""common"":{},""rules"":[]}","Rua Novo Paraíso, 25",Rua Lineu de Paula Barreto 195,Salvador,BA,0.3941504178272981,1.0
primary_agrees_json_differs,08f8c1078a53124603e6f76093a9dc61,Starbucks,Starbucks,"{""primary"":""Starbucks""}","{""primary"":""Starbucks"",""common"":{},""rules"":[]}",Jalan Jenderal Sudirman 1,Jln. Karet,Jakarta Selatan,,0.48103896103896104,1.0
primary_agrees_json_differs,08f8d80830b1e580038488491af50229,ATM Mandiri Tidar,ATM Mandiri Tidar,"{""primary"":""ATM Mandiri Tidar""}","{""primary"":""ATM Mandiri Tidar"",""common"":{},""rules"":[]}",Jalan Undaan Kulon 41,Jl. Tidar,Surabaya,,0.28671328671328666,1.0
primary_agrees_json_differs,08fa804d9661cd1903835a640b232157,Frischmann's,Frischmann's,"{""primary"":""Frischmann's""}","{""primary"":""Frischmann's"",""common"":{},""rules"":[]}","Ventura Shopping, Rua Itacolomi, 292","Shopping Total, Lojas 416/417",Curitiba,PR,0.48103896103896104,1.0
primary_agrees_json_differs,08fa80c922d41c4003ecd56bdc268ee4,Handbook,Handbook,"{""primary"":""Handbook""}","{""primary"":""Handbook"",""common"":{},""rules"":[]}",,,,,0.23154848046309695,1.0
primary_agrees_json_differs,08fa80eca92f2a1603066fd16d331024,Farmácias Nissei,Farmácias Nissei,"{""primary"":""Farmácias Nissei""}","{""primary"":""Farmácias Nissei"",""common"":{},""rules"":[]}","Rua José Nogueira Marmontel, 1000","Rua José Nogueira Marmontel, 970",Assis,SP,0.9919372693726938,1.0
primary_agrees_json_differs,08fa810056a2b6400390bcc253369382,EVS - Espaço Vida Saudável Herbalife,EVS - Espaço Vida Saudável Herbalife,"{""primary"":""EVS - Espaço Vida Saudável Herbalife""}","{""primary"":""EVS - Espaço Vida Saudável Herbalife"",""common"":{},""rules"":[]}","Rua Capitão Otávio Machado, 1153","R. Verbo Divino, 926",São Paulo,SP,0.28671328671328666,1.0
primary_agrees_json_differs,08fa8100cc66655e03e374c185c76a8f,Restaurante Estrela da Matarazzo,Restaurante Estrela da Matarazzo,"{""primary"":""Restaurante Estrela da Matarazzo""}","{""primary"":""Restaurante Estrela da Matarazzo"",""common"":{},""rules"":[]}","Avenida Francisco Matarazzo, 833","Av. Francisco Matarazzo, 433",São Paulo,SP,0.3941504178272981,1.0
primary_agrees_json_differs,08fa8100d0156298030af89593714320,Estadinho Lancheteria,Estadinho Lancheteria,"{""primary"":""Estadinho Lancheteria""}","{""primary"":""Estadinho Lancheteria"",""common"":{},""rules"":[]}","Rua Emília Marengo, 121","Rua Mozart De Andrade, 195",São Paulo,SP,0.23154848046309695,1.0
primary_agrees_json_differs,08fa8100e86e6075038ad329fbd24a96,Pink Embalagens,Pink Embalagens,"{""primary"":""Pink Embalagens""}","{""primary"":""Pink Embalagens"",""common"":{},""rules"":[]}","Rua Fradique Coutinho, 1123",Rua Fradique Coutinho 1123,São Paulo,SP,0.6214335421016005,1.0
primary_agrees_json_differs,08fa811635885780037babf1ddaa47d3,Rancho da Linguiça,Rancho da Linguiça,"{""primary"":""Rancho da Linguiça""}","{""primary"":""Rancho da Linguiça"",""common"":{},""rules"":[]}",Rod. Ver. Saulo Waldemar Fornazin 4800,Sto. Antonio do Sapezeiro,Santa Bárbara d'Oeste,SP,0.77,1.0
primary_agrees_json_differs,08fa811d50085918035e4047278248f0,Agência Selva,Agência Selva,"{""primary"":""Agência Selva""}","{""primary"":""Agência Selva"",""common"":{},""rules"":[]}","Rua Pandiá Calógeras, 418","Rua Voluntários De Sorocaba, 236",Sorocaba,SP,0.3941504178272981,1.0
primary_agrees_json_differs,08fa81820124428303c181c054e5964b,Banco Santander,Banco Santander,"{""primary"":""Banco Santander""}","{""primary"":""Banco Santander"",""common"":{},""rules"":[]}",Rua Brasil 363,Rua Pernambuco,Catanduva,SP,0.77,1.0
primary_agrees_json_differs,08fa85b26c28070403773a0e47277204,Pizzaria Cheff,Pizzaria Cheff,"{""primary"":""Pizzaria Cheff""}","{""primary"":""Pizzaria Cheff"",""common"":{},""rules"":[]}","Avenida 2, 4, Qd137-Lt4",Avenida Hum,Cuiabá,MT,0.48103896103896104,1.0
primary_agrees_json_differs,08fa8736dd0650c60325b5a78b6a9297,Subway,Subway,"{""primary"":""Subway""}","{""primary"":""Subway"",""common"":{},""rules"":[]}","Rua Treze de Maio, 3281",Av matogross,Campo Grande,MS,0.6214335421016005,1.0
primary_agrees_json_differs,08fa87518859a94003e65744f48b3b5b,Serviço Ambulatorial Especializado,Serviço Ambulatorial Especializado,"{""primary"":""Serviço Ambulatorial Especializado""}","{""primary"":""Serviço Ambulatorial Especializado"",""common"":{},""rules"":[]}",Rua Antônio João,Rua Antônio João,,,0.23154848046309695,1.0
primary_agrees_json_differs,08fa88cd9036b0c0036d29d69fdc49ee,Drogaria Extra,Drogaria Extra,"{""primary"":""Drogaria Extra""}","{""primary"":""Drogaria Extra"",""common"":{},""rules"":[]}","Avenida Cristiano Machado, 4000",Extra Hipermercado,Belo Horizonte,MG,0.3941504178272981,1.0
primary_agrees_json_differs,08fa88cd9bcc1ab103232681db8680e2,UAI - Unidade de Atendimento Integrado,UAI - Unidade de Atendimento Integrado,"{""primary"":""UAI - Unidade de Atendimento Integrado""}","{""primary"":""UAI - Unidade de Atendimento Integrado"",""common"":{},""rules"":[]}","Avenida Vilarinho, 1300",Shopping Norte,Belo Horizonte,MG,0.23154848046309695,1.0
primary_agrees_json_differs,08fa89e964d5c78903fe0cc1734d57c0,Supermercado De Nadai,Supermercado De Nadai,"{""primary"":""Supermercado De Nadai""}","{""primary"":""Supermercado De Nadai"",""common"":{},""rules"":[]}","Rua João Dias, 115",Av Joao XXIII,São Gabriel da Palha,ES,0.7927927927927928,1.0
primary_agrees_json_differs,08fa901292d45d20038dd6a2b7c8701b,Santa Isabel,Santa Isabel,"{""primary"":""Santa Isabel""}","{""primary"":""Santa Isabel"",""common"":{},""rules"":[]}",Avenida Liberdade,Santa Isabel,Viamão,RS,0.28671328671328666,1.0
primary_agrees_json_differs,08fa90129c2da22503868415bc4cd5a6,Bloco Cirúrgico,Bloco Cirúrgico,"{""primary"":""Bloco Cirúrgico""}","{""primary"":""Bloco Cirúrgico"",""common"":{},""rules"":[]}","Bella Gula Mãe de Deus Center, Avenida Soledade, 565",Mãe de Deus Center,Porto Alegre,RS,0.6214335421016005,1.0
primary_agrees_json_differs,08fa95edaa2c99a403a1ec30dcaa0dec,Lavanderia Renata,Lavanderia Renata,"{""primary"":""Lavanderia Renata""}","{""primary"":""Lavanderia Renata"",""common"":{},""rules"":[]}","Rua Marechal Floriano, 1702",Rua Rui Barbosa 891 Centro,Foz do Iguaçu,PR,0.3941504178272981,1.0
primary_agrees_json_differs,08fa96e0d31aaa0003dff57d6d7652d6,Mongoaurelio Resto,Mongoaurelio Resto,"{""primary"":""Mongoaurelio Resto""}","{""primary"":""Mongoaurelio Resto"",""common"":{},""rules"":[]}",Córdoba 70,Cordoba 70,Resistencia,,0.2009132420091324,1.0
primary_agrees_json_differs,08fb25919140d504031466d3d5beb5d2,McDonald's,McDonald's,"{""primary"":""McDonald's""}","{""primary"":""McDonald's"",""common"":{},""rules"":[]}",Granaderos 222,Eliseo Sanchez 200,Río Cuarto,,0.6214335421016005,1.0
primary_agrees_json_differs,08fb91682e78eb6803a3b18055780dd1,KFC,KFC,"{""primary"":""KFC""}","{""primary"":""KFC"",""common"":{},""rules"":[]}",50 Grenfell St,City Cross,Adelaide,SA,0.48103896103896104,1.0
primary_agrees_json_differs,08fbb50015ba55700333798ebed62ef7,Starbucks,Starbucks,"{""primary"":""Starbucks""}","{""primary"":""Starbucks"",""common"":{},""rules"":[]}",71 Tamaki Dr,Mission Bay,Auckland,AUK,0.6214335421016005,1.0
primary_agrees_json_differs,08fbe1daebce570503c76a863c14954d,Back to Balance,Back to Balance,"{""primary"":""Back to Balance""}","{""primary"":""Back to Balance"",""common"":{},""rules"":[]}",482 Glebe Rd,482 Globe Rd,Newcastle,NSW,0.9645127118644068,1.0
primary_agrees_json_differs,08fda94b404b1b74036457f3c3bb5905,Shirley Tennis Club,Shirley Tennis Club,"{""primary"":""Shirley Tennis Club""}","{""primary"":""Shirley Tennis Club"",""common"":{},""rules"":[]}",77 Shirley Rd,102 Woodchester Avenue,Christchurch,CAN,0.7927927927927928,1.0
