tier1,tier2_subtags,id,alt_name,base_name,alt_len,base_len,len_diff_base_minus_alt,alt_word_count,base_word_count,word_diff_base_minus_alt,alt_address,base_address,city,state,alt_category,base_category,alt_confidence,base_confidence,alt_sources,base_sources,alt_has_trailing_number,base_has_trailing_number,alt_has_biz_suffix,base_has_biz_suffix,alt_has_seo,base_has_seo,alt_excessive_length,base_excessive_length
casing_only,"",08f186db6aa752580326ded79000b83b,Bouquet D'Art,Bouquet d'Art,13,13,0,2,2,0,34 Rue de la Réunion,34 rue de la Reunion,Montluçon,,arts_and_entertainment,,0.3941504178272981,1.0,"[{""property"":"""",""dataset"":""meta"",""record_id"":""154981177881035"",""update_time"":""2025-01-06T08:00:00.000Z"",""confidence"":0.39415041782729804}]","[{""property"":"""",""dataset"":""FourSquare"",""record_id"":""11e98d0051ef44b3e96ba91b"",""update_time"":""2024-07-03T00:00:00.000"",""confidence"":1.0}]",false,false,false,false,false,false,false,false
casing_only,"",08f1e35418b8115d03d75b4f91514ad7,ROSSMANN,Rossmann,8,8,0,1,1,0,Sokolovská 192/79,Sokolovská 28/77,Praha,PR,drugstore,Retail > Drugstore,0.9129297146833681,1.0,"[{""property"":"""",""dataset"":""Microsoft"",""record_id"":""562949966377292"",""update_time"":""2024-12-17T16:28:37.163Z"",""confidence"":0.77},{""property"":""/properties/existence"",""dataset"":""meta"",""record_id"":""104715891191795"",""update_time"":""2025-01-06T08:00:00.000Z"",""confidence"":0.6214335421016005}]","[{""property"":"""",""dataset"":""FourSquare"",""record_id"":""4f32830fe4b0f99d896b9160"",""update_time"":""2023-12-21T00:00:00.000"",""confidence"":1.0}]",false,false,false,false,false,false,false,false
casing_only,"",08f1e8081c64bb810386cf12e531f92f,Il Mestiere Di Viaggiare,Il Mestiere di Viaggiare,24,24,0,4,4,0,"Viale dei Flavi, 20a",Viale dei Flavi 20 a,Rieti,62,travel_services,Travel and Transportation > Travel Agency,0.9544061302681992,1.0,"[{""property"":"""",""dataset"":""meta"",""record_id"":""563691673645630"",""update_time"":""2025-01-06T08:00:00.000Z"",""confidence"":0.9544061302681992}]","[{""property"":"""",""dataset"":""FourSquare"",""record_id"":""d207fb97e7819170d45a5fa0"",""update_time"":""2024-07-03T00:00:00.000"",""confidence"":1.0}]",false,false,false,false,false,false,false,false
casing_only,"",08f1e81524a908a903f3d06fcc44832b,Osteria Del Tempo Perso,Osteria del Tempo Perso,23,23,0,4,4,0,"Vico del Vecchio, 7",Vico del Vecchio 7,Sulmona,65,pizza_restaurant,Dining and Drinking > Restaurant > Pizzeria,0.9837452982267598,1.0,"[{""property"":"""",""dataset"":""meta"",""record_id"":""214712075307041"",""update_time"":""2025-01-06T08:00:00.000Z"",""confidence"":0.9837452982267598}]","[{""property"":"""",""dataset"":""FourSquare"",""record_id"":""4c53113930f92d7f3aac2eb8"",""update_time"":""2024-07-03T00:00:00.000"",""confidence"":1.0}]",false,false,false,false,false,false,false,false
casing_only,"",08f1e8331a21da2b03ae617db4b7b01c,Conad,CONAD,5,5,0,1,1,0,"Via Don Mario Carrese, 10",VIA SANTA MARIA NUOVA 31,San Tammaro,72,supermarket,supermarket,0.9895134099616858,0.77,"[{""property"":"""",""dataset"":""meta"",""record_id"":""106549911008318"",""update_time"":""2025-01-06T00:00:00.000Z""},{""property"":""/properties/existence"",""dataset"":""msft"",""record_id"":""844424934099564"",""update_time"":""2025-01-06T00:00:00.000Z""},{""property"":""/properties/existence"",""dataset"":""msft"",""record_id"":""1407374888389064"",""update_time"":""2025-01-06T00:00:00.000Z""}]","[{""dataset"":""Microsoft"",""record_id"":""1407374888389064"",""update_time"":""2022-09-22T13:13:19.183"",""confidence"":0.77}]",false,false,false,false,false,false,false,false
casing_only,"",08f1ea559883492c03bf7e33805a4382,Un sogno verde,Un Sogno Verde,14,14,0,3,3,0,"Via Molinella, 83",Via Molinella 83 1,Pianiga,34,gardener,Retail > Garden Center,0.23154848046309695,1.0,"[{""property"":"""",""dataset"":""meta"",""record_id"":""289790044455413"",""update_time"":""2025-01-06T08:00:00.000Z"",""confidence"":0.23154848046309695}]","[{""property"":"""",""dataset"":""FourSquare"",""record_id"":""cec13e911fc4484bbce0fb9d"",""update_time"":""2024-07-03T00:00:00.000"",""confidence"":1.0}]",false,false,false,false,false,false,false,false
casing_only,"",08f1ea59834b6122035ebaf7626dd4a6,24H ARTIGIAN RIPARAZIONE FABBRI - IDRAULICI - ELETTRICISTI,24H Artigian Riparazione Fabbri - Idraulici - Elettricisti,58,58,0,8,8,0,"Via Roma, 37",Via Roma 37,Alpago,BL,key_and_locksmith,,0.77,1.0,"[{""property"":"""",""dataset"":""Microsoft"",""record_id"":""562949964965447"",""update_time"":""2024-01-11T06:59:46.770Z"",""confidence"":0.77}]","[{""property"":"""",""dataset"":""FourSquare"",""record_id"":""ee60e0ba792c73026450c6f9"",""update_time"":""2024-07-03T00:00:00.000"",""confidence"":1.0}]",false,false,false,false,false,false,false,false
casing_only,"",08f1f188488e1ca603e40f22bf79c53d,Caretherapie24,caretherapie24,14,14,0,1,1,0,Hollandweg 24,Hollandweg 24,Teltow,,physical_therapy,physical_therapy,0.9828411287205256,0.77,"[{""property"":"""",""dataset"":""meta"",""record_id"":""101466619345962"",""update_time"":""2025-01-06T00:00:00.000Z""},{""property"":""/properties/existence"",""dataset"":""msft"",""record_id"":""1407374890119168"",""update_time"":""2025-01-06T00:00:00.000Z""}]","[{""dataset"":""Microsoft"",""record_id"":""1407374890119168"",""update_time"":""2024-11-28T02:53:26.913"",""confidence"":0.77}]",false,false,false,false,false,false,false,false
casing_only,"",08f1f1a891a75b4b032b37e00bc5dd40,MAMMOET Deutschland GmbH,Mammoet Deutschland GmbH,24,24,0,3,3,0,Am Haupttor 3737,Am Haupttor 3737,Leuna,"",crane_services,Retail > Miscellaneous Store,0.8806389610389611,1.0,"[{""property"":"""",""dataset"":""Microsoft"",""record_id"":""562949959861172"",""update_time"":""2023-08-01T17:03:15.120Z"",""confidence"":0.77},{""property"":""/properties/existence"",""dataset"":""meta"",""record_id"":""1461510193870344"",""update_time"":""2025-01-06T08:00:00.000Z"",""confidence"":0.48103896103896104}]","[{""property"":"""",""dataset"":""FourSquare"",""record_id"":""58727ecbd60c8b3454eae000"",""update_time"":""2024-10-08T00:00:00.000"",""confidence"":1.0}]",false,false,true,true,false,false,false,false
casing_only,"",08f1f1d48a5b2142035cc7d4a73eb746,Das Küchenhaus Uwe Zoch GmbH,das küchenhaus uwe zoch GmbH,28,28,0,5,5,0,Fuggerstr. 43,Fuggerstr. 43-45,Berlin,Berlin,kitchen_remodeling,kitchen_remodeling,0.77,0.77,"[{""property"":"""",""dataset"":""msft"",""record_id"":""844424932371096"",""update_time"":""2025-01-06T00:00:00.000Z""},{""property"":""/properties/existence"",""dataset"":""msft"",""record_id"":""562949960768255"",""update_time"":""2025-01-06T00:00:00.000Z""},{""property"":""/properties/existence"",""dataset"":""msft"",""record_id"":""1970324840291424"",""update_time"":""2025-01-06T00:00:00.000Z""},{""property"":""/properties/existence"",""dataset"":""msft"",""record_id"":""1407374886644424"",""update_time"":""2025-01-06T00:00:00.000Z""}]","[{""dataset"":""Microsoft"",""record_id"":""562949960768255"",""update_time"":""2024-09-20T09:54:04.727"",""confidence"":0.77}]",false,false,true,true,false,false,false,false
casing_only,"",08f1f1eb9aa5845d039addbb6ec0df2e,halber85,Halber85,8,8,0,1,1,0,Halberstädter Straße 85,Halberstädter Str. 85,Magdeburg,,arts_and_entertainment,Business and Professional Services > Convention Center,0.9645127118644068,1.0,"[{""property"":"""",""dataset"":""meta"",""record_id"":""390318061097256"",""update_time"":""2025-01-06T08:00:00.000Z"",""confidence"":0.9645127118644068}]","[{""property"":"""",""dataset"":""FourSquare"",""record_id"":""542fa7b4498e6a199aa98f1e"",""update_time"":""2024-10-08T00:00:00.000"",""confidence"":1.0}]",false,false,false,false,false,false,false,false
casing_only,"",08f1f42892586a4e0359e8c2b5580679,Sklep rybny SIEJA,Sklep Rybny Sieja,17,17,0,3,3,0,ul. Wileńska 2,ul. 22 Lipca 2,Sejny,,shopping,Retail > Food and Beverage Retail > Fish Market,0.7927927927927928,1.0,"[{""property"":"""",""dataset"":""meta"",""record_id"":""1519529791681118"",""update_time"":""2025-01-06T08:00:00.000Z"",""confidence"":0.7927927927927928}]","[{""property"":"""",""dataset"":""FourSquare"",""record_id"":""598d8342826444188d8e023a"",""update_time"":""2024-06-27T00:00:00.000"",""confidence"":1.0}]",false,false,false,false,false,false,false,false
casing_only,"",08f1f864de622716037cde57e7c7af8b,Fleurs D'Alain,Fleurs d'Alain,14,14,0,2,2,0,23 Boulevard du Champ aux Métiers,23 boulevard du Champ aux Metiers,Quetigny,,flowers_and_gifts_shop,Retail > Flower Store,0.9837452982267598,1.0,"[{""property"":"""",""dataset"":""meta"",""record_id"":""466923337212750"",""update_time"":""2025-01-06T08:00:00.000Z"",""confidence"":0.9837452982267598}]","[{""property"":"""",""dataset"":""FourSquare"",""record_id"":""47c17c239fae40ad71be6238"",""update_time"":""2024-07-03T00:00:00.000"",""confidence"":1.0}]",false,false,false,false,false,false,false,false
casing_only,"",08f1f8ccc9d3480c0361f7b6e3dd17f1,Modepark RÖTher,Modepark Röther,15,15,0,2,2,0,Talstraße 12,Talstraße 12-14,Ehingen (Donau),,clothing_store,Retail > Fashion Retail > Clothing Store,0.9918379237288135,1.0,"[{""property"":"""",""dataset"":""meta"",""record_id"":""103699118865606"",""update_time"":""2025-01-06T08:00:00.000Z"",""confidence"":0.9645127118644068},{""property"":""/properties/existence"",""dataset"":""Microsoft"",""record_id"":""1970324838688334"",""update_time"":""2023-05-31T16:54:42.210Z"",""confidence"":0.77}]","[{""property"":"""",""dataset"":""FourSquare"",""record_id"":""4d7904fd71a68cfa6a600f86"",""update_time"":""2024-10-08T00:00:00.000"",""confidence"":1.0}]",false,false,false,false,false,false,false,false
casing_only,"",08f1f8d54b60445a0306d353c45e27b1,FKR MÜNCHEN REGELTECHNIK,Fkr München Regeltechnik,24,24,0,3,3,0,Gaußstr. 6,Gaußstr. 6,Dachau,Bavaria,wholesaler,Retail > Miscellaneous Store,0.77,1.0,"[{""property"":"""",""dataset"":""Microsoft"",""record_id"":""1407374885435479"",""update_time"":""2024-10-26T20:49:57.220Z"",""confidence"":0.77}]","[{""property"":"""",""dataset"":""FourSquare"",""record_id"":""5a28157defa82a69fd9382e9"",""update_time"":""2024-10-08T00:00:00.000"",""confidence"":1.0}]",false,false,false,false,false,false,false,false
casing_only,"",08f1f981762a894b0367e8c49d5125c5,Comune di Ponderano,Comune Di Ponderano,19,19,0,3,3,0,"Via Edmondo De Amicis, 7",Via Edmondo de Amicis 7,Ponderano,21,public_service_and_government,Community and Government > Town Hall,0.9645127118644068,1.0,"[{""property"":"""",""dataset"":""meta"",""record_id"":""113604964562204"",""update_time"":""2025-01-06T08:00:00.000Z"",""confidence"":0.9645127118644068}]","[{""property"":"""",""dataset"":""FourSquare"",""record_id"":""4da8919c93a021ab13cd0b2b"",""update_time"":""2024-07-03T00:00:00.000"",""confidence"":1.0}]",false,false,false,false,false,false,false,false
casing_only,"",08f1f984007324a103006beac17ac2eb,aqva,Aqva,4,4,0,1,1,0,"Via San Donato, 46H",Via Antonio Pacinotti,Torino,21,pet_store,Retail > Pet Supplies Store,0.9908651262761956,1.0,"[{""property"":"""",""dataset"":""meta"",""record_id"":""433348600114332"",""update_time"":""2025-01-06T08:00:00.000Z"",""confidence"":0.9908651262761956}]","[{""property"":"""",""dataset"":""FourSquare"",""record_id"":""4d8e18d2d4ec8cfa71386a89"",""update_time"":""2024-07-03T00:00:00.000"",""confidence"":1.0}]",false,false,false,false,false,false,false,false
casing_only,"",08f1f998daa94d2803f8fba1f3c9574a,Birbe Sas Di Roncelli Cristina,Birbe SAS di Roncelli Cristina,30,30,0,5,5,0,"Via del Lavoro, 12",Via del Lavoro 14,Almenno San Bartolomeo,25,shopping,Retail,0.9544061302681992,1.0,"[{""property"":"""",""dataset"":""meta"",""record_id"":""1466315266919269"",""update_time"":""2025-01-06T08:00:00.000Z"",""confidence"":0.9544061302681992}]","[{""property"":"""",""dataset"":""FourSquare"",""record_id"":""4ba193a542e04d4a44464d37"",""update_time"":""2024-07-03T00:00:00.000"",""confidence"":1.0}]",false,false,false,false,false,false,false,false
casing_only,"",08f1f99c527b17940327753501f78574,Stroili,STROILI,7,7,0,1,1,0,"Strada Provinciale dei Giovi Nord, 1","Strada Statale 35 dei Giovi, CC Brianza - Piano terra",Paderno Dugnano,25,jewelry_store,gift_shop,0.9918379237288135,0.77,"[{""property"":"""",""dataset"":""meta"",""record_id"":""107072624088022"",""update_time"":""2025-01-06T00:00:00.000Z""},{""property"":""/properties/existence"",""dataset"":""msft"",""record_id"":""562949965406474"",""update_time"":""2025-01-06T00:00:00.000Z""},{""property"":""/properties/existence"",""dataset"":""msft"",""record_id"":""562949959878986"",""update_time"":""2025-01-06T00:00:00.000Z""}]","[{""dataset"":""Microsoft"",""record_id"":""562949965406474"",""update_time"":""2024-12-23T16:17:40.95"",""confidence"":0.77}]",false,false,false,false,false,false,false,false
casing_only,"",08f1fb466291c8710318d6f00eca3f9d,Subway,SUBWAY,6,6,0,1,1,0,28 Boulevard Saint-Denis,42 bis boulevard de Bonne Nouvelle,Paris,,fast_food_restaurant,Dining and Drinking > Restaurant > Sandwich Spot,0.28671328671328666,1.0,"[{""property"":"""",""dataset"":""meta"",""record_id"":""104299579633761"",""update_time"":""2025-01-06T08:00:00.000Z"",""confidence"":0.2867132867132867}]","[{""property"":"""",""dataset"":""FourSquare"",""record_id"":""4c594f3ab05c1b8d7b5bd5b1"",""update_time"":""2024-07-02T00:00:00.000"",""confidence"":1.0}]",false,false,false,false,false,false,false,false
casing_only,"",08f2600b5e5443400346330dbef4fa01,Mustang Disaster CleanUp,Mustang Disaster Cleanup,24,24,0,3,3,0,27283 SD Highway 115,27283 Sd-115,Harrisburg,SD,damage_restoration,office_cleaning,0.9877528662420382,0.77,"[{""property"":"""",""dataset"":""meta"",""record_id"":""103246748053710"",""update_time"":""2025-01-06T00:00:00.000Z""},{""property"":""/properties/existence"",""dataset"":""msft"",""record_id"":""844424932805036"",""update_time"":""2025-01-06T00:00:00.000Z""},{""property"":""/properties/existence"",""dataset"":""msft"",""record_id"":""562949961088442"",""update_time"":""2025-01-06T00:00:00.000Z""},{""property"":""/properties/existence"",""dataset"":""msft"",""record_id"":""562949956390057"",""update_time"":""2025-01-06T00:00:00.000Z""},{""property"":""/properties/existence"",""dataset"":""msft"",""record_id"":""1970324838585672"",""update_time"":""2025-01-06T00:00:00.000Z""},{""property"":""/properties/existence"",""dataset"":""msft"",""record_id"":""1125899911371708"",""update_time"":""2025-01-06T00:00:00.000Z""}]","[{""dataset"":""Microsoft"",""record_id"":""1970324838585672"",""update_time"":""2016-07-20T10:25:56.02"",""confidence"":0.77}]",false,false,false,false,false,false,false,false
casing_only,"",08f262cb643840230331d681f0cfde82,Subway,SUBWAY,6,6,0,1,1,0,1301 Lakeshore Dr N,102-108 W Vine St,Lake City,MN,sandwich_shop,Dining and Drinking > Restaurant > Sandwich Spot,0.9962614185921548,1.0,"[{""property"":"""",""dataset"":""meta"",""record_id"":""121175551229276"",""update_time"":""2025-01-06T08:00:00.000Z"",""confidence"":0.9837452982267598},{""property"":""/properties/existence"",""dataset"":""Microsoft"",""record_id"":""562949960087549"",""update_time"":""2024-09-09T04:05:33.840Z"",""confidence"":0.77}]","[{""property"":"""",""dataset"":""FourSquare"",""record_id"":""4de6dd10b0fb9a99f6f53508"",""update_time"":""2024-10-11T00:00:00.000"",""confidence"":1.0}]",false,false,false,false,false,false,false,false
casing_only,"",08f264d8dc6c13b603bcc88818af0555,Subway,SUBWAY,6,6,0,1,1,0,3686 Bell Rd,,Nashville,TN,sandwich_shop,Dining and Drinking > Restaurant > Sandwich Spot,0.9962614185921548,1.0,"[{""property"":"""",""dataset"":""meta"",""record_id"":""136584539754259"",""update_time"":""2025-01-06T08:00:00.000Z"",""confidence"":0.9837452982267598},{""property"":""/properties/existence"",""dataset"":""Microsoft"",""record_id"":""562949960083412"",""update_time"":""2024-09-09T04:19:26.660Z"",""confidence"":0.77}]","[{""property"":"""",""dataset"":""FourSquare"",""record_id"":""4ffe15bee4b07d7cbdb72271"",""update_time"":""2024-10-12T00:00:00.000"",""confidence"":1.0}]",false,false,false,false,false,false,false,false
casing_only,"",08f2659b9aad6b12032b7af2e493108b,ecoATM,Ecoatm,6,6,0,1,1,0,798 W Service Rd,798 W Service Rd,West Memphis,AR,vending_machine_supplier,Retail > Vintage and Thrift Store,0.77,1.0,"[{""property"":"""",""dataset"":""Microsoft"",""record_id"":""562949956685479"",""update_time"":""2018-08-22T01:11:48.277Z"",""confidence"":0.77}]","[{""property"":"""",""dataset"":""FourSquare"",""record_id"":""259ebc021f38456a0db462e4"",""update_time"":""2024-10-15T00:00:00.000"",""confidence"":1.0}]",false,false,false,false,false,false,false,false
casing_only,"",08f265d681c335a103bad6b2d6152105,Honda of Jonesboro,Honda Of Jonesboro,18,18,0,3,3,0,3003 E Parker Rd,3003 E Parker Rd,Jonesboro,AR,car_dealer,used_car_dealer,0.9962614185921548,0.77,"[{""property"":"""",""dataset"":""meta"",""record_id"":""1307977829266368"",""update_time"":""2025-01-06T00:00:00.000Z""},{""property"":""/properties/existence"",""dataset"":""msft"",""record_id"":""562949965793872"",""update_time"":""2025-01-06T00:00:00.000Z""},{""property"":""/properties/existence"",""dataset"":""msft"",""record_id"":""2251799821211083"",""update_time"":""2025-01-06T00:00:00.000Z""},{""property"":""/properties/existence"",""dataset"":""msft"",""record_id"":""1688849863431069"",""update_time"":""2025-01-06T00:00:00.000Z""}]","[{""dataset"":""Microsoft"",""record_id"":""1688849863431069"",""update_time"":""2019-02-15T19:32:15.023"",""confidence"":0.77}]",false,false,false,false,false,false,false,false
casing_only,"",08f2664c9939219403dbde16d5780a75,bp,BP,2,2,0,1,1,0,6749 Ogden Ave,6749 Ogden Ave,Berwyn,IL,gas_station,gas_station,0.9962614185921548,0.77,"[{""property"":"""",""dataset"":""meta"",""record_id"":""1967698830110710"",""update_time"":""2025-01-06T00:00:00.000Z""},{""property"":""/properties/existence"",""dataset"":""msft"",""record_id"":""844424930437611"",""update_time"":""2025-01-06T00:00:00.000Z""},{""property"":""/properties/existence"",""dataset"":""msft"",""record_id"":""562949956475972"",""update_time"":""2025-01-06T00:00:00.000Z""},{""property"":""/properties/existence"",""dataset"":""msft"",""record_id"":""1407374890699176"",""update_time"":""2025-01-06T00:00:00.000Z""},{""property"":""/properties/existence"",""dataset"":""msft"",""record_id"":""1407374884711106"",""update_time"":""2025-01-06T00:00:00.000Z""}]","[{""dataset"":""Microsoft"",""record_id"":""844424930437611"",""update_time"":""2014-04-28T19:53:28.31"",""confidence"":0.77}]",false,false,false,false,false,false,false,false
casing_only,"",08f2696049d940ca03d2cca2a8820f3a,ecoATM,Ecoatm,6,6,0,1,1,0,1820 W 9000 S,1820 W 9000 S,West Jordan,UT,vending_machine_supplier,Retail > Vintage and Thrift Store,0.77,1.0,"[{""property"":"""",""dataset"":""Microsoft"",""record_id"":""562949954729013"",""update_time"":""2018-08-22T01:11:45.667Z"",""confidence"":0.77}]","[{""property"":"""",""dataset"":""FourSquare"",""record_id"":""ff39d065e9f0460cf4893124"",""update_time"":""2024-10-11T00:00:00.000"",""confidence"":1.0}]",false,false,false,false,false,false,false,false
casing_only,"",08f26cbca4d650d203cde8548296502e,ecoATM,Ecoatm,6,6,0,1,1,0,7451 Mccart Ave,7451 McCart Ave,Fort Worth,TX,vending_machine_supplier,Retail > Vintage and Thrift Store,0.77,1.0,"[{""property"":"""",""dataset"":""Microsoft"",""record_id"":""562949953887510"",""update_time"":""2018-08-22T01:11:45.667Z"",""confidence"":0.77}]","[{""property"":"""",""dataset"":""FourSquare"",""record_id"":""4206ff1db101417da2efd269"",""update_time"":""2023-11-30T00:00:00.000"",""confidence"":1.0}]",false,false,false,false,false,false,false,false
casing_only,"",08f28d1aad551984033a2ad398f40707,Graphic FX Signworks,GRAPHIC FX SIGNWORKS,20,20,0,3,3,0,375 Hillside Ave,375 Hillside Avenue,Victoria,BC,sign_making,printing_services,0.9962614185921548,0.77,"[{""property"":"""",""dataset"":""meta"",""record_id"":""115204101877042"",""update_time"":""2025-01-06T00:00:00.000Z""},{""property"":""/properties/existence"",""dataset"":""msft"",""record_id"":""1407374888509790"",""update_time"":""2025-01-06T00:00:00.000Z""}]","[{""dataset"":""Microsoft"",""record_id"":""1407374888509790"",""update_time"":""2024-10-06T14:27:45.83"",""confidence"":0.77}]",false,false,false,false,false,false,false,false
casing_only,"",08f29a1d6b815055035c84c7c0088e62,Superstar Garage Door and Gate Services,Superstar garage door and gate services,39,39,0,6,6,0,7095 Hollywood Blvd,"7095 Hollywood Blvd #415",Los Angeles,CA,garage_door_service,Retail > Hardware Store,0.9146576663452266,1.0,"[{""property"":"""",""dataset"":""meta"",""record_id"":""104154705263232"",""update_time"":""2025-01-06T08:00:00.000Z"",""confidence"":0.9146576663452266}]","[{""property"":"""",""dataset"":""FourSquare"",""record_id"":""638ee54b7c2fb72f26403e5b"",""update_time"":""2024-10-11T00:00:00.000"",""confidence"":1.0}]",false,false,false,false,false,false,false,false
casing_only,"",08f29a409957174c03e80c646d9ea6be,HearUSA,HEARUSA,7,7,0,1,1,0,14845 Pomerado Rd,14845 Pomerado Rd,Poway,CA,hearing_aids,hearing_aids,0.77,0.77,"[{""property"":"""",""dataset"":""msft"",""record_id"":""844424934036860"",""update_time"":""2025-01-06T00:00:00.000Z""},{""property"":""/properties/existence"",""dataset"":""msft"",""record_id"":""562949957708754"",""update_time"":""2025-01-06T00:00:00.000Z""},{""property"":""/properties/existence"",""dataset"":""msft"",""record_id"":""1125899912156188"",""update_time"":""2025-01-06T00:00:00.000Z""},{""property"":""/properties/existence"",""dataset"":""msft"",""record_id"":""1125899907597198"",""update_time"":""2025-01-06T00:00:00.000Z""}]","[{""dataset"":""Microsoft"",""record_id"":""1125899907597198"",""update_time"":""2015-09-09T19:20:14.19"",""confidence"":0.77}]",false,false,false,false,false,false,false,false
casing_only,"",08f2a1009db9b7a103c75df1da3f9f96,ecoATM,Ecoatm,6,6,0,1,1,0,2100 88th St,2100 88th St,North Bergen,NJ,vending_machine_supplier,Retail > Vintage and Thrift Store,0.77,1.0,"[{""property"":"""",""dataset"":""Microsoft"",""record_id"":""562949956685299"",""update_time"":""2018-08-22T01:11:48.277Z"",""confidence"":0.77}]","[{""property"":"""",""dataset"":""FourSquare"",""record_id"":""4df3e1fcdbbe450a99a7987b"",""update_time"":""2024-10-11T00:00:00.000"",""confidence"":1.0}]",false,false,false,false,false,false,false,false
casing_only,"",08f2a104eda56165038129f326d78561,La Cucina Piccola,LA CUCINA PICCOLA,17,17,0,3,3,0,178 Eagle Rock Ave,178 Eagle Rock Ave,Roseland,NJ,italian_restaurant,restaurant,0.9962614185921548,0.77,"[{""property"":"""",""dataset"":""meta"",""record_id"":""1568433673250230"",""update_time"":""2025-01-06T00:00:00.000Z""},{""property"":""/properties/existence"",""dataset"":""msft"",""record_id"":""562949965295101"",""update_time"":""2025-01-06T00:00:00.000Z""},{""property"":""/properties/existence"",""dataset"":""msft"",""record_id"":""1407374891376814"",""update_time"":""2025-01-06T00:00:00.000Z""},{""property"":""/properties/existence"",""dataset"":""msft"",""record_id"":""1407374888225682"",""update_time"":""2025-01-06T00:00:00.000Z""}]","[{""dataset"":""Microsoft"",""record_id"":""1407374888225682"",""update_time"":""2024-10-10T08:36:55.883"",""confidence"":0.77}]",false,false,false,false,false,false,false,false
casing_only,"",08f2a10773ab320c035df71c74f23514,SeoPrix SEO Company,SEOPrix SEO Company,19,19,0,3,3,0,1063 66th St,"1063 66th St, Brooklyn",Brooklyn,NY,advertising_agency,Business and Professional Services > Search Engine Marketing and Optimization Service,0.8359792626728111,1.0,"[{""property"":"""",""dataset"":""Microsoft"",""record_id"":""1407374886617067"",""update_time"":""2024-12-30T05:17:12.080Z"",""confidence"":0.77},{""property"":""/properties/existence"",""dataset"":""meta"",""record_id"":""110569410612863"",""update_time"":""2025-01-06T08:00:00.000Z"",""confidence"":0.2868663594470046}]","[{""property"":"""",""dataset"":""FourSquare"",""record_id"":""5e920462f8077b000836d387"",""update_time"":""2024-10-14T00:00:00.000"",""confidence"":1.0}]",false,false,true,true,false,false,false,false
casing_only,"",08f2a847353b36aa03aee699c7cd4a9c,CVS Pharmacy,CVS pharmacy,12,12,0,2,2,0,6231 Penn Ave,6100 Penn Ave,Pittsburgh,PA,pharmacy,Retail > Pharmacy,0.77,1.0,"[{""property"":"""",""dataset"":""Microsoft"",""record_id"":""562949962900349"",""update_time"":""2022-03-31T06:37:12.830Z"",""confidence"":0.77}]","[{""property"":"""",""dataset"":""FourSquare"",""record_id"":""4b96a583f964a52030db34e3"",""update_time"":""2024-10-11T00:00:00.000"",""confidence"":1.0}]",false,false,false,false,false,false,false,false
casing_only,"",08f2d03c6dd16d6303924a43a7507eb1,Özel Özlem Özel Eğitim Ve Rehabilitasyon Merkezi,özel özlem özel eğitim ve rehabilitasyon merkezi,48,48,0,7,7,0,,,,,school,Community and Government > Education,0.48103896103896104,1.0,"[{""property"":"""",""dataset"":""meta"",""record_id"":""353880228492705"",""update_time"":""2025-01-06T08:00:00.000Z"",""confidence"":0.48103896103896104}]","[{""property"":"""",""dataset"":""FourSquare"",""record_id"":""5193903c498e6060a4ca0791"",""update_time"":""2023-12-20T00:00:00.000"",""confidence"":1.0}]",false,false,false,false,false,false,false,false
casing_only,"",08f30cbaa316200e0343d4c48c677352,セルフ写真館Blanc,セルフ写真館BLANC,11,11,0,1,1,0,"Ariakecho, 2 2GRIN-CREATIONS 2F",有明町2-2 GRIN-CREATIONS 2F,,,event_photography,session_photography,0.9828411287205256,0.77,"[{""property"":"""",""dataset"":""meta"",""record_id"":""186353274564618"",""update_time"":""2025-01-06T00:00:00.000Z""},{""property"":""/properties/existence"",""dataset"":""msft"",""record_id"":""1970324842141726"",""update_time"":""2025-01-06T00:00:00.000Z""},{""property"":""/properties/existence"",""dataset"":""msft"",""record_id"":""1125899912745482"",""update_time"":""2025-01-06T00:00:00.000Z""}]","[{""dataset"":""Microsoft"",""record_id"":""1125899912745482"",""update_time"":""2024-01-27T14:34:47.82"",""confidence"":0.77}]",false,false,false,false,false,false,false,false
casing_only,"",08f3c1b8a5d25950033385029a075357,IndianOil,Indianoil,9,9,0,1,1,0,"Lock No 22026/93040 & 12015/93429 NH 34, Raiganj, Kulik, Rt 158 Km,Baharail","Lock No 22026/93040 & 12015/93429, NH 34, Raiganj, Kulik, Rt 158 Km, Baharail",,,tire_dealer_and_repair,gas_station,0.9803712632594022,0.77,"[{""property"":"""",""dataset"":""meta"",""record_id"":""162361867621642"",""update_time"":""2025-01-06T00:00:00.000Z""},{""property"":""/properties/existence"",""dataset"":""msft"",""record_id"":""1688849865331881"",""update_time"":""2025-01-06T00:00:00.000Z""}]","[{""dataset"":""Microsoft"",""record_id"":""1688849865331881"",""update_time"":""2024-02-11T21:30:26.833"",""confidence"":0.77}]",false,false,false,false,false,false,false,false
casing_only,"",08f3d16161bb6730037553777da33a01,IndianOil,Indianoil,9,9,0,1,1,0,"Bahera Road, Bhadson Road","Bahera Road, Patiala Bhadson Road, Bakshiwala",,,gas_station,gas_station,0.9872500778573653,0.77,"[{""property"":"""",""dataset"":""meta"",""record_id"":""346448195211229"",""update_time"":""2025-01-06T00:00:00.000Z""},{""property"":""/properties/existence"",""dataset"":""msft"",""record_id"":""1688849865324000"",""update_time"":""2025-01-06T00:00:00.000Z""}]","[{""dataset"":""Microsoft"",""record_id"":""1688849865324000"",""update_time"":""2024-02-11T20:58:25.303"",""confidence"":0.77}]",false,false,false,false,false,false,false,false
casing_only,"",08f3da18ccad52ad03cc06b87820910f,davaindia GENERIC PHARMACY,Davaindia Generic Pharmacy,26,26,0,3,3,0,"Shop No F21/66, Rohini, Sector 15","Shop No F21/66, Rohini, Sector 15",New Delhi,Delhi,pharmacy,pharmacy,0.77,0.77,"[{""property"":"""",""dataset"":""msft"",""record_id"":""1970324841936378"",""update_time"":""2025-01-06T00:00:00.000Z""},{""property"":""/properties/existence"",""dataset"":""msft"",""record_id"":""1688849864728832"",""update_time"":""2025-01-06T00:00:00.000Z""}]","[{""dataset"":""Microsoft"",""record_id"":""1688849864728832"",""update_time"":""2023-06-02T06:10:02.65"",""confidence"":0.77}]",false,false,false,false,false,false,false,false
casing_only,"",08f424820416a28503809271600f2111,IndianOil,Indianoil,9,9,0,1,1,0,"Ground Floor Malout Muktsar Road, Bam","Ground Floor, Malout Muktsar Road, Bam, Rupana",,,gas_station,gas_station,0.9828411287205256,0.77,"[{""property"":"""",""dataset"":""meta"",""record_id"":""166979613825327"",""update_time"":""2025-01-06T00:00:00.000Z""},{""property"":""/properties/existence"",""dataset"":""msft"",""record_id"":""1688849865324610"",""update_time"":""2025-01-06T00:00:00.000Z""}]","[{""dataset"":""Microsoft"",""record_id"":""1688849865324610"",""update_time"":""2024-02-11T22:29:19.133"",""confidence"":0.77}]",false,false,false,false,false,false,false,false
casing_only,"",08f445c39c608c4e03bbcdbd41ed5b80,Cocktailz Fine Wine and Spirits,CockTailz Fine Wine and Spirits,31,31,0,5,5,0,1716 Highway 51,1716 Highway 51,Madison,MS,liquor_store,beer_wine_and_spirits,0.9962614185921548,0.77,"[{""property"":"""",""dataset"":""meta"",""record_id"":""330559297042000"",""update_time"":""2025-01-06T00:00:00.000Z""},{""property"":""/properties/existence"",""dataset"":""msft"",""record_id"":""1688849865004581"",""update_time"":""2025-01-06T00:00:00.000Z""}]","[{""dataset"":""Microsoft"",""record_id"":""1688849865004581"",""update_time"":""2023-11-06T02:38:33.65"",""confidence"":0.77}]",false,false,false,false,false,false,false,false
casing_only,"",08f446c315d59c70037dceebe2578bb9,Emmanuel Church of God in Christ,Emmanuel Church Of God In Christ,32,32,0,6,6,0,8813 Lockwood Dr,8813 Lockwood Dr,Houston,TX,church_cathedral,Community and Government > Spiritual Center > Church,0.9908651262761956,1.0,"[{""property"":"""",""dataset"":""meta"",""record_id"":""106486551093481"",""update_time"":""2025-01-06T08:00:00.000Z"",""confidence"":0.9908651262761956}]","[{""property"":"""",""dataset"":""FourSquare"",""record_id"":""bd9a640a3df54492a901a587"",""update_time"":""2024-10-15T00:00:00.000"",""confidence"":1.0}]",false,false,false,false,false,false,false,false
casing_only,"",08f446d5a2010d8203f9b431b01c55a8,Sportchassis/ Featherlite Trailers of Texas,SportChassis/ Featherlite Trailers of Texas,43,43,0,5,5,0,140 FM 1488 Rd,140 Farm to Market Road 1488,Conroe,TX,trailer_dealer,truck_dealer,0.9962614185921548,0.77,"[{""property"":"""",""dataset"":""meta"",""record_id"":""223488081038300"",""update_time"":""2025-01-06T00:00:00.000Z""},{""property"":""/properties/existence"",""dataset"":""msft"",""record_id"":""562949957352160"",""update_time"":""2025-01-06T00:00:00.000Z""},{""property"":""/properties/existence"",""dataset"":""msft"",""record_id"":""562949956266703"",""update_time"":""2025-01-06T00:00:00.000Z""},{""property"":""/properties/existence"",""dataset"":""msft"",""record_id"":""1125899909284183"",""update_time"":""2025-01-06T00:00:00.000Z""}]","[{""dataset"":""Microsoft"",""record_id"":""1125899909284183"",""update_time"":""2024-11-22T15:44:03.813"",""confidence"":0.77}]",false,false,false,false,false,false,false,false
casing_only,"",08f44a93a64e1cb6034a02ec987bd928,ecoATM,Ecoatm,6,6,0,1,1,0,200 S State Road 434,200 S State Road 434,Altamonte Springs,FL,vending_machine_supplier,Retail > Vintage and Thrift Store,0.77,1.0,"[{""property"":"""",""dataset"":""Microsoft"",""record_id"":""562949958271545"",""update_time"":""2018-08-22T01:11:50.917Z"",""confidence"":0.77}]","[{""property"":"""",""dataset"":""FourSquare"",""record_id"":""39c2c5b739a14316f75a1812"",""update_time"":""2024-10-14T00:00:00.000"",""confidence"":1.0}]",false,false,false,false,false,false,false,false
casing_only,"",08f44c172e6ce1b303ed1d260c7af186,ecoATM,Ecoatm,6,6,0,1,1,0,"4221 Atlanta Hwy, (Grocery Vestibule)",4221 Atlanta Hwy,Loganville,GA,vending_machine_supplier,Retail > Vintage and Thrift Store,0.77,1.0,"[{""property"":"""",""dataset"":""Microsoft"",""record_id"":""562949957978653"",""update_time"":""2018-08-22T01:11:50.917Z"",""confidence"":0.77}]","[{""property"":"""",""dataset"":""FourSquare"",""record_id"":""9e8cc107dc5f4717b68534aa"",""update_time"":""2023-12-01T00:00:00.000"",""confidence"":1.0}]",false,false,false,false,false,false,false,false
casing_only,"",08f44e82a8729a6903d46311d3094fc7,PT Orthodontics,Pt Orthodontics,15,15,0,2,2,0,7815 Parkway Dr,7815 Parkway Dr,Leeds,AL,orthodontist,orthodontist,0.9962614185921548,0.77,"[{""property"":"""",""dataset"":""meta"",""record_id"":""454581078056594"",""update_time"":""2025-01-06T00:00:00.000Z""},{""property"":""/properties/existence"",""dataset"":""msft"",""record_id"":""1688849862956792"",""update_time"":""2025-01-06T00:00:00.000Z""}]","[{""dataset"":""Microsoft"",""record_id"":""1688849862956792"",""update_time"":""2016-06-03T18:34:14.35"",""confidence"":0.77}]",false,false,false,false,false,false,false,false
casing_only,"",08f4983c12414b70030d06164213999e,RAQSA Radiadores,Raqsa Radiadores,16,16,0,2,2,0,Calle Ingeniería 5,Calle Ingenieria 1,Santiago de Querétaro,,automotive_repair,auto_parts_and_supply_store,0.9877528662420382,0.77,"[{""property"":"""",""dataset"":""meta"",""record_id"":""149669331570195"",""update_time"":""2025-01-06T00:00:00.000Z""},{""property"":""/properties/existence"",""dataset"":""msft"",""record_id"":""562949962183383"",""update_time"":""2025-01-06T00:00:00.000Z""}]","[{""dataset"":""Microsoft"",""record_id"":""562949962183383"",""update_time"":""2024-10-17T21:05:21.903"",""confidence"":0.77}]",false,false,false,false,false,false,false,false
casing_only,"",08f4995b9d4208a20380224da236338f,OXXO,Oxxo,4,4,0,1,1,0,Fray Juan de Zumárraga 101,Lindavista,Gustavo A Madero,,shopping,Retail > Convenience Store,0.9645127118644068,1.0,"[{""property"":"""",""dataset"":""meta"",""record_id"":""309122333233618"",""update_time"":""2025-01-06T08:00:00.000Z"",""confidence"":0.9645127118644068}]","[{""property"":"""",""dataset"":""FourSquare"",""record_id"":""4cf2f5f5e3b9a0937e6e4753"",""update_time"":""2024-01-02T00:00:00.000"",""confidence"":1.0}]",false,false,false,false,false,false,false,false
casing_only,"",08f618925369418303e5a2240dc89c5b,HDFC Bank ATM,Hdfc Bank Atm,13,13,0,3,3,0,"No 2289, 14th Main, HAL, Indiranagar","14th Main road, HAL 2nd Stage",Bengaluru,Karnataka,atms,Business and Professional Services > Financial Service > Banking and Finance > ATM,0.77,1.0,"[{""property"":"""",""dataset"":""Microsoft"",""record_id"":""1688849863167734"",""update_time"":""2023-06-12T16:58:39.513Z"",""confidence"":0.77}]","[{""property"":"""",""dataset"":""FourSquare"",""record_id"":""5adb1c76e4c459213d8f1263"",""update_time"":""2023-12-20T00:00:00.000"",""confidence"":1.0}]",false,false,false,false,false,false,false,false
casing_only,"",08f694ec021238e503021640506c6b62,Ongkeco'S Hobby Shop,Ongkeco's Hobby Shop,20,20,0,3,3,0,Estrada St 2486,2488 Taft Ave.,Manila,,hobby_shop,Retail > Hobby Store,0.48103896103896104,1.0,"[{""property"":"""",""dataset"":""meta"",""record_id"":""112843112063473"",""update_time"":""2025-01-06T08:00:00.000Z"",""confidence"":0.48103896103896104}]","[{""property"":"""",""dataset"":""FourSquare"",""record_id"":""4d439c8859ca2d434f37150f"",""update_time"":""2020-11-23T00:00:00.000"",""confidence"":1.0}]",false,false,false,false,false,false,false,false
casing_only,"",08fa8f56a671d254038c00412af16327,Shopping ok,Shopping OK,11,11,0,2,2,0,"Avenida João Pessoa, 137",Center Shopping,Uberlândia,MG,shopping_center,Retail > Computers and Electronics Retail > Electronics Store,0.6214335421016005,1.0,"[{""property"":"""",""dataset"":""meta"",""record_id"":""266081757274906"",""update_time"":""2025-01-06T08:00:00.000Z"",""confidence"":0.6214335421016005}]","[{""property"":"""",""dataset"":""FourSquare"",""record_id"":""4e46cb99d22d12b08bc68fa2"",""update_time"":""2020-11-25T00:00:00.000"",""confidence"":1.0}]",false,false,false,false,false,false,false,false
casing_only,"",1125899910314744,The Glen At Shawmont Station,The Glen at Shawmont Station,28,28,0,5,5,0,300 Autumn River Run,300 Autumn River Run,Philadelphia,PA,apartments,apartments,0.77,0.77,"[{""dataset"":""Microsoft"",""record_id"":""1125899910314744"",""update_time"":""2021-08-24T00:14:16.57"",""confidence"":0.77}]","[{""dataset"":""Microsoft"",""record_id"":""1688849863405538"",""update_time"":""2019-11-22T19:49:09.35"",""confidence"":0.77}]",false,false,false,false,false,false,false,false
casing_only,"",1125899910316196,Satellite TV and Sound,Satellite Tv And Sound,22,22,0,4,4,0,5020 Louetta Rd,5020 Louetta Rd,Spring,TX,telecommunications,telecommunications,0.77,0.77,"[{""dataset"":""Microsoft"",""record_id"":""1125899910316196"",""update_time"":""2021-12-01T07:16:05.44"",""confidence"":0.77}]","[{""dataset"":""Microsoft"",""record_id"":""1407374886969303"",""update_time"":""2020-11-12T00:04:45.013"",""confidence"":0.77}]",false,false,false,false,false,false,false,false
casing_only,"",1125899912397985,MANPOWER,Manpower,8,8,0,1,1,0,8210 University Executive Park Dr Ste 140,8210 University Executive Park Dr Ste 140,Charlotte,NC,employment_agencies,employment_agencies,0.77,0.77,"[{""dataset"":""Microsoft"",""record_id"":""1125899912397985"",""update_time"":""2024-12-08T05:39:45.273"",""confidence"":0.77}]","[{""dataset"":""Microsoft"",""record_id"":""1407374887644083"",""update_time"":""2024-10-12T19:55:44.317"",""confidence"":0.77}]",false,false,false,false,false,false,false,false
casing_only,"",1407374885013073,SHELL,Shell,5,5,0,1,1,0,Bath Road,Bath Rd,Newbury,"",gas_station,gas_station,0.77,0.77,"[{""dataset"":""Microsoft"",""record_id"":""1407374885013073"",""update_time"":""2016-05-19T15:28:19.927"",""confidence"":0.77}]","[{""dataset"":""Microsoft"",""record_id"":""562949957221829"",""update_time"":""2020-07-18T15:41:10.9"",""confidence"":0.77}]",false,false,false,false,false,false,false,false
casing_only,"",1970324838624365,Puroclean Managed Services,PuroClean Managed Services,26,26,0,3,3,0,82 Leroy Rd,82 Leroy Rd,Williston,VT,fire_and_water_damage_restoration,fire_and_water_damage_restoration,0.77,0.77,"[{""dataset"":""Microsoft"",""record_id"":""1970324838624365"",""update_time"":""2017-10-06T19:54:50.923"",""confidence"":0.77}]","[{""dataset"":""Microsoft"",""record_id"":""1970324839268376"",""update_time"":""2020-10-16T16:14:52.45"",""confidence"":0.77}]",false,false,false,false,false,false,false,false
casing_only,"",562949962132921,MT caravane,MT Caravane,11,11,0,2,2,0,844-A Rue J.-Ambroise-Craig,844-A rue J.-Ambroise-Craig,Lévis,QC,recreation_vehicle_repair,recreation_vehicle_repair,0.77,0.77,"[{""dataset"":""Microsoft"",""record_id"":""562949962132921"",""update_time"":""2024-12-02T12:55:05.217"",""confidence"":0.77}]","[{""dataset"":""Microsoft"",""record_id"":""562949962132927"",""update_time"":""2021-08-12T18:47:12.13"",""confidence"":0.77}]",false,false,false,false,false,false,false,false
normalization_equivalent,conjunction,08f19437524a6b6c0397dbb64730ccc7,Howarth Timber and Building Supplies,Howarth Timber & Building Supplies,36,34,-2,5,5,0,Geddington Rd,Geddington Rd,,,building_supply_store,building_supply_store,0.9918379237288135,0.77,"[{""property"":"""",""dataset"":""meta"",""record_id"":""1485196728373893"",""update_time"":""2025-01-06T00:00:00.000Z""},{""property"":""/properties/existence"",""dataset"":""msft"",""record_id"":""844424934201788"",""update_time"":""2025-01-06T00:00:00.000Z""},{""property"":""/properties/existence"",""dataset"":""msft"",""record_id"":""1970324838769083"",""update_time"":""2025-01-06T00:00:00.000Z""},{""property"":""/properties/existence"",""dataset"":""msft"",""record_id"":""1688849864482668"",""update_time"":""2025-01-06T00:00:00.000Z""},{""property"":""/properties/existence"",""dataset"":""msft"",""record_id"":""1688849864479240"",""update_time"":""2025-01-06T00:00:00.000Z""},{""property"":""/properties/existence"",""dataset"":""msft"",""record_id"":""1407374890277066"",""update_time"":""2025-01-06T00:00:00.000Z""},{""property"":""/properties/existence"",""dataset"":""msft"",""record_id"":""1407374888576553"",""update_time"":""2025-01-06T00:00:00.000Z""}]","[{""dataset"":""Microsoft"",""record_id"":""1407374890277066"",""update_time"":""2023-05-22T10:29:31.26"",""confidence"":0.77}]",false,false,false,false,false,false,false,false
normalization_equivalent,conjunction,08f1f898460ab53603441ef8aea5ad0b,WingTsun and Gesundheitsschule Chiemgau,WingTsun & Gesundheitsschule Chiemgau,39,37,-2,4,4,0,Kindergartenstr. 10,Kindergartenstr. 10,Palling,Bavaria,self_defense_classes,Sports and Recreation > Martial Arts Dojo,0.77,1.0,"[{""property"":"""",""dataset"":""Microsoft"",""record_id"":""1407374887803294"",""update_time"":""2024-12-04T08:39:41.703Z"",""confidence"":0.77}]","[{""property"":"""",""dataset"":""FourSquare"",""record_id"":""59e1d80624962376ecf1c841"",""update_time"":""2024-10-08T00:00:00.000"",""confidence"":1.0}]",false,false,false,false,false,false,false,false
normalization_equivalent,conjunction,08f26010a6db404403e339f85cbc6d43,Ritz Sales and Service,Ritz Sales & Service,22,20,-2,4,4,0,20776 Evergreen Ave,"20776 Evergreen Ave # 8845",Akron,IA,automotive_repair,Business and Professional Services > Automotive Service > Automotive Repair Shop,0.9445655559015883,1.0,"[{""property"":"""",""dataset"":""meta"",""record_id"":""205500416669860"",""update_time"":""2025-01-06T08:00:00.000Z"",""confidence"":0.9445655559015883}]","[{""property"":"""",""dataset"":""FourSquare"",""record_id"":""20dbf556ee8147693585ff30"",""update_time"":""2024-10-11T00:00:00.000"",""confidence"":1.0}]",false,false,false,false,false,false,false,false
normalization_equivalent,conjunction,08f268cca948423603edbb80f5da4610,Norris Chiropractic and Wellness Center,Norris Chiropractic & Wellness Center,39,37,-2,5,5,0,621 Southpark Dr,"621 Southpark Dr #1900",Littleton,CO,chiropractor,chiropractor,0.9962614185921548,0.77,"[{""property"":"""",""dataset"":""meta"",""record_id"":""518803521611910"",""update_time"":""2025-01-06T00:00:00.000Z""},{""property"":""/properties/existence"",""dataset"":""msft"",""record_id"":""844424932965130"",""update_time"":""2025-01-06T00:00:00.000Z""},{""property"":""/properties/existence"",""dataset"":""msft"",""record_id"":""844424932121840"",""update_time"":""2025-01-06T00:00:00.000Z""},{""property"":""/properties/existence"",""dataset"":""msft"",""record_id"":""1125899910132776"",""update_time"":""2025-01-06T00:00:00.000Z""}]","[{""dataset"":""Microsoft"",""record_id"":""844424932121840"",""update_time"":""2019-04-10T14:15:24.323"",""confidence"":0.77}]",false,false,false,false,false,false,false,false
normalization_equivalent,conjunction,08f26c860db342c903fdde464d319c01,International Flavors and Fragrances,International Flavors & Fragrances,36,34,-2,4,4,0,1620 W Crosby Rd,1620 W Crosby Rd Ste 102,Carrollton,TX,business_manufacturing_and_supply,Business and Professional Services > Manufacturer,0.9097222222222222,1.0,"[{""property"":"""",""dataset"":""meta"",""record_id"":""106567635197476"",""update_time"":""2025-01-06T08:00:00.000Z"",""confidence"":0.9097222222222222}]","[{""property"":"""",""dataset"":""FourSquare"",""record_id"":""77392f9172ee470ce9d40d6c"",""update_time"":""2024-10-14T00:00:00.000"",""confidence"":1.0}]",false,false,false,false,false,false,false,false
normalization_equivalent,conjunction,08f275cb024aa98d03ba3c30dd77717d,The Optimal Health Stem Cell and Wellness Institute,The Optimal Health Stem Cell & Wellness Institute,51,49,-2,8,8,0,2000 S Memorial Dr,2000 S Memorial Dr Ste 201,Appleton,WI,chiropractor,Business and Professional Services > Research Laboratory,0.3941504178272981,1.0,"[{""property"":"""",""dataset"":""meta"",""record_id"":""467825406970292"",""update_time"":""2025-01-06T08:00:00.000Z"",""confidence"":0.39415041782729804}]","[{""property"":"""",""dataset"":""FourSquare"",""record_id"":""5a7c6645898bdc101c9fd58d"",""update_time"":""2024-10-15T00:00:00.000"",""confidence"":1.0}]",false,false,false,false,false,false,false,false
normalization_equivalent,conjunction,08f288259d65b0d0031b6f0b0bda6517,Greyhouse Inn Bed and Breakfast,Greyhouse Inn Bed & Breakfast,31,29,-2,5,5,0,1115 Highway 93 S,1115 Highway 93 S,Salmon,ID,hotel,bed_and_breakfast,0.9877528662420382,0.77,"[{""property"":"""",""dataset"":""meta"",""record_id"":""249627405049433"",""update_time"":""2025-01-06T00:00:00.000Z""},{""property"":""/properties/existence"",""dataset"":""msft"",""record_id"":""1125899909263810"",""update_time"":""2025-01-06T00:00:00.000Z""}]","[{""dataset"":""Microsoft"",""record_id"":""1125899909263810"",""update_time"":""2019-02-08T19:04:26.68"",""confidence"":0.77}]",false,false,false,false,false,false,false,false
normalization_equivalent,conjunction,08f2a10790d89a5603b7b7abf1d924d5,Liberty Drug And Surgical,Liberty Drug & Surgical,25,23,-2,4,4,0,195 Main St,195 Main St,Chatham,NJ,medical_supply,pharmacy,0.9962614185921548,0.77,"[{""property"":"""",""dataset"":""meta"",""record_id"":""114384758956276"",""update_time"":""2025-01-06T00:00:00.000Z""},{""property"":""/properties/existence"",""dataset"":""msft"",""record_id"":""562949956032148"",""update_time"":""2025-01-06T00:00:00.000Z""},{""property"":""/properties/existence"",""dataset"":""msft"",""record_id"":""281474978362727"",""update_time"":""2025-01-06T00:00:00.000Z""}]","[{""dataset"":""Microsoft"",""record_id"":""281474978362727"",""update_time"":""2024-12-24T06:31:25.523"",""confidence"":0.77}]",false,false,false,false,false,false,false,false
normalization_equivalent,conjunction,08f44133b449485303f4c71023394f21,Coastal Paper and Chemical Supply,Coastal Paper & Chemical Supply,33,31,-2,5,5,0,864 SE 46th Ln,864 SE 46th Ln,Cape Coral,FL,office_equipment,office_equipment,0.9962614185921548,0.77,"[{""property"":"""",""dataset"":""meta"",""record_id"":""280061908764987"",""update_time"":""2025-01-06T00:00:00.000Z""},{""property"":""/properties/existence"",""dataset"":""msft"",""record_id"":""1970324837795673"",""update_time"":""2025-01-06T00:00:00.000Z""}]","[{""dataset"":""Microsoft"",""record_id"":""1970324837795673"",""update_time"":""2015-02-09T15:10:44.437"",""confidence"":0.77}]",false,false,false,false,false,false,false,false
normalization_equivalent,conjunction,08f489a2b26ea022033c99516fba1fde,Polansky Heating and Air,Polansky Heating & Air,24,22,-2,4,4,0,2000 W Loop 340,"2000 W Loop 340, Ste 105",Waco,TX,hvac_services,hvac_services,0.9872500778573653,0.77,"[{""property"":"""",""dataset"":""meta"",""record_id"":""309972535778605"",""update_time"":""2025-01-06T00:00:00.000Z""},{""property"":""/properties/existence"",""dataset"":""msft"",""record_id"":""562949963081374"",""update_time"":""2025-01-06T00:00:00.000Z""},{""property"":""/properties/existence"",""dataset"":""msft"",""record_id"":""1407374883979944"",""update_time"":""2025-01-06T00:00:00.000Z""}]","[{""dataset"":""Microsoft"",""record_id"":""562949963081374"",""update_time"":""2024-10-08T06:20:31.09"",""confidence"":0.77}]",false,false,false,false,false,false,false,false
normalization_equivalent,conjunction,08f48d621e8c9db103fd54168e9fe11c,Pettigrew and Associates,Pettigrew & Associates,24,22,-2,3,3,0,100 E Navajo Dr,100 E Navajo Dr,Hobbs,NM,engineering_services,civil_engineers,0.9918379237288135,0.77,"[{""property"":"""",""dataset"":""meta"",""record_id"":""117203175006974"",""update_time"":""2025-01-06T00:00:00.000Z""},{""property"":""/properties/existence"",""dataset"":""msft"",""record_id"":""562949960229636"",""update_time"":""2025-01-06T00:00:00.000Z""},{""property"":""/properties/existence"",""dataset"":""msft"",""record_id"":""1125899912129301"",""update_time"":""2025-01-06T00:00:00.000Z""},{""property"":""/properties/existence"",""dataset"":""msft"",""record_id"":""1125899912129300"",""update_time"":""2025-01-06T00:00:00.000Z""},{""property"":""/properties/existence"",""dataset"":""msft"",""record_id"":""1125899912118611"",""update_time"":""2025-01-06T00:00:00.000Z""}]","[{""dataset"":""Microsoft"",""record_id"":""1125899912129300"",""update_time"":""2023-04-11T08:38:09.727"",""confidence"":0.77}]",false,false,false,false,false,false,false,false
normalization_equivalent,conjunction,08f1e844334ccb9d03a4cf299775146d,Acqua e Sapone,Acqua & Sapone,14,14,0,3,3,0,"Via Giovanni XXIII, 451","Via Giovanni XXIII, 58017 Pitigliano GR",Pitigliano,52,beauty_and_spa,Retail > Department Store,0.9895134099616858,1.0,"[{""property"":"""",""dataset"":""meta"",""record_id"":""172984329980334"",""update_time"":""2025-01-06T08:00:00.000Z"",""confidence"":0.9544061302681992},{""property"":""/properties/existence"",""dataset"":""Microsoft"",""record_id"":""281474978776777"",""update_time"":""2024-12-20T17:48:58.660Z"",""confidence"":0.77}]","[{""property"":"""",""dataset"":""FourSquare"",""record_id"":""4f773202e4b0f52db8d98eb2"",""update_time"":""2024-07-03T00:00:00.000"",""confidence"":1.0}]",false,false,false,false,false,false,false,false
normalization_equivalent,conjunction,08f39046f6b28a8203b5698ab5e2b65c,Antonio Sousa Baltazar e Filhos,António Sousa Baltazar & Filhos,31,31,0,5,5,0,Rua do Arrabalde 23,Rua Arrabalde 23,Castelo Branco,,construction_services,Business and Professional Services,0.9467515923566879,1.0,"[{""property"":"""",""dataset"":""meta"",""record_id"":""881951032011779"",""update_time"":""2025-01-06T08:00:00.000Z"",""confidence"":0.9467515923566879}]","[{""property"":"""",""dataset"":""FourSquare"",""record_id"":""891c4d13d05743e05f37bbcb"",""update_time"":""2024-06-07T00:00:00.000"",""confidence"":1.0}]",false,false,false,false,false,false,false,false
normalization_equivalent,conjunction,08fa835d5acadcd8031eddedfd4b67e8,Restaurante Sabor e Arte,Restaurante Sabor & Arte,24,24,0,4,4,0,"Rua Novecentos e Quatro, 493",3a Avenida,Balneário Camboriú,SC,restaurant,Dining and Drinking > Restaurant > Buffet,0.28671328671328666,1.0,"[{""property"":"""",""dataset"":""meta"",""record_id"":""101091516376106"",""update_time"":""2025-01-06T08:00:00.000Z"",""confidence"":0.2867132867132867}]","[{""property"":"""",""dataset"":""FourSquare"",""record_id"":""63d1590a8d1d9a73a679d3ad"",""update_time"":""2023-01-25T00:00:00.000"",""confidence"":1.0}]",false,false,false,false,false,false,false,false
normalization_equivalent,diacritic,08f1ea61020d682003a74eb34f0f6591,BLL Immagine e Creativita,Bll - Immagine e Creatività,25,27,2,4,5,1,"Borgo Claudio Merulo, 1","Borgo Merulo, 1",Parma,45,advertising_agency,Business and Professional Services > Advertising Agency,0.9445655559015883,1.0,"[{""property"":"""",""dataset"":""meta"",""record_id"":""1410458832530390"",""update_time"":""2025-01-06T08:00:00.000Z"",""confidence"":0.9445655559015883}]","[{""property"":"""",""dataset"":""FourSquare"",""record_id"":""59199f131bc7040931f25314"",""update_time"":""2024-07-03T00:00:00.000"",""confidence"":1.0}]",false,false,false,false,false,false,false,false
normalization_equivalent,diacritic,08f49942860b2a180385b74cc57ff86c,Direccion Juridica del Ayuntamiento de Huamantla,Dirección Jurídica del Ayuntamiento de Huamantla.,48,49,1,6,6,0,Palacio Municipal s/n,Palacio Municipal S/N,,,event_planning,Business and Professional Services > Office > Coworking Space,0.9544061302681992,1.0,"[{""property"":"""",""dataset"":""meta"",""record_id"":""469136869767955"",""update_time"":""2025-01-06T08:00:00.000Z"",""confidence"":0.9544061302681992}]","[{""property"":"""",""dataset"":""FourSquare"",""record_id"":""53e4ed0c498e03a758a1611f"",""update_time"":""2020-11-25T00:00:00.000"",""confidence"":1.0}]",false,false,false,false,false,false,false,false
normalization_equivalent,diacritic,08fa810624c4cc1d0386f9634f0386e6,E.E. Jardim Santa Lídia,E.E Jardim Santa Lidia,23,22,-1,4,4,0,"E.E. Jardim Santa Lídia, Rua José Nílson Ferretti, 62",Rua Jose Nilson Ferretti,Guarulhos,SP,school,Community and Government > Education > Primary and Secondary School > High School,0.7927927927927928,1.0,"[{""property"":"""",""dataset"":""meta"",""record_id"":""677983522574899"",""update_time"":""2025-01-06T08:00:00.000Z"",""confidence"":0.7927927927927928}]","[{""property"":"""",""dataset"":""FourSquare"",""record_id"":""508fabc3e4b05af79d8ca7d2"",""update_time"":""2024-07-02T00:00:00.000"",""confidence"":1.0}]",false,false,false,false,false,false,false,false
normalization_equivalent,diacritic,08f194990605609d032971c417e59bd4,Auto-école De L'etoile,Auto-Ecole de l'Etoile,22,22,0,3,3,0,11 Rue Roger Bouvry,11 rue Roger Bouvry,Seclin,,driving_school,Community and Government > Education > Driving School,0.9544061302681992,1.0,"[{""property"":"""",""dataset"":""meta"",""record_id"":""114323466687896"",""update_time"":""2025-01-06T08:00:00.000Z"",""confidence"":0.9544061302681992}]","[{""property"":"""",""dataset"":""FourSquare"",""record_id"":""b7fcf5ba84874ddbd1ccb510"",""update_time"":""2024-07-03T00:00:00.000"",""confidence"":1.0}]",false,false,false,false,false,false,false,false
normalization_equivalent,diacritic,08f194d66d49a6e10354b37fe55478d7,Délices Wok,Delices Wok,11,11,0,2,2,0,7 Rue Lavoisier,7 Rue Lavoisier Lomme,Lille,,buffet_restaurant,Dining and Drinking > Restaurant > Asian Restaurant,0.9837452982267598,1.0,"[{""property"":"""",""dataset"":""meta"",""record_id"":""562373810571657"",""update_time"":""2025-01-06T08:00:00.000Z"",""confidence"":0.9837452982267598}]","[{""property"":"""",""dataset"":""FourSquare"",""record_id"":""5835f0eb14250b703bc91afe"",""update_time"":""2024-07-03T00:00:00.000"",""confidence"":1.0}]",false,false,false,false,false,false,false,false
normalization_equivalent,diacritic,08f1f80aa95496d5035220a5139bbdd0,Le Gîte du Pont,Le Gite du Pont,15,15,0,4,4,0,3 Rue du Rempart de la Streng,3 rue du Rempart de la Streng,Ribeauvillé,,holiday_rental_home,Travel and Transportation > Lodging > Vacation Rental,0.6214335421016005,1.0,"[{""property"":"""",""dataset"":""meta"",""record_id"":""389627864825237"",""update_time"":""2025-01-06T08:00:00.000Z"",""confidence"":0.6214335421016005}]","[{""property"":"""",""dataset"":""FourSquare"",""record_id"":""a2ee0a4202f645d08f94667b"",""update_time"":""2024-07-02T00:00:00.000"",""confidence"":1.0}]",false,false,false,false,false,false,false,false
normalization_equivalent,diacritic,08f1fa931402912003c51eb00d61420a,Schutzengesellschaft,Schützengesellschaft,20,20,0,1,1,0,Schützenstraße 19,Schützenstr. 19,Schwarzenbach an der Saale,,sports_club_and_league,Community and Government > Social Club,0.9445655559015883,1.0,"[{""property"":"""",""dataset"":""meta"",""record_id"":""251278555699879"",""update_time"":""2025-01-06T08:00:00.000Z"",""confidence"":0.9445655559015883}]","[{""property"":"""",""dataset"":""FourSquare"",""record_id"":""6051e359388242038e7c4e46"",""update_time"":""2024-10-08T00:00:00.000"",""confidence"":1.0}]",false,false,false,false,false,false,false,false
normalization_equivalent,diacritic,08f1fb5819858c0e03d5420cb6ec5b99,A à Z Composite,A A Z Composite,15,15,0,4,4,0,place Paul Doumer,place Paul Doumer,Saint-Gobain,,shopping,Retail,0.28671328671328666,1.0,"[{""property"":"""",""dataset"":""meta"",""record_id"":""1687308568153387"",""update_time"":""2025-01-06T08:00:00.000Z"",""confidence"":0.2867132867132867}]","[{""property"":"""",""dataset"":""FourSquare"",""record_id"":""9e9928b118d8486e41b5d021"",""update_time"":""2024-07-03T00:00:00.000"",""confidence"":1.0}]",false,false,false,false,false,false,false,false
normalization_equivalent,diacritic,08f2759aa04691520367478d82749b3a,Wildberry Pancakes and Cafe,Wildberry Pancakes and Café,27,27,0,4,4,0,1783 N Milwaukee Ave,1783 N Milwaukee Ave,Libertyville,IL,breakfast_and_brunch_restaurant,Dining and Drinking > Breakfast Spot,0.9837452982267598,1.0,"[{""property"":"""",""dataset"":""meta"",""record_id"":""148471361848306"",""update_time"":""2025-01-06T08:00:00.000Z"",""confidence"":0.9837452982267598}]","[{""property"":"""",""dataset"":""FourSquare"",""record_id"":""4b40e716f964a52021bd25e3"",""update_time"":""2024-10-24T00:00:00.000"",""confidence"":1.0}]",false,false,false,false,false,false,false,false
normalization_equivalent,diacritic,08f39608a0b76a6203fb3f420b3f857f,Château Saint Louis,Chateau Saint Louis,19,19,0,3,3,0,380 Chemin de Boix Vieux,196 Bis rue Victor Hugo,Labastide-Saint-Pierre,,winery,Dining and Drinking > Vineyard,0.9544061302681992,1.0,"[{""property"":"""",""dataset"":""meta"",""record_id"":""121948801246672"",""update_time"":""2025-01-06T08:00:00.000Z"",""confidence"":0.9544061302681992}]","[{""property"":"""",""dataset"":""FourSquare"",""record_id"":""4de8cde9d22d09215a24b36d"",""update_time"":""2024-07-03T00:00:00.000"",""confidence"":1.0}]",false,false,false,false,false,false,false,false
normalization_equivalent,diacritic,08f396820321e9a503de8fc42ff6f97d,Cafe de l'Harmonie,Café de l'Harmonie,18,18,0,3,3,0,3 Place Martin Bidoure,3 place Martin Bidoure,Toulon,,beer_garden,Dining and Drinking > Bar > Beer Garden,0.28686635944700467,1.0,"[{""property"":"""",""dataset"":""meta"",""record_id"":""356623298244445"",""update_time"":""2025-01-06T08:00:00.000Z"",""confidence"":0.2868663594470046}]","[{""property"":"""",""dataset"":""FourSquare"",""record_id"":""51fe1bc6498ebbf73c8f0c66"",""update_time"":""2024-07-03T00:00:00.000"",""confidence"":1.0}]",false,false,false,false,false,false,false,false
normalization_equivalent,diacritic,08f4988d92618bb10322213128bbbd25,Rodríguez Martínez Cristóbal,Rodriguez Martinez Cristobal,28,28,0,3,3,0,Calle Carlos Sagredo 1909,Carlos Sagredo 1909,Aguascalientes,,dentist,Health and Medicine > Dentist,0.9467515923566879,1.0,"[{""property"":"""",""dataset"":""meta"",""record_id"":""105044541087627"",""update_time"":""2025-01-06T08:00:00.000Z"",""confidence"":0.9467515923566879}]","[{""property"":"""",""dataset"":""FourSquare"",""record_id"":""9a21b8a1c9ad4456182ac777"",""update_time"":""2023-12-06T00:00:00.000"",""confidence"":1.0}]",false,false,false,false,false,false,false,false
normalization_equivalent,diacritic,08f49b32f4c994410332aedfbe6eba8a,Jardín Allegra,Jardin Allegra,14,14,0,2,2,0,Calle Paseo de las Fuentes Oriente 55,55 Paseo de las Fuentes,Jiutepec,,topic_concert_venue,Landmarks and Outdoors > Garden,0.9908651262761956,1.0,"[{""property"":"""",""dataset"":""meta"",""record_id"":""245271249470047"",""update_time"":""2025-01-06T08:00:00.000Z"",""confidence"":0.9908651262761956}]","[{""property"":"""",""dataset"":""FourSquare"",""record_id"":""5932ffb66a8d865b7b54ce74"",""update_time"":""2020-11-21T00:00:00.000"",""confidence"":1.0}]",false,false,false,false,false,false,false,false
normalization_equivalent,diacritic,08f818584926190503301a10eee5fc4a,Câmara Municipal de Maribondo,Camara Municipal De Maribondo,29,29,0,4,4,0,"Rua Comércio, S/N",Rua Do Comercio,Maribondo,AL,public_and_government_association,Business and Professional Services > Auditorium,0.48103896103896104,1.0,"[{""property"":"""",""dataset"":""meta"",""record_id"":""1697499947205603"",""update_time"":""2025-01-06T08:00:00.000Z"",""confidence"":0.48103896103896104}]","[{""property"":"""",""dataset"":""FourSquare"",""record_id"":""53093012498ee1a9d3621322"",""update_time"":""2024-07-02T00:00:00.000"",""confidence"":1.0}]",false,false,false,false,false,false,false,false
normalization_equivalent,diacritic,08fa80b035674b6a03379ca9c1ecea9f,Farmácias Pague Menos,Farmacias Pague Menos,21,21,0,3,3,0,"Avenida Antônio Trajano, 538","Av. Antônio Trajano, 583",Três Lagoas,MS,pharmacy,Retail > Pharmacy,0.7927927927927928,1.0,"[{""property"":"""",""dataset"":""meta"",""record_id"":""2204406756483378"",""update_time"":""2025-01-06T08:00:00.000Z"",""confidence"":0.7927927927927928}]","[{""property"":"""",""dataset"":""FourSquare"",""record_id"":""50364256e4b0573431043dd4"",""update_time"":""2024-01-03T00:00:00.000"",""confidence"":1.0}]",false,false,false,false,false,false,false,false
normalization_equivalent,diacritic,08fa81008d232933037806016bb78307,Lava Rapido e Renovadora Auto Brilho,Lava Rápido E Renovadora Auto Brilho,36,36,0,6,6,0,"Rua Costa Barros, 1893",Rua Costa Barros 1893,São Paulo,SP,auto_detailing,Business and Professional Services > Automotive Service > Car Wash and Detail,0.48103896103896104,1.0,"[{""property"":"""",""dataset"":""meta"",""record_id"":""260285304434631"",""update_time"":""2025-01-06T08:00:00.000Z"",""confidence"":0.48103896103896104}]","[{""property"":"""",""dataset"":""FourSquare"",""record_id"":""5c16aca367af3a002c82bb64"",""update_time"":""2021-08-13T00:00:00.000"",""confidence"":1.0}]",false,false,false,false,false,false,false,false
normalization_equivalent,diacritic,08fa81c3767b1c0a03138c4ce1229b3f,Getulio Bar,Getúlio Bar,11,11,0,2,2,0,"Avenida Getúlio Vargas, 12-26","Avenida Getulio Vargas, 1226",Bauru,SP,bar,Dining and Drinking > Bar > Pub,0.28671328671328666,1.0,"[{""property"":"""",""dataset"":""meta"",""record_id"":""263985753460553"",""update_time"":""2025-01-06T08:00:00.000Z"",""confidence"":0.2867132867132867}]","[{""property"":"""",""dataset"":""FourSquare"",""record_id"":""5af64bd7aa6c95002c9885de"",""update_time"":""2023-12-14T00:00:00.000"",""confidence"":1.0}]",false,false,false,false,false,false,false,false
normalization_equivalent,diacritic,08fa8a24db31960803821dda60cd93ed,GIRO - Escola de Ginástica de Rio das Ostras,Giro - Escola De Ginastica de Rio Das Ostras,44,44,0,9,9,0,"Rua Beira Canal, 29","Avenida Canal, 41",Rio das Ostras,RJ,gym,Sports and Recreation > Gym and Studio > Dance Studio,0.9908651262761956,1.0,"[{""property"":"""",""dataset"":""meta"",""record_id"":""169771646429311"",""update_time"":""2025-01-06T08:00:00.000Z"",""confidence"":0.9908651262761956}]","[{""property"":"""",""dataset"":""FourSquare"",""record_id"":""5192bb96498ecbe4b2345929"",""update_time"":""2020-11-24T00:00:00.000"",""confidence"":1.0}]",false,false,false,false,false,false,true,true
normalization_equivalent,diacritic,08fa90e8d6b065a303084f1af4a32095,Imobiliária Alegro,Imobiliaria Alegro,18,18,0,2,2,0,"Rua Sobradinho, 100",100 Rua Sobradinho,Novo Hamburgo,RS,real_estate,Business and Professional Services > Real Estate Service > Real Estate Agency,0.6214335421016005,1.0,"[{""property"":"""",""dataset"":""meta"",""record_id"":""1155217891169623"",""update_time"":""2025-01-06T08:00:00.000Z"",""confidence"":0.6214335421016005}]","[{""property"":"""",""dataset"":""FourSquare"",""record_id"":""6074510f34b6166478c228a1"",""update_time"":""2021-04-12T00:00:00.000"",""confidence"":1.0}]",false,false,false,false,false,false,false,false
normalization_equivalent,punctuation,08f1ea60690630c203b4f2e28ff3860c,Dana Stampi s.r.l.,Dana Stampi SRL,18,15,-3,3,3,0,"Via 4 Novembre, 20",Via IV Novembre 20,Correggio,45,industrial_company,b2b_machinery_and_tools,0.9877528662420382,0.77,"[{""property"":"""",""dataset"":""meta"",""record_id"":""965555256800855"",""update_time"":""2025-01-06T00:00:00.000Z""},{""property"":""/properties/existence"",""dataset"":""msft"",""record_id"":""1688849863140489"",""update_time"":""2025-01-06T00:00:00.000Z""}]","[{""dataset"":""Microsoft"",""record_id"":""1688849863140489"",""update_time"":""2017-10-19T16:32:49.867"",""confidence"":0.77}]",false,false,true,true,false,false,false,false
normalization_equivalent,punctuation,08f26816144332c203ac761b35d70420,Aspen Grove - Kitchen & Bath Inc.,Aspen Grove Kitchen & Bath Inc,33,30,-3,7,6,-1,721 Granite St Ste A1,721 Granite Street A1,Frisco,CO,kitchen_and_bath,kitchen_and_bath,0.77,0.77,"[{""property"":"""",""dataset"":""msft"",""record_id"":""562949966276674"",""update_time"":""2025-01-06T00:00:00.000Z""},{""property"":""/properties/existence"",""dataset"":""msft"",""record_id"":""562949955251974"",""update_time"":""2025-01-06T00:00:00.000Z""},{""property"":""/properties/existence"",""dataset"":""msft"",""record_id"":""562949954960325"",""update_time"":""2025-01-06T00:00:00.000Z""}]","[{""dataset"":""Microsoft"",""record_id"":""562949957824764"",""update_time"":""2024-07-01T04:41:12.777"",""confidence"":0.77}]",false,false,true,true,false,false,false,false
normalization_equivalent,punctuation,08f1e88cd5cb0735039d5d6c5e702596,"Centro Aperto Polivalente per minori ""LOL""",Centro Aperto Polivalente per Minori Lol,42,40,-2,6,6,0,"Via Gaspare Spontini, 10",Via Giacomo Carissimi 24,Andria,75,sports_and_recreation_venue,,0.3941504178272981,1.0,"[{""property"":"""",""dataset"":""meta"",""record_id"":""1713973498875562"",""update_time"":""2025-01-06T08:00:00.000Z"",""confidence"":0.39415041782729804}]","[{""property"":"""",""dataset"":""FourSquare"",""record_id"":""1c8a9a114e594cb04e1e4c65"",""update_time"":""2024-07-03T00:00:00.000"",""confidence"":1.0}]",false,false,false,false,false,false,false,false
normalization_equivalent,punctuation,08f1f064de8c019803d532b1a29fd5c0,Jomaclean Gebäudedienste,Jomaclean - Gebäudedienste,24,26,2,2,3,1,Gustav-Schatz-Weg 30,Gustav-Schatz-Weg 30,Bad Bramstedt,,home_cleaning,Business and Professional Services > Business Service,0.9445655559015883,1.0,"[{""property"":"""",""dataset"":""meta"",""record_id"":""110949733904301"",""update_time"":""2025-01-06T08:00:00.000Z"",""confidence"":0.9445655559015883}]","[{""property"":"""",""dataset"":""FourSquare"",""record_id"":""5e99e34fe033e10008155b08"",""update_time"":""2024-10-08T00:00:00.000"",""confidence"":1.0}]",false,false,false,false,false,false,false,false
normalization_equivalent,punctuation,08f1f14a8e7a0c63033e02e2112ebd12,Müller & Egerer Bäckerei Konditorei,Müller & Egerer Bäckerei & Konditorei,35,37,2,5,6,1,Hindenburgstraße 10,Neue Str. 10,Varel,,bakery,Dining and Drinking > Bakery,0.9837452982267598,1.0,"[{""property"":"""",""dataset"":""meta"",""record_id"":""131192200262963"",""update_time"":""2025-01-06T08:00:00.000Z"",""confidence"":0.9837452982267598}]","[{""property"":"""",""dataset"":""FourSquare"",""record_id"":""8e58926d5f654e854d17a763"",""update_time"":""2024-10-08T00:00:00.000"",""confidence"":1.0}]",false,false,false,false,false,false,false,false
normalization_equivalent,punctuation,08f1f88745776ce2035b82c473f5455e,OME – Objektmanagement Erlacher GmbH,OME Objektmanagement Erlacher GmbH,36,34,-2,5,4,-1,Meilstraße 46,Bühelstraße 3/Top 18,Zirl,"",building_contractor,Business and Professional Services,0.77,1.0,"[{""property"":"""",""dataset"":""Microsoft"",""record_id"":""1970324839704394"",""update_time"":""2024-12-02T07:01:27.607Z"",""confidence"":0.77}]","[{""property"":"""",""dataset"":""FourSquare"",""record_id"":""c44d1004b0a9475c56b550c1"",""update_time"":""2024-05-20T00:00:00.000"",""confidence"":1.0}]",false,false,true,true,false,false,false,false
normalization_equivalent,punctuation,08f26244e52d929803ddae32e881cfd8,Farmers Insurance David Hiney,Farmers Insurance - David Hiney,29,31,2,4,5,1,1119 Jackson Ave,855 Highway 10 E,Detroit Lakes,MN,auto_insurance,Business and Professional Services > Insurance Agency,0.77,1.0,"[{""property"":"""",""dataset"":""Microsoft"",""record_id"":""2251799814552713"",""update_time"":""2019-02-14T07:04:19.820Z"",""confidence"":0.77}]","[{""property"":"""",""dataset"":""FourSquare"",""record_id"":""1676c7822a6b4e42f91acda1"",""update_time"":""2024-10-14T00:00:00.000"",""confidence"":1.0}]",false,false,false,false,false,false,false,false
normalization_equivalent,punctuation,08f26c80c4d094d6031e54f58d3f86a0,Baylor Scott & White Primary Care Prosper,Baylor Scott & White Primary Care - Prosper,41,43,2,7,8,1,821 N Coleman St Ste 100,111 S Preston Rd Ste 10,Prosper,TX,doctor,Health and Medicine > Medical Center,0.77,1.0,"[{""property"":"""",""dataset"":""Microsoft"",""record_id"":""2251799818586246"",""update_time"":""2018-03-21T00:24:33.927Z"",""confidence"":0.77}]","[{""property"":"""",""dataset"":""FourSquare"",""record_id"":""5f1096ed268a0648876b17d0"",""update_time"":""2024-10-12T00:00:00.000"",""confidence"":1.0}]",false,false,false,false,false,false,false,false
normalization_equivalent,punctuation,08f29a0d698a1d6b0342a87ddd0dcb58,Farmers Insurance Bernardina Maldonado,Farmers Insurance - Bernardina Maldonado,38,40,2,4,5,1,40119 Murrieta Hot Springs Rd,40119 Murrieta Hot Springs Rd,Murrieta,CA,insurance_agency,auto_insurance,0.9828411287205256,0.77,"[{""property"":"""",""dataset"":""meta"",""record_id"":""168450447249413"",""update_time"":""2025-01-06T00:00:00.000Z""},{""property"":""/properties/existence"",""dataset"":""msft"",""record_id"":""1407374890784520"",""update_time"":""2025-01-06T00:00:00.000Z""},{""property"":""/properties/existence"",""dataset"":""msft"",""record_id"":""1125899911263834"",""update_time"":""2025-01-06T00:00:00.000Z""}]","[{""dataset"":""Microsoft"",""record_id"":""1125899911263834"",""update_time"":""2023-12-15T01:44:05.17"",""confidence"":0.77}]",false,false,false,false,false,false,false,false
normalization_equivalent,punctuation,08f29b6d49d4e42b030471f80f4abba3,Maricopa County Sheriff's Office District III Substation,Maricopa County Sheriff’s Office - District III Substation,56,58,2,7,8,1,13063 W Bell Rd,13063 W Bell Rd,Surprise,AZ,police_department,Community and Government > Government Building > Law Enforcement and Public Safety > Police Station,0.9544061302681992,1.0,"[{""property"":"""",""dataset"":""meta"",""record_id"":""112439255508630"",""update_time"":""2025-01-06T08:00:00.000Z"",""confidence"":0.9544061302681992}]","[{""property"":"""",""dataset"":""FourSquare"",""record_id"":""4c657551b80abe9a5f35cae5"",""update_time"":""2024-10-14T00:00:00.000"",""confidence"":1.0}]",false,false,false,false,false,false,false,false
normalization_equivalent,punctuation,08f4458d334c9d0c03c41f278c8b9f76,Baptist Medical Group Carthage Primary Care,Baptist Medical Group - Carthage Primary Care,43,45,2,6,7,1,1100 Highway 16 E,1100 Highway 16,Carthage,MS,hospital,homeless_shelter,0.9962614185921548,0.77,"[{""property"":"""",""dataset"":""meta"",""record_id"":""814281288733650"",""update_time"":""2025-01-06T00:00:00.000Z""},{""property"":""/properties/existence"",""dataset"":""msft"",""record_id"":""1407374888819811"",""update_time"":""2025-01-06T00:00:00.000Z""}]","[{""dataset"":""Microsoft"",""record_id"":""1407374888819811"",""update_time"":""2024-12-27T11:22:29.317"",""confidence"":0.77}]",false,false,false,false,false,false,false,false
normalization_equivalent,punctuation,08f9451db1964b96039e06921495c343,ITP - Income Tax Professionals,ITP Income Tax Professionals,30,28,-2,5,4,-1,86 Cavenagh St,70 Smith St,Darwin,NT,financial_service,Business and Professional Services > Financial Service,0.28671328671328666,1.0,"[{""property"":"""",""dataset"":""meta"",""record_id"":""274770950002378"",""update_time"":""2025-01-06T08:00:00.000Z"",""confidence"":0.2867132867132867}]","[{""property"":"""",""dataset"":""FourSquare"",""record_id"":""5997d73e06fb607c8e07e022"",""update_time"":""2024-07-04T00:00:00.000"",""confidence"":1.0}]",false,false,false,false,false,false,false,false
normalization_equivalent,punctuation,08fa88cdb3c607750347ea67c3c3113e,Semax - Segurança Máxima,Semax Segurança Máxima,24,22,-2,4,3,-1,"Rua Espírito Santo, 505","R. Carijos, 166",Belo Horizonte,MG,information_technology_company,Business and Professional Services > Office,0.48103896103896104,1.0,"[{""property"":"""",""dataset"":""meta"",""record_id"":""964174873649940"",""update_time"":""2025-01-06T08:00:00.000Z"",""confidence"":0.48103896103896104}]","[{""property"":"""",""dataset"":""FourSquare"",""record_id"":""565c2703498ec2d19897c71e"",""update_time"":""2024-01-04T00:00:00.000"",""confidence"":1.0}]",false,false,false,false,false,false,false,false
normalization_equivalent,punctuation,1125899913070480,Giant RV ( Downey ),Giant RV - Downey,19,17,-2,5,4,-1,"11111 Florence Ave., Downey, CA",11111 Florence Ave,Downey,CA,recreational_vehicle_dealer,recreational_vehicle_dealer,0.77,0.77,"[{""dataset"":""Microsoft"",""record_id"":""1125899913070480"",""update_time"":""2024-10-29T22:09:47.45"",""confidence"":0.77}]","[{""dataset"":""Microsoft"",""record_id"":""2251799820688510"",""update_time"":""2024-12-25T10:51:28.213"",""confidence"":0.77}]",false,false,false,false,false,false,false,false
normalization_equivalent,punctuation,08f182c15216d16203e6f58c621d500b,Ahernes,Aherne's,7,8,1,1,1,0,Old Bawn Rd,Old Bawn Road,,,pub,Dining and Drinking > Bar > Pub,0.9837452982267598,1.0,"[{""property"":"""",""dataset"":""meta"",""record_id"":""919754874732211"",""update_time"":""2025-01-06T08:00:00.000Z"",""confidence"":0.9837452982267598}]","[{""property"":"""",""dataset"":""FourSquare"",""record_id"":""4e5a80c9b0fbdca30a0bdba6"",""update_time"":""2024-02-07T00:00:00.000"",""confidence"":1.0}]",false,false,false,false,false,false,false,false
normalization_equivalent,punctuation,08f194d9139a9b620356b2f277cd2741,Fredsons,Fredson's,8,9,1,1,1,0,Boulevard Bankert 582,Boulevard Bankert 582,Vlissingen,,restaurant,Dining and Drinking > Restaurant,0.9645127118644068,1.0,"[{""property"":"""",""dataset"":""meta"",""record_id"":""260461430719640"",""update_time"":""2025-01-06T08:00:00.000Z"",""confidence"":0.9645127118644068}]","[{""property"":"""",""dataset"":""FourSquare"",""record_id"":""4f8ac239e4b00a62630f7731"",""update_time"":""2024-04-17T00:00:00.000"",""confidence"":1.0}]",false,false,false,false,false,false,false,false
normalization_equivalent,punctuation,08f1972015563c28034b928de54bbb67,David's Kitchen,Davids Kitchen,15,14,-1,2,2,0,Caskieberran Rd,Caskieberran Rd,,,coffee_shop,Dining and Drinking > Snack Place,0.9142857142857143,1.0,"[{""property"":"""",""dataset"":""meta"",""record_id"":""491449044224451"",""update_time"":""2025-01-06T08:00:00.000Z"",""confidence"":0.9142857142857143}]","[{""property"":"""",""dataset"":""FourSquare"",""record_id"":""3605a12eb410489fc84bd0ef"",""update_time"":""2024-10-08T00:00:00.000"",""confidence"":1.0}]",false,false,false,false,false,false,false,false
normalization_equivalent,punctuation,08f1ab53a969838d033409779811e5ca,Gas,Gas+,3,4,1,1,1,0,Columbia Dr,Columbia Dr.,,,gas_station,Travel and Transportation > Fuel Station,0.48103896103896104,1.0,"[{""property"":"""",""dataset"":""meta"",""record_id"":""191435968458077"",""update_time"":""2025-01-06T08:00:00.000Z"",""confidence"":0.48103896103896104}]","[{""property"":"""",""dataset"":""FourSquare"",""record_id"":""4e776f2dfa76059701e1318e"",""update_time"":""2024-11-09T00:00:00.000"",""confidence"":1.0}]",false,false,false,false,false,false,false,false
normalization_equivalent,punctuation,08f1f15175db63730320e96a1db6006b,Werner's Schlemmertheke,Werners Schlemmertheke,23,22,-1,2,2,0,Thuner Straße 75,Thuner Str. 75,Stade,,caterer,Business and Professional Services > Event Service,0.9645127118644068,1.0,"[{""property"":"""",""dataset"":""meta"",""record_id"":""306079932922537"",""update_time"":""2025-01-06T08:00:00.000Z"",""confidence"":0.9645127118644068}]","[{""property"":"""",""dataset"":""FourSquare"",""record_id"":""492af3d885d44b699424a0bb"",""update_time"":""2024-10-08T00:00:00.000"",""confidence"":1.0}]",false,false,false,false,false,false,false,false
normalization_equivalent,punctuation,08f1f1620e29e4350342b22f2e7596e7,Grill-Ecke,Grillecke,10,9,-1,1,1,0,Oststraße 31,Oststr.,Ibbenbüren,,barbecue_restaurant,Dining and Drinking > Restaurant > BBQ Joint,0.9645127118644068,1.0,"[{""property"":"""",""dataset"":""meta"",""record_id"":""114487615293499"",""update_time"":""2025-01-06T08:00:00.000Z"",""confidence"":0.9645127118644068}]","[{""property"":"""",""dataset"":""FourSquare"",""record_id"":""50ddc89be4b09f5e7b79c144"",""update_time"":""2024-10-08T00:00:00.000"",""confidence"":1.0}]",false,false,false,false,false,false,false,false
normalization_equivalent,punctuation,08f1f1eb9943201e03460e91608e81ae,Brot & Käs - Der feine Bioladen,Brot & Käs. Der feine Bioladen,31,30,-1,7,6,-1,Keplerstraße 10,Breiter Weg 226,Magdeburg,ST,organic_grocery_store,Retail > Food and Beverage Retail > Grocery Store > Organic Grocery,0.9837452982267598,1.0,"[{""property"":"""",""dataset"":""meta"",""record_id"":""550757632040480"",""update_time"":""2025-01-06T08:00:00.000Z"",""confidence"":0.9837452982267598}]","[{""property"":"""",""dataset"":""FourSquare"",""record_id"":""5d29eaf4f5c833002384640c"",""update_time"":""2024-10-08T00:00:00.000"",""confidence"":1.0}]",false,false,false,false,false,false,false,false
normalization_equivalent,punctuation,08f1f3121d9aa6e103f36547890dd58b,Freddys Byggemontering,Freddy's Byggemontering,22,23,1,2,2,0,Landevejen 7,Landevejen 7,Augustenborg,83,carpenter,Business and Professional Services > Home Improvement Service > Carpenter,0.9792361111111111,1.0,"[{""property"":"""",""dataset"":""meta"",""record_id"":""1006439396078766"",""update_time"":""2025-01-06T08:00:00.000Z"",""confidence"":0.9097222222222222},{""property"":""/properties/existence"",""dataset"":""Microsoft"",""record_id"":""2251799821189471"",""update_time"":""2023-09-28T15:07:10.497Z"",""confidence"":0.77}]","[{""property"":"""",""dataset"":""FourSquare"",""record_id"":""c7919a92a0b1445c90db100e"",""update_time"":""2023-12-06T00:00:00.000"",""confidence"":1.0}]",false,false,false,false,false,false,false,false
normalization_equivalent,punctuation,08f1f810aca9dd4a0338ca3023b18577,L'ynara Brautmode,Lynara Brautmode,17,16,-1,2,2,0,Heinrich-Hertz-Straße 28,Heinrich-Hertz-Str. 28,Villingen-Schwenningen,,bridal_shop,Retail > Fashion Retail > Bridal Store,0.3941504178272981,1.0,"[{""property"":"""",""dataset"":""meta"",""record_id"":""867356906670255"",""update_time"":""2025-01-06T08:00:00.000Z"",""confidence"":0.39415041782729804}]","[{""property"":"""",""dataset"":""FourSquare"",""record_id"":""11e5a702db22409a660331ba"",""update_time"":""2024-10-08T00:00:00.000"",""confidence"":1.0}]",false,false,false,false,false,false,false,false
normalization_equivalent,punctuation,08f1fa570ed43ca203d8ee44e6490fe0,Denns BioMarkt,Denn's Biomarkt,14,15,1,2,2,0,Odenkirchener Straße 34,Odenkirchener Straße 34,Mönchengladbach,,organic_grocery_store,Retail > Food and Beverage Retail > Grocery Store > Organic Grocery,0.9962614185921548,1.0,"[{""property"":"""",""dataset"":""meta"",""record_id"":""102095828686649"",""update_time"":""2025-01-06T08:00:00.000Z"",""confidence"":0.9837452982267598},{""property"":""/properties/existence"",""dataset"":""Microsoft"",""record_id"":""562949965402574"",""update_time"":""2024-12-11T15:57:39.953Z"",""confidence"":0.77}]","[{""property"":"""",""dataset"":""FourSquare"",""record_id"":""50f6e386e4b079fc6cc41d78"",""update_time"":""2024-10-08T00:00:00.000"",""confidence"":1.0}]",false,false,false,false,false,false,false,false
normalization_equivalent,punctuation,08f1fae80a85857603fdebfb996d06ff,Evangelische Kirche Strinz-Trinitatis - Kirchengemeinde Strinz-Trinitatis Limbach-Wallbach,"Evangelische Kirche Strinz-Trinitatis, Kirchengemeinde Strinz-Trinitatis Limbach-Wallbach",90,89,-1,7,6,-1,Scheidertalstr. 10,Scheidertalstraße 10,Hünstetten,Hesse,evangelical_church,Community and Government > Spiritual Center > Church,0.77,1.0,"[{""property"":"""",""dataset"":""Microsoft"",""record_id"":""562949963141254"",""update_time"":""2024-12-26T03:30:01.113Z"",""confidence"":0.77}]","[{""property"":"""",""dataset"":""FourSquare"",""record_id"":""5dfa692464192300081a92f7"",""update_time"":""2024-10-08T00:00:00.000"",""confidence"":1.0}]",false,false,false,false,false,false,false,false
normalization_equivalent,punctuation,08f266ad4db1dd0303cd6a43ede112a8,Bed Bath & Biscuit Pet Resort,"Bed, Bath & Biscuit Pet Resort",29,30,1,6,6,0,5330 E 1250 S,5330 E 1250 S,Haubstadt,IN,pet_groomer,pet_boarding,0.9962614185921548,0.77,"[{""property"":"""",""dataset"":""meta"",""record_id"":""136578566447734"",""update_time"":""2025-01-06T00:00:00.000Z""},{""property"":""/properties/existence"",""dataset"":""msft"",""record_id"":""562949956790721"",""update_time"":""2025-01-06T00:00:00.000Z""},{""property"":""/properties/existence"",""dataset"":""msft"",""record_id"":""1407374883858152"",""update_time"":""2025-01-06T00:00:00.000Z""}]","[{""dataset"":""Microsoft"",""record_id"":""562949956790721"",""update_time"":""2017-02-08T16:29:51.153"",""confidence"":0.77}]",false,false,false,false,false,false,false,false
normalization_equivalent,punctuation,08f266d4a16a03ab0311ad6f84dc7077,Mr. Roof Louisville,Mr Roof Louisville,19,18,-1,3,3,0,3600 Chamberlain Ln,2304 Ralph Ave,Louisville,KY,roofing,roofing,0.9877528662420382,0.77,"[{""property"":"""",""dataset"":""meta"",""record_id"":""684279538295009"",""update_time"":""2025-01-06T00:00:00.000Z""},{""property"":""/properties/existence"",""dataset"":""msft"",""record_id"":""562949961777800"",""update_time"":""2025-01-06T00:00:00.000Z""},{""property"":""/properties/existence"",""dataset"":""msft"",""record_id"":""1125899910428742"",""update_time"":""2025-01-06T00:00:00.000Z""},{""property"":""/properties/existence"",""dataset"":""msft"",""record_id"":""1125899910042245"",""update_time"":""2025-01-06T00:00:00.000Z""},{""property"":""/properties/existence"",""dataset"":""msft"",""record_id"":""1125899908259209"",""update_time"":""2025-01-06T00:00:00.000Z""}]","[{""dataset"":""Microsoft"",""record_id"":""1125899910428742"",""update_time"":""2021-09-28T17:47:43.183"",""confidence"":0.77}]",false,false,false,false,false,false,false,false
normalization_equivalent,punctuation,08f269690a2f6d0a03b192839a5d2c4d,A1 Dental,A-1 Dental,9,10,1,2,2,0,3785 Harrison Blvd,3785 Harrison Blvd Ste 1,Ogden,UT,dentist,Health and Medicine > Dentist,0.7927927927927928,1.0,"[{""property"":"""",""dataset"":""meta"",""record_id"":""298707496811166"",""update_time"":""2025-01-06T08:00:00.000Z"",""confidence"":0.7927927927927928}]","[{""property"":"""",""dataset"":""FourSquare"",""record_id"":""c09b3f5e6ba4400b3466e855"",""update_time"":""2024-10-14T00:00:00.000"",""confidence"":1.0}]",false,false,false,false,false,false,false,false
normalization_equivalent,punctuation,08f26c84401a416e03eb1dc0009a8062,Kenos Express,Keno's Express,13,14,1,2,2,0,718 Hercules Ln,718 Hercules Ln,Denton,TX,convenience_store,Travel and Transportation > Fuel Station,0.9544061302681992,1.0,"[{""property"":"""",""dataset"":""meta"",""record_id"":""448960438570392"",""update_time"":""2025-01-06T08:00:00.000Z"",""confidence"":0.9544061302681992}]","[{""property"":"""",""dataset"":""FourSquare"",""record_id"":""4e15e7e418384368edd43263"",""update_time"":""2024-10-15T00:00:00.000"",""confidence"":1.0}]",false,false,false,false,false,false,false,false
normalization_equivalent,punctuation,08f28308106929aa0322048f73b8a6a1,Richard Lavigna Dpm,"Richard Lavigna, DPM",19,20,1,3,3,0,2844 Summit St Ste 107,2844 Summit St,Oakland,CA,podiatrist,podiatrist,0.77,0.77,"[{""property"":"""",""dataset"":""msft"",""record_id"":""562949955653241"",""update_time"":""2025-01-06T00:00:00.000Z""},{""property"":""/properties/existence"",""dataset"":""msft"",""record_id"":""1407374891541208"",""update_time"":""2025-01-06T00:00:00.000Z""}]","[{""dataset"":""Microsoft"",""record_id"":""1407374891541208"",""update_time"":""2024-12-18T09:18:23.41"",""confidence"":0.77}]",false,false,false,false,false,false,false,false
normalization_equivalent,punctuation,08f28d5c2514405b031f6182d071dff0,Mark A Hammer & Associates,Mark A. Hammer & Associates,26,27,1,5,5,0,4301 S Pine St,4301 S Pine St Ste 307,Tacoma,WA,personal_injury_law,personal_injury_law,0.77,0.77,"[{""property"":"""",""dataset"":""msft"",""record_id"":""562949958865174"",""update_time"":""2025-01-06T00:00:00.000Z""},{""property"":""/properties/existence"",""dataset"":""msft"",""record_id"":""1688849862996683"",""update_time"":""2025-01-06T00:00:00.000Z""},{""property"":""/properties/existence"",""dataset"":""msft"",""record_id"":""1125899912493070"",""update_time"":""2025-01-06T00:00:00.000Z""},{""property"":""/properties/existence"",""dataset"":""msft"",""record_id"":""1125899908933363"",""update_time"":""2025-01-06T00:00:00.000Z""}]","[{""dataset"":""Microsoft"",""record_id"":""1688849862996683"",""update_time"":""2019-11-01T17:30:49.197"",""confidence"":0.77}]",false,false,false,false,false,false,false,false
normalization_equivalent,punctuation,08f29a1c23a8b0b1034c5de9e8b672ef,Diamond Jim's Pawn Shop,Diamond Jims Pawn Shop,23,22,-1,4,4,0,433 N Lake Ave,433 N Lake Ave,Pasadena,CA,pawn_shop,,0.9962614185921548,1.0,"[{""property"":"""",""dataset"":""meta"",""record_id"":""368330770593787"",""update_time"":""2025-01-06T08:00:00.000Z"",""confidence"":0.9837452982267598},{""property"":""/properties/existence"",""dataset"":""Microsoft"",""record_id"":""844424931107219"",""update_time"":""2015-01-24T05:18:25.887Z"",""confidence"":0.77}]","[{""property"":"""",""dataset"":""FourSquare"",""record_id"":""4c460875f1b5c9b6634a78ef"",""update_time"":""2024-10-12T00:00:00.000"",""confidence"":1.0}]",false,false,false,false,false,false,false,false
normalization_equivalent,punctuation,08f29a4c71cd827303606a08a5ba8b70,PostalAnnex+,PostalAnnex,12,11,-1,1,1,0,641 E San Ysidro Blvd,641 E San Ysidro Blvd Ste B3,San Ysidro,CA,printing_services,shipping_collection_services,0.9962614185921548,0.77,"[{""property"":"""",""dataset"":""meta"",""record_id"":""115812258759725"",""update_time"":""2025-01-06T00:00:00.000Z""},{""property"":""/properties/existence"",""dataset"":""msft"",""record_id"":""844424931390485"",""update_time"":""2025-01-06T00:00:00.000Z""},{""property"":""/properties/existence"",""dataset"":""msft"",""record_id"":""281474978411016"",""update_time"":""2025-01-06T00:00:00.000Z""},{""property"":""/properties/existence"",""dataset"":""msft"",""record_id"":""1688849863435098"",""update_time"":""2025-01-06T00:00:00.000Z""},{""property"":""/properties/existence"",""dataset"":""msft"",""record_id"":""1688849863434122"",""update_time"":""2025-01-06T00:00:00.000Z""}]","[{""dataset"":""Microsoft"",""record_id"":""281474978411016"",""update_time"":""2024-12-27T15:34:17.7"",""confidence"":0.77}]",false,false,false,false,false,false,false,false
normalization_equivalent,punctuation,08f2a10460c53b7003b795c4793ac06b,La Ziza,La' Ziza,7,8,1,2,2,0,341 Crooks Ave,341 Crooks Ave,Clifton,NJ,hookah_bar,Dining and Drinking > Bar > Hookah Bar,0.9837452982267598,1.0,"[{""property"":"""",""dataset"":""meta"",""record_id"":""161610837209961"",""update_time"":""2025-01-06T08:00:00.000Z"",""confidence"":0.9837452982267598}]","[{""property"":"""",""dataset"":""FourSquare"",""record_id"":""4c22cd997e85c9280db5bc21"",""update_time"":""2024-10-25T00:00:00.000"",""confidence"":1.0}]",false,false,false,false,false,false,false,false
normalization_equivalent,punctuation,08f2a1056c69624c03d36fc76df82335,Emerson Fence Inc,Emerson Fence Inc.,17,18,1,3,3,0,10 Lincoln Blvd,10 Lincoln Blvd,Emerson,NJ,fence_and_gate_sales_service,fence_and_gate_sales_service,0.9895134099616858,0.77,"[{""property"":"""",""dataset"":""meta"",""record_id"":""319383508399327"",""update_time"":""2025-01-06T00:00:00.000Z""},{""property"":""/properties/existence"",""dataset"":""msft"",""record_id"":""562949966821637"",""update_time"":""2025-01-06T00:00:00.000Z""},{""property"":""/properties/existence"",""dataset"":""msft"",""record_id"":""562949966296607"",""update_time"":""2025-01-06T00:00:00.000Z""},{""property"":""/properties/existence"",""dataset"":""msft"",""record_id"":""562949966271345"",""update_time"":""2025-01-06T00:00:00.000Z""},{""property"":""/properties/existence"",""dataset"":""msft"",""record_id"":""562949956292258"",""update_time"":""2025-01-06T00:00:00.000Z""}]","[{""dataset"":""Microsoft"",""record_id"":""562949966821637"",""update_time"":""2024-12-23T20:16:26.203"",""confidence"":0.77}]",false,false,true,true,false,false,false,false
normalization_equivalent,punctuation,08f2a12723b2a10903f71bb0370efb66,"Harharts Service Station, Inc","Harhart's Service Station, Inc",29,30,1,4,4,0,13 E 21st St,13 E 21st St,Northampton,PA,automotive_repair,gas_station,0.9962614185921548,0.77,"[{""property"":"""",""dataset"":""meta"",""record_id"":""451935321674843"",""update_time"":""2025-01-06T00:00:00.000Z""},{""property"":""/properties/existence"",""dataset"":""msft"",""record_id"":""562949958142915"",""update_time"":""2025-01-06T00:00:00.000Z""},{""property"":""/properties/existence"",""dataset"":""msft"",""record_id"":""1407374889643784"",""update_time"":""2025-01-06T00:00:00.000Z""},{""property"":""/properties/existence"",""dataset"":""msft"",""record_id"":""1407374885568921"",""update_time"":""2025-01-06T00:00:00.000Z""},{""property"":""/properties/existence"",""dataset"":""msft"",""record_id"":""1125899907091530"",""update_time"":""2025-01-06T00:00:00.000Z""}]","[{""dataset"":""Microsoft"",""record_id"":""1407374889643784"",""update_time"":""2023-02-03T08:41:13.34"",""confidence"":0.77}]",false,false,true,true,false,false,false,false
normalization_equivalent,punctuation,08f2a135a9a816a6031f842f52511bb1,Dunkin Donuts,Dunkin' Donuts,13,14,1,2,2,0,14254 Bustleton Ave,15 Bustleton Pike,Philadelphia,PA,donuts,coffee_shop,0.9962614185921548,0.77,"[{""property"":"""",""dataset"":""meta"",""record_id"":""259846270700941"",""update_time"":""2025-01-06T00:00:00.000Z""},{""property"":""/properties/existence"",""dataset"":""msft"",""record_id"":""562949958973722"",""update_time"":""2025-01-06T00:00:00.000Z""},{""property"":""/properties/existence"",""dataset"":""msft"",""record_id"":""562949955283823"",""update_time"":""2025-01-06T00:00:00.000Z""}]","[{""dataset"":""Microsoft"",""record_id"":""562949955283823"",""update_time"":""2015-05-25T12:51:52.777"",""confidence"":0.77}]",false,false,false,false,false,false,false,false
normalization_equivalent,punctuation,08f2a9625a169202036560877baa0345,Tomorrow's Technology Today,Tomorrows Technology Today,27,26,-1,3,3,0,501 N Eastern Ave,501 N Eastern Ave Ste A,St Henry,OH,it_service_and_computer_repair,information_technology_company,0.9877528662420382,0.77,"[{""property"":"""",""dataset"":""meta"",""record_id"":""117660121580145"",""update_time"":""2025-01-06T00:00:00.000Z""},{""property"":""/properties/existence"",""dataset"":""msft"",""record_id"":""844424932717592"",""update_time"":""2025-01-06T00:00:00.000Z""},{""property"":""/properties/existence"",""dataset"":""msft"",""record_id"":""844424931707918"",""update_time"":""2025-01-06T00:00:00.000Z""},{""property"":""/properties/existence"",""dataset"":""msft"",""record_id"":""562949958408672"",""update_time"":""2025-01-06T00:00:00.000Z""},{""property"":""/properties/existence"",""dataset"":""msft"",""record_id"":""562949953611286"",""update_time"":""2025-01-06T00:00:00.000Z""},{""property"":""/properties/existence"",""dataset"":""msft"",""record_id"":""281474978205450"",""update_time"":""2025-01-06T00:00:00.000Z""},{""property"":""/properties/existence"",""dataset"":""msft"",""record_id"":""281474976875711"",""update_time"":""2025-01-06T00:00:00.000Z""},{""property"":""/properties/existence"",""dataset"":""msft"",""record_id"":""1407374891550900"",""update_time"":""2025-01-06T00:00:00.000Z""},{""property"":""/properties/existence"",""dataset"":""msft"",""record_id"":""1125899909540670"",""update_time"":""2025-01-06T00:00:00.000Z""}]","[{""dataset"":""Microsoft"",""record_id"":""1407374891550900"",""update_time"":""2024-12-22T16:58:09.473"",""confidence"":0.77}]",false,false,false,false,false,false,false,false
normalization_equivalent,punctuation,08f2a96cf5389b550349906abc0a93d5,Gettin' Lit Diesel,Gettin Lit Diesel,18,17,-1,3,3,0,16337 Lima Rd,16335 Lima Rd Ste 2A,Huntertown,IN,automotive_repair,Business and Professional Services > Automotive Service > Automotive Repair Shop,0.9837452982267598,1.0,"[{""property"":"""",""dataset"":""meta"",""record_id"":""708559019244348"",""update_time"":""2025-01-06T08:00:00.000Z"",""confidence"":0.9837452982267598}]","[{""property"":"""",""dataset"":""FourSquare"",""record_id"":""bb1aa9951a1c49c837cc7418"",""update_time"":""2024-10-15T00:00:00.000"",""confidence"":1.0}]",false,false,false,false,false,false,false,false
normalization_equivalent,punctuation,08f2aaaaad1196b103717a39c156cecf,Brothers Mechanical Services,Brothers Mechanical Services®,28,29,1,3,3,0,8996 Mike Garcia Dr,8996 Mike Garcia Dr,Manassas,VA,hvac_services,hvac_services,0.9877528662420382,0.77,"[{""property"":"""",""dataset"":""meta"",""record_id"":""103864566362584"",""update_time"":""2025-01-06T00:00:00.000Z""},{""property"":""/properties/existence"",""dataset"":""msft"",""record_id"":""562949962700900"",""update_time"":""2025-01-06T00:00:00.000Z""},{""property"":""/properties/existence"",""dataset"":""msft"",""record_id"":""2251799814606205"",""update_time"":""2025-01-06T00:00:00.000Z""}]","[{""dataset"":""Microsoft"",""record_id"":""562949962700900"",""update_time"":""2024-10-08T08:08:11.997"",""confidence"":0.77}]",false,false,false,false,false,false,false,false
normalization_equivalent,punctuation,08f2b8bd66166a62039f163a2b457cf0,lindsays auto sales,Lindsay's Auto Sales,19,20,1,3,3,0,1003 Erie St,1003 Erie St,Utica,NY,used_car_dealer,Retail > Automotive Retail > Car Dealership > Used Car Dealership,0.9837452982267598,1.0,"[{""property"":"""",""dataset"":""meta"",""record_id"":""192193504659250"",""update_time"":""2025-01-06T08:00:00.000Z"",""confidence"":0.9837452982267598}]","[{""property"":"""",""dataset"":""FourSquare"",""record_id"":""0aaabb775a264178f8b175b0"",""update_time"":""2024-09-24T00:00:00.000"",""confidence"":1.0}]",false,false,false,false,false,false,false,false
normalization_equivalent,punctuation,08f2b8d419708d1c03dc65d72f11cf45,Jimbos Club at the Point,Jimbo's Club at the Point,24,25,1,5,5,0,7201 State Route 8,7201 State Route 8,Brant Lake,NY,event_planning,Dining and Drinking > Restaurant > American Restaurant,0.9837452982267598,1.0,"[{""property"":"""",""dataset"":""meta"",""record_id"":""172361976139215"",""update_time"":""2025-01-06T08:00:00.000Z"",""confidence"":0.9837452982267598}]","[{""property"":"""",""dataset"":""FourSquare"",""record_id"":""4cddd79a3644a093e957489f"",""update_time"":""2024-10-14T00:00:00.000"",""confidence"":1.0}]",false,false,false,false,false,false,false,false
normalization_equivalent,punctuation,08f2e1bb53003ceb0382c5dc1162d7a5,ビジネスホテル・キャッスル,ビジネスホテルキャッスル,13,12,-1,1,1,0,山下町147,山下町147-7,,,hotel,Travel and Transportation > Lodging > Bed and Breakfast,0.9837452982267598,1.0,"[{""property"":"""",""dataset"":""meta"",""record_id"":""131090163621095"",""update_time"":""2025-01-06T08:00:00.000Z"",""confidence"":0.9837452982267598}]","[{""property"":"""",""dataset"":""FourSquare"",""record_id"":""4eb2d3cedab472d4de98e8df"",""update_time"":""2024-08-07T00:00:00.000"",""confidence"":1.0}]",false,false,false,false,false,false,false,false
normalization_equivalent,punctuation,08f39202a178277003362676b3448b11,Maloserá,Maloserá!,8,9,1,1,1,0,Camiño Aceñas ,A Acearrica,Allariz,,bar,Dining and Drinking > Bar > Beer Garden,0.28671328671328666,1.0,"[{""property"":"""",""dataset"":""meta"",""record_id"":""371466692955413"",""update_time"":""2025-01-06T08:00:00.000Z"",""confidence"":0.2867132867132867}]","[{""property"":"""",""dataset"":""FourSquare"",""record_id"":""51c7207e498e6ebbe22f422c"",""update_time"":""2024-06-14T00:00:00.000"",""confidence"":1.0}]",false,false,false,false,false,false,false,false
normalization_equivalent,punctuation,08f444e180261b4d032aaeb179c3c442,Tommy's Express Car Wash,Tommy's Express® Car Wash,24,25,1,4,4,0,800 Sterlington Rd,800 Sterlington Rd.,Monroe,LA,car_wash,car_wash,0.997898979043525,0.77,"[{""property"":"""",""dataset"":""meta"",""record_id"":""106471361405934"",""update_time"":""2025-01-06T00:00:00.000Z""},{""property"":""/properties/existence"",""dataset"":""msft"",""record_id"":""844424934609798"",""update_time"":""2025-01-06T00:00:00.000Z""},{""property"":""/properties/existence"",""dataset"":""msft"",""record_id"":""562949961604464"",""update_time"":""2025-01-06T00:00:00.000Z""}]","[{""dataset"":""Microsoft"",""record_id"":""562949961604464"",""update_time"":""2024-11-27T13:34:05.633"",""confidence"":0.77}]",false,false,false,false,false,false,false,false
normalization_equivalent,punctuation,08f445d5854a3b84038c4533db84d193,Manasco's Body Shop,Manascos Body Shop,19,18,-1,3,3,0,818 Old Benton Rd,818 Old Benton Rd,Yazoo City,MS,automotive_repair,Business and Professional Services > Automotive Service > Automotive Repair Shop,0.9837452982267598,1.0,"[{""property"":"""",""dataset"":""meta"",""record_id"":""142125659205184"",""update_time"":""2025-01-06T08:00:00.000Z"",""confidence"":0.9837452982267598}]","[{""property"":"""",""dataset"":""FourSquare"",""record_id"":""ff40fdd3345b48f627d4d3d2"",""update_time"":""2024-10-11T00:00:00.000"",""confidence"":1.0}]",false,false,false,false,false,false,false,false
normalization_equivalent,punctuation,08f44d83b41acd1c03cf1eeefebb90c9,Elks Lodge 1709,Elk's Lodge 1709,15,16,1,3,3,0,1342 Spake Cir,1342 Spake Cir,Shelby,NC,community_services_non_profits,,0.9467515923566879,1.0,"[{""property"":"""",""dataset"":""meta"",""record_id"":""1626586174252069"",""update_time"":""2025-01-06T08:00:00.000Z"",""confidence"":0.9467515923566879}]","[{""property"":"""",""dataset"":""FourSquare"",""record_id"":""7a15dffd5e834ec697fea711"",""update_time"":""2024-10-16T00:00:00.000"",""confidence"":1.0}]",true,true,false,false,false,false,false,false
normalization_equivalent,punctuation,08f4988d920a0ce8037efb0982c8e8ab,Panchos Bar,Pancho's Bar,11,12,1,2,2,0,Avenida Convención 1601,"Av. Convención Pte. #1601",Aguascalientes,AGU,bar,Dining and Drinking > Bar,0.9645127118644068,1.0,"[{""property"":"""",""dataset"":""meta"",""record_id"":""100132038629414"",""update_time"":""2025-01-06T08:00:00.000Z"",""confidence"":0.9645127118644068}]","[{""property"":"""",""dataset"":""FourSquare"",""record_id"":""62053811f4028a567175bd62"",""update_time"":""2022-02-10T00:00:00.000"",""confidence"":1.0}]",false,false,false,false,false,false,false,false
normalization_equivalent,punctuation,08f64a4b14c5bc46031f7f0d6a2adca5,โตโยต้า ลีสซิ่ง ประเทศไทย,โตโยต้า ลิสซิ่ง(ประเทศไทย),25,26,1,3,2,-1,,,Bangkok,,bank_credit_union,Business and Professional Services > Office,0.28671328671328666,1.0,"[{""property"":"""",""dataset"":""meta"",""record_id"":""322585718295060"",""update_time"":""2025-01-06T08:00:00.000Z"",""confidence"":0.2867132867132867}]","[{""property"":"""",""dataset"":""FourSquare"",""record_id"":""4e7aaf89a809d757abc5885d"",""update_time"":""2024-02-07T00:00:00.000"",""confidence"":1.0}]",false,false,false,false,false,false,false,false
normalization_equivalent,punctuation,08f64a5dac99dae803ff014db487937d,หวังอยู่ซีฟู้ด,หวังอยู่ ซีฟู๊ด,14,15,1,1,2,1,ตลาดโต้รุ่งหน้าองค์พระปฐมเจดีย์,ตลาดโต้รุ่งหน้าองค์พระปฐมเจดีย์,Nakhon Pathom,,seafood_restaurant,Dining and Drinking > Restaurant > Seafood Restaurant,0.6214335421016005,1.0,"[{""property"":"""",""dataset"":""meta"",""record_id"":""1723068497993277"",""update_time"":""2025-01-06T08:00:00.000Z"",""confidence"":0.6214335421016005}]","[{""property"":"""",""dataset"":""FourSquare"",""record_id"":""53aed6c8498e8cd0832d70fd"",""update_time"":""2020-11-24T00:00:00.000"",""confidence"":1.0}]",false,false,false,false,false,false,false,false
normalization_equivalent,punctuation,08f8c1479a51396b0362ec324434f3e5,Score,Score!,5,6,1,1,1,0,Jalan Cihampelas 160,Cihampelas Walk,Bandung Kota,,dance_club,Arts and Entertainment > Night Club,0.23154848046309695,1.0,"[{""property"":"""",""dataset"":""meta"",""record_id"":""208361482512497"",""update_time"":""2025-01-06T08:00:00.000Z"",""confidence"":0.23154848046309695}]","[{""property"":"""",""dataset"":""FourSquare"",""record_id"":""4bf938b792d19521945f5a1f"",""update_time"":""2020-11-25T00:00:00.000"",""confidence"":1.0}]",false,false,false,false,false,false,false,false
normalization_equivalent,punctuation,08fbe0899519c116035ccb4f246d7ac9,Ariels Balgownie,Ariel’s Balgownie,16,17,1,2,2,0,172 Balgownie Rd,167-172 Balgownie Rd Shop 3,Wollongong,NSW,cafe,Dining and Drinking > Restaurant,0.9837452982267598,1.0,"[{""property"":"""",""dataset"":""meta"",""record_id"":""238690299670677"",""update_time"":""2025-01-06T08:00:00.000Z"",""confidence"":0.9837452982267598}]","[{""property"":"""",""dataset"":""FourSquare"",""record_id"":""7e55fb422be5fade6f1ea9ee"",""update_time"":""2024-06-07T00:00:00.000"",""confidence"":1.0}]",false,false,false,false,false,false,false,false
normalization_equivalent,punctuation,08fc99348c32155c03765d142aeb22eb,T.J's Gymsports,TJ'S Gymsports,15,14,-1,2,2,0,20 Merchant Dr,"20 Merchant Dr #4",Rockingham,WA,active_life,Health and Medicine,0.9837452982267598,1.0,"[{""property"":"""",""dataset"":""meta"",""record_id"":""128466077228091"",""update_time"":""2025-01-06T08:00:00.000Z"",""confidence"":0.9837452982267598}]","[{""property"":"""",""dataset"":""FourSquare"",""record_id"":""6eec4944b8004ba2ceb66811"",""update_time"":""2024-11-12T00:00:00.000"",""confidence"":1.0}]",false,false,false,false,false,false,false,false
normalization_equivalent,punctuation,1125899911544695,Mark Howell Painting Inc.,"Mark Howell Painting, Inc.",25,26,1,4,4,0,320 High Tide Dr Ste 101,"320 High Tide Dr #101",St Augustine Beach,FL,painting,painting,0.77,0.77,"[{""dataset"":""Microsoft"",""record_id"":""1125899911544695"",""update_time"":""2023-09-13T23:49:57.01"",""confidence"":0.77}]","[{""dataset"":""Microsoft"",""record_id"":""562949962753258"",""update_time"":""2024-11-11T20:30:26.657"",""confidence"":0.77}]",false,false,true,true,false,false,false,false
normalization_equivalent,punctuation,1407374883833947,Jonathan K & Co. Fine Jewelry,Jonathan K & Co Fine Jewelry,29,28,-1,6,6,0,535 Fulton Ave Ste 2,535 Fulton Ave Ste 2,Sacramento,CA,jewelry_store,jewelry_store,0.77,0.77,"[{""dataset"":""Microsoft"",""record_id"":""1407374883833947"",""update_time"":""2013-06-13T20:28:13.737"",""confidence"":0.77}]","[{""dataset"":""Microsoft"",""record_id"":""562949966094370"",""update_time"":""2024-07-06T02:41:02.843"",""confidence"":0.77}]",false,false,false,false,false,false,false,false
normalization_equivalent,punctuation,1688849864223886,"AZ Mobile Glass, LLC","AZ Mobile Glass, LLC.",20,21,1,4,4,0,3336 E Warbler Rd,3336 E Warbler Rd,Gilbert,AZ,auto_glass_service,auto_glass_service,0.77,0.77,"[{""dataset"":""Microsoft"",""record_id"":""1688849864223886"",""update_time"":""2024-12-16T20:59:57.417"",""confidence"":0.77}]","[{""dataset"":""Microsoft"",""record_id"":""1970324838998494"",""update_time"":""2022-07-16T00:23:10.627"",""confidence"":0.77}]",false,false,true,true,false,false,false,false
normalization_equivalent,punctuation,1970324842369088,"THE YARD, LLC",The Yard LLC,13,12,-1,3,3,0,381 E MILLER Rd,381 E Miller Rd,MIO,MI,retail,retail,0.77,0.77,"[{""dataset"":""Microsoft"",""record_id"":""1970324842369088"",""update_time"":""2024-12-19T19:51:44.457"",""confidence"":0.77}]","[{""dataset"":""Microsoft"",""record_id"":""562949965750641"",""update_time"":""2024-12-14T07:17:11.09"",""confidence"":0.77}]",false,false,true,true,false,false,false,false
normalization_equivalent,punctuation,562949953652961,Pawn America Inc,Pawn America Inc.,16,17,1,3,3,0,923 W Hamilton St Unit 1,923 Hamilton St,Allentown,PA,jewelry_store,jewelry_store,0.77,0.77,"[{""dataset"":""Microsoft"",""record_id"":""562949953652961"",""update_time"":""2013-01-27T23:16:24.843"",""confidence"":0.77}]","[{""dataset"":""Microsoft"",""record_id"":""562949957495141"",""update_time"":""2024-11-14T19:24:17.207"",""confidence"":0.77}]",false,false,true,true,false,false,false,false
normalization_equivalent,punctuation,08f275d746dae26e0398f3249c5d3b0c,Jilly's Car Wash - Brookfield,Jilly’s Car Wash - Brookfield,29,29,0,5,5,0,14100 W Capitol Dr,14100 W Capitol Dr,Brookfield,WI,auto_detailing,Business and Professional Services > Automotive Service > Car Wash and Detail,0.77,1.0,"[{""property"":"""",""dataset"":""Microsoft"",""record_id"":""1407374891441908"",""update_time"":""2024-12-31T01:11:57.490Z"",""confidence"":0.77}]","[{""property"":"""",""dataset"":""FourSquare"",""record_id"":""60c14c781704c20c3ea910a3"",""update_time"":""2024-10-15T00:00:00.000"",""confidence"":1.0}]",false,false,false,false,false,false,false,false
normalization_equivalent,punctuation,08f4440d8b89c95803ef5bd3cc80eac4,Izzo's Illegal Burrito,Izzo’s Illegal Burrito,22,22,0,3,3,0,9770 Bluebonnet Blvd,"9770 Bluebonnet Blvd, Suite 2",Baton Rouge,LA,mexican_restaurant,Dining and Drinking > Restaurant > Mexican Restaurant > Burrito Restaurant,0.9837452982267598,1.0,"[{""property"":"""",""dataset"":""meta"",""record_id"":""940678199455553"",""update_time"":""2025-01-06T08:00:00.000Z"",""confidence"":0.9837452982267598}]","[{""property"":"""",""dataset"":""FourSquare"",""record_id"":""5cafcf1ddb2aeb002c1a5cb3"",""update_time"":""2024-10-14T00:00:00.000"",""confidence"":1.0}]",false,false,false,false,false,false,false,false
normalization_equivalent,punctuation,08f48d8862a84b1e035651f31eaf5eca,Bitcoin Depot | Bitcoin ATM,Bitcoin Depot - Bitcoin ATM,27,27,0,5,5,0,3808 Montgomery Blvd NE,3808 Montgomery Blvd NE,Albuquerque,NM,atms,atms,0.77,0.77,"[{""property"":"""",""dataset"":""msft"",""record_id"":""844424933615724"",""update_time"":""2025-01-06T00:00:00.000Z""},{""property"":""/properties/existence"",""dataset"":""msft"",""record_id"":""562949964092824"",""update_time"":""2025-01-06T00:00:00.000Z""}]","[{""dataset"":""Microsoft"",""record_id"":""562949964092824"",""update_time"":""2024-08-28T13:24:47.153"",""confidence"":0.77}]",false,false,false,false,false,false,false,false
normalization_equivalent,punctuation,08fa9012985008ee0370549c32581fb8,L'Occitane au Brésil,L’occitane au Brésil,20,20,0,3,3,0,"Avenida João Wallig, 1800","Av. João Wallig, 1800",Porto Alegre,RS,cosmetic_and_beauty_supplies,Retail > Perfume Store,0.3941504178272981,1.0,"[{""property"":"""",""dataset"":""meta"",""record_id"":""846252945492926"",""update_time"":""2025-01-06T08:00:00.000Z"",""confidence"":0.39415041782729804}]","[{""property"":"""",""dataset"":""FourSquare"",""record_id"":""640d24f79eb9cf542673b48e"",""update_time"":""2023-03-12T00:00:00.000"",""confidence"":1.0}]",false,false,false,false,false,false,false,false
normalization_equivalent,punctuation,08fbe0e34b44c79a035b92414e02f7e3,Raineri's Continental Delicatessen,Raineri’s Continental Delicatessen,34,34,0,3,3,0,97 Great North Rd,97 Great North Rd,Sydney,NSW,delicatessen,Dining and Drinking > Restaurant > Deli,0.9837452982267598,1.0,"[{""property"":"""",""dataset"":""meta"",""record_id"":""1705953706390441"",""update_time"":""2025-01-06T08:00:00.000Z"",""confidence"":0.9837452982267598}]","[{""property"":"""",""dataset"":""FourSquare"",""record_id"":""4c70b955d7fab1f70a985fc9"",""update_time"":""2024-06-07T00:00:00.000"",""confidence"":1.0}]",false,false,false,false,false,false,false,false
normalization_equivalent,punctuation,1125899911381214,Extended Stay America Select Suites - Atlanta - Chamblee,Extended Stay America - Select Suites Atlanta - Chamblee,56,56,0,9,9,0,2877 Dresden Dr,2877 Dresden Dr,Chamblee,GA,resort,resort,0.77,0.77,"[{""dataset"":""Microsoft"",""record_id"":""1125899911381214"",""update_time"":""2024-12-08T06:40:18"",""confidence"":0.77}]","[{""dataset"":""Microsoft"",""record_id"":""1407374890509239"",""update_time"":""2023-09-04T21:13:19.28"",""confidence"":0.77}]",false,false,false,false,false,false,true,true
normalization_equivalent,punctuation;spacing,1407374885983377,"Samantha Sachau D.P.T., P.T.","Samantha Sachau, DPT,PT",28,23,-5,4,3,-1,"2800 Pierce St #120B",2800 Pierce St Ste 120B,Sioux City,IA,hospital,hospital,0.77,0.77,"[{""dataset"":""Microsoft"",""record_id"":""1407374885983377"",""update_time"":""2019-10-04T16:32:29.963"",""confidence"":0.77}]","[{""dataset"":""Microsoft"",""record_id"":""2251799819807502"",""update_time"":""2024-12-24T10:56:00.817"",""confidence"":0.77}]",false,false,false,false,false,false,false,false
normalization_equivalent,punctuation;spacing,08f1f05b01b9aaf0037d40991a005a2a,Lars-Erik Larssongymnasiet,Lars-Erik Larsson - gymnasiet,26,29,3,2,4,2,Bredgatan 13,Sankt laurentiigatan 1,Lund,,education,Community and Government > Education > Primary and Secondary School > Elementary School,0.9837452982267598,1.0,"[{""property"":"""",""dataset"":""meta"",""record_id"":""867052006684560"",""update_time"":""2025-01-06T08:00:00.000Z"",""confidence"":0.9837452982267598}]","[{""property"":"""",""dataset"":""FourSquare"",""record_id"":""4f8e76a9e4b007514ceee85d"",""update_time"":""2023-12-22T00:00:00.000"",""confidence"":1.0}]",false,false,false,false,false,false,false,false
normalization_equivalent,punctuation;spacing,08f1f166d246c3290303ee41124b93fa,Murkel‘s Nähwelt,Murkelsnähwelt,16,14,-2,2,1,-1,Kötteröde 5,Kötteröde 5,Dülmen,,fashion,Business and Professional Services > Tailor,0.48103896103896104,1.0,"[{""property"":"""",""dataset"":""meta"",""record_id"":""101292234599162"",""update_time"":""2025-01-06T08:00:00.000Z"",""confidence"":0.48103896103896104}]","[{""property"":"""",""dataset"":""FourSquare"",""record_id"":""63f75a837897593dff50d336"",""update_time"":""2023-09-13T00:00:00.000"",""confidence"":1.0}]",false,false,false,false,false,false,false,false
normalization_equivalent,punctuation;spacing,08f1e002d2532416034e929d26e8c0f7,Lekáreň Dr.Max,Lekáreň Dr. Max,14,15,1,2,3,1,Ludvika Svobodu 42,Bratská,Banská Štiavnica,BC,pharmacy,Retail > Pharmacy,0.8806389610389611,1.0,"[{""property"":"""",""dataset"":""Microsoft"",""record_id"":""562949965238032"",""update_time"":""2025-01-01T12:36:03.617Z"",""confidence"":0.77},{""property"":""/properties/existence"",""dataset"":""meta"",""record_id"":""102829649386559"",""update_time"":""2025-01-06T08:00:00.000Z"",""confidence"":0.48103896103896104}]","[{""property"":"""",""dataset"":""FourSquare"",""record_id"":""5002c7fbe4b063cc7c03c22c"",""update_time"":""2021-05-09T00:00:00.000"",""confidence"":1.0}]",false,false,false,false,false,false,false,false
normalization_equivalent,punctuation;spacing,08f1e832888c520a0354f30351c8e188,Scuola Materna Statale 44 Circolo Didattico G.L. Radice,Scuola Materna Statale 44 Circolo Didattico G. L. Radice,55,56,1,8,9,1,"Via Roberto Cuomo, 78",Via della Stadera 64,Napoli,72,school,Community and Government > Education,0.9645127118644068,1.0,"[{""property"":"""",""dataset"":""meta"",""record_id"":""1139986989385723"",""update_time"":""2025-01-06T08:00:00.000Z"",""confidence"":0.9645127118644068}]","[{""property"":"""",""dataset"":""FourSquare"",""record_id"":""9e39393b18cb405ff7c21a74"",""update_time"":""2024-07-03T00:00:00.000"",""confidence"":1.0}]",false,false,false,false,false,false,false,true
normalization_equivalent,punctuation;spacing,08f1f1e5752d068203c784e8f79a40f3,Kosmetiketage Nofretete,KOSMETIK-ETAGE-NOFRETETE,23,24,1,2,1,-1,Katharinenstraße 22,Katharinenstraße 22,Blankenburg (Harz),,beauty_salon,Business and Professional Services > Health and Beauty Service,0.9918379237288135,1.0,"[{""property"":"""",""dataset"":""meta"",""record_id"":""101288301470930"",""update_time"":""2025-01-06T08:00:00.000Z"",""confidence"":0.9645127118644068},{""property"":""/properties/existence"",""dataset"":""Microsoft"",""record_id"":""562949957112146"",""update_time"":""2017-04-14T02:44:58.420Z"",""confidence"":0.77}]","[{""property"":"""",""dataset"":""FourSquare"",""record_id"":""587289949b7eac78e6ddf2c7"",""update_time"":""2024-10-08T00:00:00.000"",""confidence"":1.0}]",false,false,false,false,false,false,false,false
normalization_equivalent,punctuation;spacing,08f26283b060b04d03b978fdb87a5538,YohnCo.,Yohn Co.,7,8,1,1,2,1,309 S 20th St,1910 4th Ave S,Clear Lake,IA,construction_services,Business and Professional Services > Construction,0.28671328671328666,1.0,"[{""property"":"""",""dataset"":""meta"",""record_id"":""123522431009732"",""update_time"":""2025-01-06T08:00:00.000Z"",""confidence"":0.2867132867132867}]","[{""property"":"""",""dataset"":""FourSquare"",""record_id"":""8a1a51b9de874ed11c01228a"",""update_time"":""2024-10-15T00:00:00.000"",""confidence"":1.0}]",false,false,false,true,false,false,false,false
normalization_equivalent,punctuation;spacing,08f2f5bd324367920389e650cbf19583,-酒彩-睦月 日本酒と創作和食のお店,-酒彩-睦月日本酒と創作和食のお店,18,17,-1,2,1,-1,"中区常盤町 5-66, プランタンビル3階",中区常盤町5-66,横浜市,神奈川県,restaurant,,0.77,1.0,"[{""property"":"""",""dataset"":""Microsoft"",""record_id"":""1407374890510872"",""update_time"":""2024-11-30T22:11:06.040Z"",""confidence"":0.77}]","[{""property"":"""",""dataset"":""FourSquare"",""record_id"":""a708d9ca86ac7ba87a7c2774"",""update_time"":""2024-08-07T00:00:00.000"",""confidence"":1.0}]",false,false,false,false,false,false,false,false
normalization_equivalent,punctuation;spacing,08f4995b9cb4b0c803d12af5825ac267,7-Eleven,7- Eleven,8,9,1,1,2,1,Montevideo 424,Gustavo A. Madero,Gustavo A Madero,CMX,convenience_store,Retail > Convenience Store,0.9445655559015883,1.0,"[{""property"":"""",""dataset"":""meta"",""record_id"":""257930174934462"",""update_time"":""2025-01-06T08:00:00.000Z"",""confidence"":0.9445655559015883}]","[{""property"":"""",""dataset"":""FourSquare"",""record_id"":""4c76ab1b3c83236afc0a3bee"",""update_time"":""2024-08-11T00:00:00.000"",""confidence"":1.0}]",false,false,false,false,false,false,false,false
normalization_equivalent,punctuation;spacing,08f60319aab14340039e512530e823a9,Angel's Ayur Spa,Angel’s Ayurspa,16,15,-1,3,2,-1,"Joys Palace, Near Wondervalley, Sankupady, Chithirapuram","Joys Palace, Near Wondervalley, Sankupady, Chithirapuram P.O., Anachal",,,spas,Business and Professional Services > Health and Beauty Service > Spa,0.9837452982267598,1.0,"[{""property"":"""",""dataset"":""meta"",""record_id"":""1547987505271118"",""update_time"":""2025-01-06T08:00:00.000Z"",""confidence"":0.9837452982267598}]","[{""property"":"""",""dataset"":""FourSquare"",""record_id"":""62a16c339529223543c5e32e"",""update_time"":""2022-06-09T00:00:00.000"",""confidence"":1.0}]",false,false,false,false,false,false,false,false
normalization_equivalent,punctuation;spacing,08f64a4aed4960e803ce395f359d806f,ห้วยพลู หมูยิ้ม,ห้วยพลู  หมูยิ้ม,15,16,1,2,3,1,,,,,thai_restaurant,Dining and Drinking > Restaurant > BBQ Joint,0.48103896103896104,1.0,"[{""property"":"""",""dataset"":""meta"",""record_id"":""366089866796526"",""update_time"":""2025-01-06T08:00:00.000Z"",""confidence"":0.48103896103896104}]","[{""property"":"""",""dataset"":""FourSquare"",""record_id"":""4f9e9829e4b087d95ef5bada"",""update_time"":""2020-11-23T00:00:00.000"",""confidence"":1.0}]",false,false,false,false,false,false,false,false
normalization_equivalent,punctuation;spacing,08f651cca5b5202b03e606c3c73328ac,ราชา บะหมี่เกี๊ยว,ราชาบะหมี่เกี๊ยว,17,16,-1,2,1,-1,,,,,chinese_restaurant,Dining and Drinking > Restaurant > Asian Restaurant > Noodle Restaurant,0.3941504178272981,1.0,"[{""property"":"""",""dataset"":""meta"",""record_id"":""2214831228799428"",""update_time"":""2025-01-06T08:00:00.000Z"",""confidence"":0.39415041782729804}]","[{""property"":"""",""dataset"":""FourSquare"",""record_id"":""4fdd4b53e4b0627bb63d4ef8"",""update_time"":""2020-11-23T00:00:00.000"",""confidence"":1.0}]",false,false,false,false,false,false,false,false
normalization_equivalent,punctuation;spacing,08fa81008ca8987403152403c510cca3,União Vila Sá F.C.,União Vila Sá F. C.,18,19,1,4,5,1,"Rua Taubaté, 913",Rua Cosenza,Santo André,SP,stadium_arena,Sports and Recreation,0.6214335421016005,1.0,"[{""property"":"""",""dataset"":""meta"",""record_id"":""338960889592494"",""update_time"":""2025-01-06T08:00:00.000Z"",""confidence"":0.6214335421016005}]","[{""property"":"""",""dataset"":""FourSquare"",""record_id"":""54b99490498e132e240b6965"",""update_time"":""2020-11-30T00:00:00.000"",""confidence"":1.0}]",false,false,false,false,false,false,false,false
normalization_equivalent,punctuation;spacing,08f1f8e06c500db40348986fb0c2d9f8,Kinothek Lustenau,Kinothek-Lustenau,17,17,0,2,1,-1,Reichsstraße 18,Reichsstraße 18,Lustenau,,cinema,fair,0.9962614185921548,0.77,"[{""property"":"""",""dataset"":""meta"",""record_id"":""109517061684698"",""update_time"":""2025-01-06T00:00:00.000Z""},{""property"":""/properties/existence"",""dataset"":""msft"",""record_id"":""281474980391612"",""update_time"":""2025-01-06T00:00:00.000Z""}]","[{""dataset"":""Microsoft"",""record_id"":""281474980391612"",""update_time"":""2024-12-07T13:37:38.15"",""confidence"":0.77}]",false,false,false,false,false,false,false,false
normalization_equivalent,punctuation;spacing,08f27526d43612d503668b4a1d2b68f2,Longfellow Seward Healthy,Longfellow/Seward Healthy,25,25,0,3,2,-1,3131 Minnehaha Ave,2800 E Lake St,Minneapolis,MN,senior_citizen_services,Community and Government > Senior Citizen Service,0.9544061302681992,1.0,"[{""property"":"""",""dataset"":""meta"",""record_id"":""220573264654991"",""update_time"":""2025-01-06T08:00:00.000Z"",""confidence"":0.9544061302681992}]","[{""property"":"""",""dataset"":""FourSquare"",""record_id"":""6b234351db154a8750ccaa6c"",""update_time"":""2024-10-11T00:00:00.000"",""confidence"":1.0}]",false,false,false,false,false,false,false,false
normalization_equivalent,punctuation;spacing,08f276b6859ac4e103997b87641f8766,Bay City Seventh-day Adventist Church,Bay City Seventh day Adventist Church,37,37,0,5,6,1,4165 2 Mile Rd,4615 2 Mile Rd,Bangor Twp,MI,church_cathedral,Community and Government > Spiritual Center > Church,0.9645127118644068,1.0,"[{""property"":"""",""dataset"":""meta"",""record_id"":""111610352212099"",""update_time"":""2025-01-06T08:00:00.000Z"",""confidence"":0.9645127118644068}]","[{""property"":"""",""dataset"":""FourSquare"",""record_id"":""50ccf2b6e4b029bca814f3ba"",""update_time"":""2024-10-12T00:00:00.000"",""confidence"":1.0}]",false,false,false,false,false,false,false,false
normalization_equivalent,punctuation;spacing,08f2a9c605b95b5b038d908ed5b8e134,Save A Lot,Save-A-Lot,10,10,0,3,1,-2,7123 Route 152,7123 Route 152,Wayne,WV,international_grocery_store,Retail > Food and Beverage Retail > Grocery Store,0.77,1.0,"[{""property"":"""",""dataset"":""Microsoft"",""record_id"":""844424932456203"",""update_time"":""2021-04-18T17:20:26.537Z"",""confidence"":0.77}]","[{""property"":"""",""dataset"":""FourSquare"",""record_id"":""51b37dde498eef5f9764fe20"",""update_time"":""2024-10-14T00:00:00.000"",""confidence"":1.0}]",false,false,false,false,false,false,false,false
normalization_equivalent,punctuation;spacing,08f2ead48661014003e068e89714aa0a,ホテルオホーツク・イン,ホテル オホーツクイン,11,11,0,1,2,1,南3条東3丁目6,南3条東3,,,hotel,Travel and Transportation > Lodging > Bed and Breakfast,0.9837452982267598,1.0,"[{""property"":"""",""dataset"":""meta"",""record_id"":""255038211206160"",""update_time"":""2025-01-06T08:00:00.000Z"",""confidence"":0.9837452982267598}]","[{""property"":"""",""dataset"":""FourSquare"",""record_id"":""4e0afc6d8877cb3b2ab9f18d"",""update_time"":""2024-08-07T00:00:00.000"",""confidence"":1.0}]",false,false,false,false,false,false,false,false
normalization_equivalent,punctuation;spacing,08f49a8381a4d0f303240f2cdfbb374f,Burger´s Grill,Burger's Grill,14,14,0,2,2,0,Calle Ignacio Zaragoza 115,Zaragoza 115,Autlán de Navarro,,burger_restaurant,Dining and Drinking > Restaurant > Burger Joint,0.9837452982267598,1.0,"[{""property"":"""",""dataset"":""meta"",""record_id"":""197293563711415"",""update_time"":""2025-01-06T08:00:00.000Z"",""confidence"":0.9837452982267598}]","[{""property"":"""",""dataset"":""FourSquare"",""record_id"":""50c15e24e4b0194aef36e9bb"",""update_time"":""2020-11-22T00:00:00.000"",""confidence"":1.0}]",false,false,false,false,false,false,false,false
normalization_equivalent,punctuation;spacing,1970324838626954,Save-A-Lot,Save A Lot,10,10,0,1,3,2,1110 Bonforte Blvd,1110 Bonforte Blvd,Pueblo,CO,international_grocery_store,international_grocery_store,0.77,0.77,"[{""dataset"":""Microsoft"",""record_id"":""1970324838626954"",""update_time"":""2016-10-20T16:08:04.947"",""confidence"":0.77}]","[{""dataset"":""Microsoft"",""record_id"":""562949958608062"",""update_time"":""2022-01-02T13:25:28.17"",""confidence"":0.77}]",false,false,false,false,false,false,false,false
normalization_equivalent,punctuation;spacing;conjunction,08f1e3540ecb606b0354efb84249648e,Crepes&Coffee,Crepes & Coffee,13,15,2,1,3,2,Střelničná 1680/8,Střelničná 8,Praha,10,coffee_shop,"Dining and Drinking > Cafe, Coffee, and Tea House > Café",0.9908651262761956,1.0,"[{""property"":"""",""dataset"":""meta"",""record_id"":""1678269708863076"",""update_time"":""2025-01-06T08:00:00.000Z"",""confidence"":0.9908651262761956}]","[{""property"":"""",""dataset"":""FourSquare"",""record_id"":""5a9435b99de23b43d0c3685c"",""update_time"":""2023-12-20T00:00:00.000"",""confidence"":1.0}]",false,false,false,false,false,false,false,false
normalization_equivalent,script_form,08f2e1a694d262c003bb7b0266c82320,コインランドリーはなこ,コインランドリーハナコ,11,11,0,1,1,0,北海道旭川市豊岡５条７丁目１−５５,豊岡5条7丁目,旭川市,,laundromat,Business and Professional Services > Laundromat,0.9467515923566879,1.0,"[{""property"":"""",""dataset"":""meta"",""record_id"":""371885433353510"",""update_time"":""2025-01-06T08:00:00.000Z"",""confidence"":0.9467515923566879}]","[{""property"":"""",""dataset"":""FourSquare"",""record_id"":""51fc4ca6498ecd57e987ecee"",""update_time"":""2020-12-13T00:00:00.000"",""confidence"":1.0}]",false,false,false,false,false,false,false,false
normalization_equivalent,spacing,08f1969c9b6648a603bcbfe76a19c00c,Dance4Life,Dance 4 Life,10,12,2,1,3,2,Keizersgracht 177,Spuistraat 239,Amsterdam,NH,community_services_non_profits,Community and Government > Organization > Non-Profit Organization,0.9142857142857143,1.0,"[{""property"":"""",""dataset"":""meta"",""record_id"":""125597560815273"",""update_time"":""2025-01-06T08:00:00.000Z"",""confidence"":0.9142857142857143}]","[{""property"":"""",""dataset"":""FourSquare"",""record_id"":""525e556511d28a33930775c5"",""update_time"":""2024-04-17T00:00:00.000"",""confidence"":1.0}]",false,false,false,false,false,false,false,false
normalization_equivalent,spacing,08f1e88640c3315c032458fa2f45fce2,Web in Puglia,Webinpuglia,13,11,-2,3,1,-2,"Via Benedetto Cairoli, 45",Via Cairoli 45,Putignano,75,marketing_agency,Business and Professional Services > Advertising Agency,0.9097222222222222,1.0,"[{""property"":"""",""dataset"":""meta"",""record_id"":""110049727360001"",""update_time"":""2025-01-06T08:00:00.000Z"",""confidence"":0.9097222222222222}]","[{""property"":"""",""dataset"":""FourSquare"",""record_id"":""616211365f8c502e184c59da"",""update_time"":""2024-07-03T00:00:00.000"",""confidence"":1.0}]",false,false,false,false,false,false,false,false
normalization_equivalent,spacing,08f1ea3036c466c003745ddb3dcd1515,PhotoColorLab,Photo Color Lab,13,15,2,1,3,2,"Via Maurice Ravel, 9","Via Cabral,40",Cattolica,45,professional_services,Retail > Video Store,0.9544061302681992,1.0,"[{""property"":"""",""dataset"":""meta"",""record_id"":""396384370411260"",""update_time"":""2025-01-06T08:00:00.000Z"",""confidence"":0.9544061302681992}]","[{""property"":"""",""dataset"":""FourSquare"",""record_id"":""4db7dc3df7b15ca52cdd9375"",""update_time"":""2024-07-03T00:00:00.000"",""confidence"":1.0}]",false,false,false,false,false,false,false,false
normalization_equivalent,spacing,08f2e60cc098c1520336932fe4f352e5,からみそラーメン ふくろう 刈谷店,からみそラーメンふくろう刈谷店,17,15,-2,3,1,-2,愛知県刈谷市井ケ谷町前田２６−２,井ケ谷町前田26-2,刈谷市,,japanese_restaurant,Dining and Drinking > Restaurant > Asian Restaurant > Japanese Restaurant > Ramen Restaurant,0.6214335421016005,1.0,"[{""property"":"""",""dataset"":""meta"",""record_id"":""100463125758575"",""update_time"":""2025-01-06T08:00:00.000Z"",""confidence"":0.6214335421016005}]","[{""property"":"""",""dataset"":""FourSquare"",""record_id"":""60d68fa722e86b2ff2b3fdfc"",""update_time"":""2024-08-07T00:00:00.000"",""confidence"":1.0}]",false,false,false,false,false,false,false,false
normalization_equivalent,spacing,08f44d980616a50b03384bab50f545d3,VaVaVooom,Va Va Vooom,9,11,2,1,3,2,57 Broadway St,36 Battery Park Ave,Asheville,NC,lingerie_store,Retail > Boutique,0.9962614185921548,1.0,"[{""property"":"""",""dataset"":""meta"",""record_id"":""53856575395"",""update_time"":""2025-01-06T08:00:00.000Z"",""confidence"":0.9837452982267598},{""property"":""/properties/existence"",""dataset"":""Microsoft"",""record_id"":""562949955566118"",""update_time"":""2015-10-04T01:23:06.453Z"",""confidence"":0.77}]","[{""property"":"""",""dataset"":""FourSquare"",""record_id"":""4bcb6ac968f976b001106183"",""update_time"":""2020-11-30T00:00:00.000"",""confidence"":1.0}]",false,false,false,false,false,false,false,false
normalization_equivalent,spacing,08fa90eacb721a00030f90b0220bb6a6,origensbistro,Origen's Bistrô,13,15,2,1,2,1,"Rua Rio Branco, 145","Rua Rio Branco, 153",Carlos Barbosa,RS,restaurant,Dining and Drinking > Restaurant > Bistro,0.28686635944700467,1.0,"[{""property"":"""",""dataset"":""meta"",""record_id"":""117649598011271"",""update_time"":""2025-01-06T08:00:00.000Z"",""confidence"":0.2868663594470046}]","[{""property"":"""",""dataset"":""FourSquare"",""record_id"":""532cfcef498eaa7e2e667c41"",""update_time"":""2023-12-21T00:00:00.000"",""confidence"":1.0}]",false,false,false,false,false,false,false,false
normalization_equivalent,spacing,08f195298a4d535e03bd605f0963b4a7,Doggie Barbershop Comber,Doggie Barber Shop Comber,24,25,1,3,4,1,99 Belfast Road,91 Belfast Rd,Newtownards,NIR,pet_groomer,Business and Professional Services > Pet Service > Pet Grooming Service,0.9645127118644068,1.0,"[{""property"":"""",""dataset"":""meta"",""record_id"":""110632392397567"",""update_time"":""2025-01-06T08:00:00.000Z"",""confidence"":0.9645127118644068}]","[{""property"":"""",""dataset"":""FourSquare"",""record_id"":""d77f83aca6764be9a60cc92f"",""update_time"":""2024-11-17T00:00:00.000"",""confidence"":1.0}]",false,false,false,false,false,false,false,false
normalization_equivalent,spacing,08f1952d6e7131b403a53db82d331129,Space N K,Space NK,9,8,-1,3,2,-1,5-6 Donegall Square North,5/6 Donegall Square North,Belfast,"",perfume_store,Retail > Cosmetics Store,0.77,1.0,"[{""property"":"""",""dataset"":""Microsoft"",""record_id"":""844424931062730"",""update_time"":""2014-12-22T17:42:07.123Z"",""confidence"":0.77}]","[{""property"":"""",""dataset"":""FourSquare"",""record_id"":""5143299ab0b94f79d2cd765d"",""update_time"":""2024-10-09T00:00:00.000"",""confidence"":1.0}]",false,false,false,false,false,false,false,false
normalization_equivalent,spacing,08f1959a2912024503414352746b2ea7,Lloyds Pharmacy,LloydsPharmacy,15,14,-1,2,1,-1,71 High Street,"71-73 High Street, Selsey",Chichester,ENG,pharmacy,Retail > Pharmacy,0.9544061302681992,1.0,"[{""property"":"""",""dataset"":""meta"",""record_id"":""1705053453097118"",""update_time"":""2025-01-06T08:00:00.000Z"",""confidence"":0.9544061302681992}]","[{""property"":"""",""dataset"":""FourSquare"",""record_id"":""4ee289c41e17762e8e63e15e"",""update_time"":""2024-10-08T00:00:00.000"",""confidence"":1.0}]",false,false,false,false,false,false,false,false
normalization_equivalent,spacing,08f195c62ea2307003ea434ce40ad3f6,EdShed,Ed Shed,6,7,1,1,2,1,"Severn House, Riverside N","Bridge House, River Side North",,,education,Community and Government > Education,0.7846153846153846,1.0,"[{""property"":"""",""dataset"":""meta"",""record_id"":""857204927784125"",""update_time"":""2025-01-06T08:00:00.000Z"",""confidence"":0.7846153846153846}]","[{""property"":"""",""dataset"":""FourSquare"",""record_id"":""1f4dd9f082734f767497b96e"",""update_time"":""2023-12-04T00:00:00.000"",""confidence"":1.0}]",false,false,false,false,false,false,false,false
normalization_equivalent,spacing,08f1b99392b6805b035189fa623f348b,First Choice Haircutters,First Choice Hair Cutters,24,25,1,3,4,1,29 Roe Ave,Cooper Blvd.,Gander,NL,beauty_salon,Business and Professional Services > Health and Beauty Service > Hair Salon,0.9962614185921548,1.0,"[{""property"":"""",""dataset"":""meta"",""record_id"":""349985198436510"",""update_time"":""2025-01-06T08:00:00.000Z"",""confidence"":0.9837452982267598},{""property"":""/properties/existence"",""dataset"":""Microsoft"",""record_id"":""2251799821483527"",""update_time"":""2024-10-01T17:40:43.933Z"",""confidence"":0.77}]","[{""property"":"""",""dataset"":""FourSquare"",""record_id"":""4d276eda849f370405156941"",""update_time"":""2024-11-09T00:00:00.000"",""confidence"":1.0}]",false,false,false,false,false,false,false,false
normalization_equivalent,spacing,08f1f85ae5201aea032be7da504ebb74,EDEKA Kissel SBKcompact Landau,EDEKA Kissel SBK compact Landau,30,31,1,4,5,1,Taubensuhlstr. 3,Taubensuhlstr. 3-5,Landau in der Pfalz,"",supermarket,Retail > Food and Beverage Retail > Supermarket,0.77,1.0,"[{""property"":"""",""dataset"":""Microsoft"",""record_id"":""281474979243377"",""update_time"":""2021-11-18T00:36:05.823Z"",""confidence"":0.77}]","[{""property"":"""",""dataset"":""FourSquare"",""record_id"":""5dc171625cefa500074e9616"",""update_time"":""2024-10-08T00:00:00.000"",""confidence"":1.0}]",false,false,false,false,false,false,false,false
normalization_equivalent,spacing,08f1f8ed95cc834803b28d87d8bfefc0,BeautySpace,Beauty Space,11,12,1,1,2,1,Bahnhofplatz 14,Bahnhofplatz 5,Zürich,ZH,beauty_salon,Retail > Cosmetics Store,0.7927927927927928,1.0,"[{""property"":"""",""dataset"":""meta"",""record_id"":""1178459305615451"",""update_time"":""2025-01-06T08:00:00.000Z"",""confidence"":0.7927927927927928}]","[{""property"":"""",""dataset"":""FourSquare"",""record_id"":""53f73888498ecc0a798f7025"",""update_time"":""2024-10-29T00:00:00.000"",""confidence"":1.0}]",false,false,false,false,false,false,false,false
normalization_equivalent,spacing,08f1fa4c582b323403c3e5a37961c3f9,Moncler,Mon cler,7,8,1,1,2,1,Schuttershofstraat 15,Huidevettersstraat,Antwerpen,,boutique,,0.9645127118644068,1.0,"[{""property"":"""",""dataset"":""meta"",""record_id"":""2072102922841558"",""update_time"":""2025-01-06T08:00:00.000Z"",""confidence"":0.9645127118644068}]","[{""property"":"""",""dataset"":""FourSquare"",""record_id"":""4e3424afc65bdb4c7a04e43f"",""update_time"":""2021-08-13T00:00:00.000"",""confidence"":1.0}]",false,false,false,false,false,false,false,false
normalization_equivalent,spacing,08f1fa562dca17a403f1b942fafa18ea,ACE Marine GmbH,ACEMarine GmbH,15,14,-1,3,2,-1,Landstr. 90,Landstr. 90,Grevenbroich,Nordrhein-Westfalen,electrician,Business and Professional Services > Automotive Service > Automotive Repair Shop,0.77,1.0,"[{""property"":"""",""dataset"":""Microsoft"",""record_id"":""2251799818633108"",""update_time"":""2017-05-25T17:17:58.677Z"",""confidence"":0.77}]","[{""property"":"""",""dataset"":""FourSquare"",""record_id"":""587e029965e7c7514c286c2d"",""update_time"":""2024-10-08T00:00:00.000"",""confidence"":1.0}]",false,false,true,true,false,false,false,false
normalization_equivalent,spacing,08f2668b12d04cee03ea9776643bed86,Baghdad foodmart,Baghdad Food Mart,16,17,1,2,3,1,6921 Southside Dr,6921 Southside Dr Ste A,Louisville,KY,grocery_store,Retail > Food and Beverage Retail > Grocery Store,0.7927927927927928,1.0,"[{""property"":"""",""dataset"":""meta"",""record_id"":""105076280848084"",""update_time"":""2025-01-06T08:00:00.000Z"",""confidence"":0.7927927927927928}]","[{""property"":"""",""dataset"":""FourSquare"",""record_id"":""699f43d457474a687c2c7dff"",""update_time"":""2024-10-12T00:00:00.000"",""confidence"":1.0}]",false,false,false,false,false,false,false,false
normalization_equivalent,spacing,08f274864eb8c0f30307c49f06635d20,SignWriter,Sign Writer,10,11,1,1,2,1,633 W Michigan Ave,633 W Michigan Ave,Kalamazoo,MI,sign_making,printing_services,0.9962614185921548,0.77,"[{""property"":"""",""dataset"":""meta"",""record_id"":""1446626112272894"",""update_time"":""2025-01-06T00:00:00.000Z""},{""property"":""/properties/existence"",""dataset"":""msft"",""record_id"":""1970324838811072"",""update_time"":""2025-01-06T00:00:00.000Z""}]","[{""dataset"":""Microsoft"",""record_id"":""1970324838811072"",""update_time"":""2018-07-17T17:37:01.697"",""confidence"":0.77}]",false,false,false,false,false,false,false,false
normalization_equivalent,spacing,08f27512cdb24295037532a480daa53d,TriCity Golf Course,Tri City Golf Course,19,20,1,3,4,1,3010 Golf Course Rd,2438-2664 Golf Course Rd,Wisconsin Rapids,WI,golf_course,Sports and Recreation > Golf > Golf Course,0.9837452982267598,1.0,"[{""property"":"""",""dataset"":""meta"",""record_id"":""363679850486642"",""update_time"":""2025-01-06T08:00:00.000Z"",""confidence"":0.9837452982267598}]","[{""property"":"""",""dataset"":""FourSquare"",""record_id"":""4caf68d239458cfa0f3efa9f"",""update_time"":""2024-10-15T00:00:00.000"",""confidence"":1.0}]",false,false,false,false,false,false,false,false
normalization_equivalent,spacing,08f289c4ea2a020d034bfa0d79c5afb9,Pickleball406,Pickleball 406,13,14,1,1,2,1,140 Kyle Ln,,Hamilton,MT,sports_club_and_league,Sports and Recreation > Racquet Sports > Tennis > Tennis Court,0.2009132420091324,1.0,"[{""property"":"""",""dataset"":""meta"",""record_id"":""103197506691360"",""update_time"":""2025-01-06T08:00:00.000Z"",""confidence"":0.2009132420091324}]","[{""property"":"""",""dataset"":""FourSquare"",""record_id"":""659052555ce743132f6ef87d"",""update_time"":""2023-12-30T00:00:00.000"",""confidence"":1.0}]",false,true,false,false,false,false,false,false
normalization_equivalent,spacing,08f2aa650405da4d03ac202ae41b574e,Brierwood Child Care Center,Brierwood Childcare Center,27,26,-1,4,3,-1,5540 Southwestern Blvd,5324 Rogers Rd,Hamburg,NY,home_service,Retail > Miscellaneous Store,0.9837452982267598,1.0,"[{""property"":"""",""dataset"":""meta"",""record_id"":""167575146437905"",""update_time"":""2025-01-06T08:00:00.000Z"",""confidence"":0.9837452982267598}]","[{""property"":"""",""dataset"":""FourSquare"",""record_id"":""4e789099d4c084f1c76d6681"",""update_time"":""2024-10-14T00:00:00.000"",""confidence"":1.0}]",false,false,false,false,false,false,false,false
normalization_equivalent,spacing,08f2e1b56bc730c0037fa9ddb6dceb03,船員保険北海道健康管理センター,船員保険 北海道健康管理センター,15,16,1,1,2,1,中央区北2条西1丁目1,中央区北2条西1-1,,,hospital,Health and Medicine > Medical Center,0.9837452982267598,1.0,"[{""property"":"""",""dataset"":""meta"",""record_id"":""115541332325759"",""update_time"":""2025-01-06T08:00:00.000Z"",""confidence"":0.9837452982267598}]","[{""property"":"""",""dataset"":""FourSquare"",""record_id"":""4c5a01342091a593ff695ed0"",""update_time"":""2024-10-31T00:00:00.000"",""confidence"":1.0}]",false,false,false,false,false,false,false,false
normalization_equivalent,spacing,08f2e6024254da0a037707df1ac64edf,ライトオン滋賀水口店,ライトオン 滋賀水口店,10,11,1,1,2,1,水口町泉686,水口町北泉1-135,,,clothing_store,Retail > Fashion Retail > Clothing Store,0.8973172987974098,1.0,"[{""property"":"""",""dataset"":""meta"",""record_id"":""112603027065109"",""update_time"":""2025-01-06T08:00:00.000Z"",""confidence"":0.8973172987974098}]","[{""property"":"""",""dataset"":""FourSquare"",""record_id"":""4e799ea7a809c2cd9bd24c89"",""update_time"":""2024-08-07T00:00:00.000"",""confidence"":1.0}]",false,false,false,false,false,false,false,false
normalization_equivalent,spacing,08f2e610f108a700030602a2193e8013,みなみせんり おか遊育園,みなみせんりおか遊育園,12,11,-1,2,1,-1,大阪府摂津市南千里丘４−３５,摂津市南千里丘4-35,摂津市,,day_care_preschool,Landmarks and Outdoors > Park > Playground,0.9467515923566879,1.0,"[{""property"":"""",""dataset"":""meta"",""record_id"":""105235047611063"",""update_time"":""2025-01-06T08:00:00.000Z"",""confidence"":0.9467515923566879}]","[{""property"":"""",""dataset"":""FourSquare"",""record_id"":""55239380498e92ebf373c487"",""update_time"":""2024-08-07T00:00:00.000"",""confidence"":1.0}]",false,false,false,false,false,false,false,false
normalization_equivalent,spacing,08f2e61201a45609033e25ce75cebc54,和ごころ 喜心,和ごころ喜心,7,6,-1,2,1,-1,兵庫県神戸市中央区花隈町５−２１,神戸市中央区花隈町5-21,神戸市中央区,,japanese_restaurant,Dining and Drinking > Restaurant > Asian Restaurant > Japanese Restaurant,0.9467515923566879,1.0,"[{""property"":"""",""dataset"":""meta"",""record_id"":""110807451415856"",""update_time"":""2025-01-06T08:00:00.000Z"",""confidence"":0.9467515923566879}]","[{""property"":"""",""dataset"":""FourSquare"",""record_id"":""5258bcbf11d2c9469f19a3b6"",""update_time"":""2022-07-25T00:00:00.000"",""confidence"":1.0}]",false,false,false,false,false,false,false,false
normalization_equivalent,spacing,08f2e689b2b60d4003b6dd0f28a909d8,がんこ亭和気店,がんこ亭 和気店,7,8,1,1,2,1,岡山県和気郡和気町福富４９７−２,和気町福富497-2,和気郡和気町,,japanese_restaurant,Dining and Drinking > Restaurant > Asian Restaurant > Japanese Restaurant > Ramen Restaurant,0.9837452982267598,1.0,"[{""property"":"""",""dataset"":""meta"",""record_id"":""139109833615230"",""update_time"":""2025-01-06T08:00:00.000Z"",""confidence"":0.9837452982267598}]","[{""property"":"""",""dataset"":""FourSquare"",""record_id"":""5c651c3a3183940025045324"",""update_time"":""2024-08-07T00:00:00.000"",""confidence"":1.0}]",false,false,false,false,false,false,false,false
normalization_equivalent,spacing,08f2e6e2c54a8600034dc5d43222904d,酒肴処しもむら,酒肴処 しもむら,7,8,1,1,2,1,鳥取県鳥取市弥生町２７１,弥生町271,鳥取市,,japanese_restaurant,Dining and Drinking > Bar > Sake Bar,0.9837452982267598,1.0,"[{""property"":"""",""dataset"":""meta"",""record_id"":""524840500883942"",""update_time"":""2025-01-06T08:00:00.000Z"",""confidence"":0.9837452982267598}]","[{""property"":"""",""dataset"":""FourSquare"",""record_id"":""50e50affb0edd7e541d5dbc7"",""update_time"":""2024-08-07T00:00:00.000"",""confidence"":1.0}]",false,false,false,false,false,false,false,false
normalization_equivalent,spacing,08f2e74a50d2900003b56d9aa022a3b6,かっぱ寿司富岡店,かっぱ寿司 富岡店,8,9,1,1,2,1,群馬県富岡市富岡２３５１−１,群馬県富岡市富岡2356,富岡市,,sushi_restaurant,sushi_restaurant,0.9895134099616858,0.77,"[{""property"":"""",""dataset"":""meta"",""record_id"":""113311610843862"",""update_time"":""2025-01-06T00:00:00.000Z""},{""property"":""/properties/existence"",""dataset"":""msft"",""record_id"":""562949964821720"",""update_time"":""2025-01-06T00:00:00.000Z""}]","[{""dataset"":""Microsoft"",""record_id"":""562949964821720"",""update_time"":""2024-12-20T10:33:34.473"",""confidence"":0.77}]",false,false,false,false,false,false,false,false
normalization_equivalent,spacing,08f2f5a155ced52403bfcfc20b6072c4,ハードオフ佐倉志津店,ハードオフ 佐倉志津店,10,11,1,1,2,1,井野60-41,井野60-41,Yachiyo-shi,12,bar,Retail > Hardware Store,0.48103896103896104,1.0,"[{""property"":"""",""dataset"":""meta"",""record_id"":""277064382677310"",""update_time"":""2025-01-06T08:00:00.000Z"",""confidence"":0.48103896103896104}]","[{""property"":"""",""dataset"":""FourSquare"",""record_id"":""4c049a940d0e0f478d37049a"",""update_time"":""2021-08-13T00:00:00.000"",""confidence"":1.0}]",false,false,false,false,false,false,false,false
normalization_equivalent,spacing,08f2f5a26e4e261403451357723a4769,ヤマトホームコンビニエンス株式会社所沢支店,ヤマトホームコンビニエンス株式会社 所沢支店,21,22,1,1,2,1,埼玉県所沢市東所沢和田３丁目１４−７,東所沢和田3-14-7,所沢市,,event_planning,Business and Professional Services > Office,0.28671328671328666,1.0,"[{""property"":"""",""dataset"":""meta"",""record_id"":""2112978358733923"",""update_time"":""2025-01-06T08:00:00.000Z"",""confidence"":0.2867132867132867}]","[{""property"":"""",""dataset"":""FourSquare"",""record_id"":""4fb6e030e4b0363b11cf95f1"",""update_time"":""2020-11-21T00:00:00.000"",""confidence"":1.0}]",false,false,false,false,false,false,false,false
normalization_equivalent,spacing,08f2f5aad652c94003665529a4a221a5,串カツ田中南砂町店,串カツ田中 南砂町店,9,10,1,1,2,1,東京都江東区新砂３丁目３−５３,"江東区, 新砂3丁目3-53",江東区,,bar,restaurant,0.9962614185921548,0.77,"[{""property"":"""",""dataset"":""meta"",""record_id"":""796184184100806"",""update_time"":""2025-01-06T00:00:00.000Z""},{""property"":""/properties/existence"",""dataset"":""msft"",""record_id"":""562949963935353"",""update_time"":""2025-01-06T00:00:00.000Z""},{""property"":""/properties/existence"",""dataset"":""msft"",""record_id"":""2251799821354646"",""update_time"":""2025-01-06T00:00:00.000Z""},{""property"":""/properties/existence"",""dataset"":""msft"",""record_id"":""1970324842175202"",""update_time"":""2025-01-06T00:00:00.000Z""}]","[{""dataset"":""Microsoft"",""record_id"":""562949963935353"",""update_time"":""2024-12-28T03:43:54.71"",""confidence"":0.77}]",false,false,false,false,false,false,false,false
normalization_equivalent,spacing,08f2f5aade09615303fd1f4997205c68,過門香　點　有楽町イトシア店,過門香點 有楽町イトシア店,14,13,-1,1,2,1,東京都千代田区有楽町２丁目７−１,有楽町 2丁目 7-1 有楽町イトシアプラザ3F,千代田区,,chinese_restaurant,Dining and Drinking > Restaurant > Asian Restaurant > Chinese Restaurant,0.7927927927927928,1.0,"[{""property"":"""",""dataset"":""meta"",""record_id"":""172146902849821"",""update_time"":""2025-01-06T08:00:00.000Z"",""confidence"":0.7927927927927928}]","[{""property"":"""",""dataset"":""FourSquare"",""record_id"":""516ac2ad151740f8b31dd894"",""update_time"":""2024-08-07T00:00:00.000"",""confidence"":1.0}]",false,false,false,false,false,false,false,false
normalization_equivalent,spacing,08f2f5bd9abb6d80035f0fbe0a2c1856,パティスリーアノー 狛江店,パティスリー アノー 狛江店,13,14,1,2,3,1,和泉本町3丁目3-25,和泉本町3-3-25,,,shopping,Dining and Drinking > Dessert Shop,0.7927927927927928,1.0,"[{""property"":"""",""dataset"":""meta"",""record_id"":""1238048966363680"",""update_time"":""2025-01-06T08:00:00.000Z"",""confidence"":0.7927927927927928}]","[{""property"":"""",""dataset"":""FourSquare"",""record_id"":""50417077e4b02607d05b27d5"",""update_time"":""2024-08-07T00:00:00.000"",""confidence"":1.0}]",false,false,false,false,false,false,false,false
normalization_equivalent,spacing,08f3d10659ace963033a606f24f0a417,Treebo Trend GK Residency,Treebo Trend G K Residency,25,26,1,4,5,1,6/1 Chander Nagar Road,"6/3 Chandra Nagar Rd, Near Prince Chowk, C-17B/18, M.P. Shah Municipal Indus Estate, Saru Section Road",Dehradun,,hotel,resort,0.9918379237288135,0.77,"[{""property"":"""",""dataset"":""meta"",""record_id"":""349539065626742"",""update_time"":""2025-01-06T00:00:00.000Z""},{""property"":""/properties/existence"",""dataset"":""msft"",""record_id"":""562949965699303"",""update_time"":""2025-01-06T00:00:00.000Z""}]","[{""dataset"":""Microsoft"",""record_id"":""562949965699303"",""update_time"":""2024-02-20T07:13:03.58"",""confidence"":0.77}]",false,false,false,false,false,false,false,false
normalization_equivalent,spacing,08f44e38ed4518540380d8904cd5b34a,Early County Courthouse,Early County Court House,23,24,1,3,4,1,150 Court Sq,17 McDonald Ave,Blakely,GA,courthouse,Community and Government > Government Building > Courthouse,0.9445655559015883,1.0,"[{""property"":"""",""dataset"":""meta"",""record_id"":""1507607442876887"",""update_time"":""2025-01-06T08:00:00.000Z"",""confidence"":0.9445655559015883}]","[{""property"":"""",""dataset"":""FourSquare"",""record_id"":""4f4d16a0e4b063a3e13ccd17"",""update_time"":""2024-06-24T00:00:00.000"",""confidence"":1.0}]",false,false,false,false,false,false,false,false
normalization_equivalent,spacing,08f450accd28936d03732c5a0c289e23,MakiMori,Maki Mori,8,9,1,1,2,1,5ta Avenida Norte 34,"77720, Zazil-ha, 77720",Playa del Carmen,,japanese_restaurant,Dining and Drinking > Restaurant > Asian Restaurant > Japanese Restaurant > Sushi Restaurant,0.6214335421016005,1.0,"[{""property"":"""",""dataset"":""meta"",""record_id"":""151675351352723"",""update_time"":""2025-01-06T08:00:00.000Z"",""confidence"":0.6214335421016005}]","[{""property"":"""",""dataset"":""FourSquare"",""record_id"":""657de12dfa282a7042c70eb1"",""update_time"":""2023-12-16T00:00:00.000"",""confidence"":1.0}]",false,false,false,false,false,false,false,false
normalization_equivalent,spacing,08f498ed76d5c9910311aee52ebc06bc,SUMA LIFT,SUMALIFT,9,8,-1,2,1,-1,"FRANCISCO DE UREÑA #102",Francisco villa 4321 León 1,León,Guanajuato,industrial_equipment,Business and Professional Services > Business Center,0.77,1.0,"[{""property"":"""",""dataset"":""Microsoft"",""record_id"":""2251799819048860"",""update_time"":""2019-04-01T16:34:53.350Z"",""confidence"":0.77}]","[{""property"":"""",""dataset"":""FourSquare"",""record_id"":""5c9a6ce01ffed7002c8dfd01"",""update_time"":""2023-09-12T00:00:00.000"",""confidence"":1.0}]",false,false,false,false,false,false,false,false
normalization_equivalent,spacing,08f4994ad07746e8036df3a0d1fd3ccb,Securitycar,Security car,11,12,1,1,2,1,Avenida 31 Poniente 2519,31 Pte 2519,Puebla,PUE,automotive_parts_and_accessories,Business and Professional Services > Automotive Service > Automotive Repair Shop,0.28671328671328666,1.0,"[{""property"":"""",""dataset"":""meta"",""record_id"":""765933453502601"",""update_time"":""2025-01-06T08:00:00.000Z"",""confidence"":0.2867132867132867}]","[{""property"":"""",""dataset"":""FourSquare"",""record_id"":""4e21db3d483b041af1f17ffb"",""update_time"":""2023-12-20T00:00:00.000"",""confidence"":1.0}]",false,false,false,false,false,false,false,false
normalization_equivalent,spacing,08f499daaeaf338203c61a044f43c413,PezVaca,Pez Vaca,7,8,1,1,2,1,"Av. Potosí #670",,,,seafood_restaurant,Dining and Drinking > Restaurant > Seafood Restaurant,0.9908651262761956,1.0,"[{""property"":"""",""dataset"":""meta"",""record_id"":""190619128213595"",""update_time"":""2025-01-06T08:00:00.000Z"",""confidence"":0.9908651262761956}]","[{""property"":"""",""dataset"":""FourSquare"",""record_id"":""5b4152b7237dee002cd99e88"",""update_time"":""2020-11-23T00:00:00.000"",""confidence"":1.0}]",false,false,false,false,false,false,false,false
normalization_equivalent,spacing,08f603386c39180c0336a0e2bf35395b,Idine Chettinad Virundhu,I Dine Chettinad Virundhu,24,25,1,3,4,1,7 Devi & Co Lane,Geetha Hall Road,Coimbatore,,indian_restaurant,Dining and Drinking > Restaurant > Indian Restaurant > South Indian Restaurant,0.9467515923566879,1.0,"[{""property"":"""",""dataset"":""meta"",""record_id"":""179443762758526"",""update_time"":""2025-01-06T08:00:00.000Z"",""confidence"":0.9467515923566879}]","[{""property"":"""",""dataset"":""FourSquare"",""record_id"":""5c3c4356535d6f002c62e98a"",""update_time"":""2023-12-21T00:00:00.000"",""confidence"":1.0}]",false,false,false,false,false,false,false,false
normalization_equivalent,spacing,08f6482c6e0d460c037f35bbded49a44,Moshi CoffeeBar,MoshiCoffeeBar,15,14,-1,2,1,-1,,,,,coffee_shop,"Dining and Drinking > Cafe, Coffee, and Tea House > Coffee Shop",0.7927927927927928,1.0,"[{""property"":"""",""dataset"":""meta"",""record_id"":""617039071722479"",""update_time"":""2025-01-06T08:00:00.000Z"",""confidence"":0.7927927927927928}]","[{""property"":"""",""dataset"":""FourSquare"",""record_id"":""54317eb1498ed2ae5819d5a1"",""update_time"":""2020-11-30T00:00:00.000"",""confidence"":1.0}]",false,false,false,false,false,false,false,false
normalization_equivalent,spacing,08f6505096d0c1b503af0fc23cd0d011,Ascend 1,Ascend1,8,7,-1,2,1,-1,8 Jalan 3/91A,,Kuala Lumpur,,health_and_medical,Business and Professional Services > Office,0.48103896103896104,1.0,"[{""property"":"""",""dataset"":""meta"",""record_id"":""375627529804169"",""update_time"":""2025-01-06T08:00:00.000Z"",""confidence"":0.48103896103896104}]","[{""property"":"""",""dataset"":""FourSquare"",""record_id"":""5fe418e137efff39d00ffa16"",""update_time"":""2020-12-24T00:00:00.000"",""confidence"":1.0}]",false,false,false,false,false,false,false,false
normalization_equivalent,spacing,08f6515334b4ed5a0366cedaf4c122fb,HemBurger,Hem Burger,9,10,1,1,2,1,a&w batu burok,,Kuala Terengganu,,burger_restaurant,Dining and Drinking > Restaurant > Burger Joint,0.7927927927927928,1.0,"[{""property"":"""",""dataset"":""meta"",""record_id"":""253415951923427"",""update_time"":""2025-01-06T08:00:00.000Z"",""confidence"":0.7927927927927928}]","[{""property"":"""",""dataset"":""FourSquare"",""record_id"":""61a765af88049e706c391d96"",""update_time"":""2021-12-01T00:00:00.000"",""confidence"":1.0}]",false,false,false,false,false,false,false,false
normalization_equivalent,spacing,08f806a3a6c1279103bd64ca153416f3,A Credilar,Acredilar,10,9,-1,2,1,-1,"Avenida Santana, 958","Av.: Santana, 958",Santana,AP,electronics,Retail > Miscellaneous Store,0.28671328671328666,1.0,"[{""property"":"""",""dataset"":""meta"",""record_id"":""102154996850429"",""update_time"":""2025-01-06T08:00:00.000Z"",""confidence"":0.2867132867132867}]","[{""property"":"""",""dataset"":""FourSquare"",""record_id"":""4f71cc73e4b09e60f8ab625c"",""update_time"":""2020-11-24T00:00:00.000"",""confidence"":1.0}]",false,false,false,false,false,false,false,false
normalization_equivalent,spacing,08f8b863004a2b2203f2341952e1ddd1,DelMoro Supermercados,Del Moro Supermercados,21,22,1,2,3,1,"Rua Belo Horizonte, 94","Av. Belo Horizonte, 94, Centro Sul",Sorriso,MT,supermarket,Retail > Food and Beverage Retail > Supermarket,0.7927927927927928,1.0,"[{""property"":"""",""dataset"":""meta"",""record_id"":""370330453632009"",""update_time"":""2025-01-06T08:00:00.000Z"",""confidence"":0.7927927927927928}]","[{""property"":"""",""dataset"":""FourSquare"",""record_id"":""4d31d72fc75a6ea8b63208ae"",""update_time"":""2020-11-30T00:00:00.000"",""confidence"":1.0}]",false,false,false,false,false,false,false,false
normalization_equivalent,spacing,08f8c100e5135acc0320b9849219dda3,TerasCorner,Teras Corner,11,12,1,1,2,1,@BTM,@BTM,Bogor,,cafe,Arts and Entertainment > Arcade,0.7927927927927928,1.0,"[{""property"":"""",""dataset"":""meta"",""record_id"":""758049914244880"",""update_time"":""2025-01-06T08:00:00.000Z"",""confidence"":0.7927927927927928}]","[{""property"":"""",""dataset"":""FourSquare"",""record_id"":""4cac53bf44a8224b6f2e3240"",""update_time"":""2024-07-15T00:00:00.000"",""confidence"":1.0}]",false,false,false,false,false,false,false,false
normalization_equivalent,spacing,08fa813b508ec17603a105e2cbc56ece,NovaCordis,Nova Cordis,10,11,1,1,2,1,"Avenida José Pedro de Oliveira, 163","Av. José Paulino, 2625",Paulínia,SP,hospital,Health and Medicine > Medical Center,0.7927927927927928,1.0,"[{""property"":"""",""dataset"":""meta"",""record_id"":""1618517078413309"",""update_time"":""2025-01-06T08:00:00.000Z"",""confidence"":0.7927927927927928}]","[{""property"":"""",""dataset"":""FourSquare"",""record_id"":""5d44542245ec8c0008df10d5"",""update_time"":""2020-11-22T00:00:00.000"",""confidence"":1.0}]",false,false,false,false,false,false,false,false
normalization_equivalent,spacing,08fa8f079c5740c003cee9234f02d70e,Rei do Pão D' Queijo,Rei do Pao d'Queijo,20,19,-1,5,4,-1,"Rua Gerson Coutinho, 475","Rua Gerson Coutinho da Silva, 529 lj 2",Coromandel,MG,diner,Dining and Drinking > Restaurant,0.6214335421016005,1.0,"[{""property"":"""",""dataset"":""meta"",""record_id"":""652379978136670"",""update_time"":""2025-01-06T08:00:00.000Z"",""confidence"":0.6214335421016005}]","[{""property"":"""",""dataset"":""FourSquare"",""record_id"":""f5e260aed37b444fa08b3b78"",""update_time"":""2023-12-06T00:00:00.000"",""confidence"":1.0}]",false,false,false,false,false,false,false,false
normalization_equivalent,spacing,08f2e2b64130c448034229ed167cb076,花とお茶 ときいろ,花とお茶　ときいろ,9,9,0,2,1,-1,山形県山形市七日町２丁目４−８,4-8 七日町2丁目,山形市,,cafe,"Dining and Drinking > Cafe, Coffee, and Tea House > Café",0.48103896103896104,1.0,"[{""property"":"""",""dataset"":""meta"",""record_id"":""111188351006392"",""update_time"":""2025-01-06T08:00:00.000Z"",""confidence"":0.48103896103896104}]","[{""property"":"""",""dataset"":""FourSquare"",""record_id"":""6030c8c3147c3e2a89e9c072"",""update_time"":""2021-02-20T00:00:00.000"",""confidence"":1.0}]",false,false,false,false,false,false,false,false
normalization_equivalent,spacing,08f2e60540ad52740344132b1f92af84,スナック　ほしや,スナック ほしや,8,8,0,1,2,1,中区栄4-12-20 栄ストーンビル6B,中区栄 4丁目 12-20,Nagoya-shi,23,sake_bar,,0.7927927927927928,1.0,"[{""property"":"""",""dataset"":""meta"",""record_id"":""107470048357898"",""update_time"":""2025-01-06T08:00:00.000Z"",""confidence"":0.7927927927927928}]","[{""property"":"""",""dataset"":""FourSquare"",""record_id"":""3fb8c69a0b837c278750a762"",""update_time"":""2024-06-07T00:00:00.000"",""confidence"":1.0}]",false,false,false,false,false,false,false,false
normalization_equivalent,spacing,08f2e6101aa2c700036fe621dd9e932c,牛角　萱島店,牛角 萱島店,6,6,0,1,2,1,大阪府寝屋川市下神田町１６−１５,下神田町16-15,寝屋川市,,barbecue_restaurant,Dining and Drinking > Restaurant > BBQ Joint,0.9645127118644068,1.0,"[{""property"":"""",""dataset"":""meta"",""record_id"":""189523421099308"",""update_time"":""2025-01-06T08:00:00.000Z"",""confidence"":0.9645127118644068}]","[{""property"":"""",""dataset"":""FourSquare"",""record_id"":""4eaa86a7490158448987789a"",""update_time"":""2024-08-07T00:00:00.000"",""confidence"":1.0}]",false,false,false,false,false,false,false,false
normalization_equivalent,spacing,08f2e6151a723c5103d08e98e7ded4a2,和・菓ふぇ　oto,和・菓ふぇ oto,9,9,0,1,2,1,滋賀県草津市野路東５丁目２５−２１,滋賀県草津市野路東 5丁目 25-21,草津市,,japanese_restaurant,"Dining and Drinking > Cafe, Coffee, and Tea House > Café",0.9649446494464945,1.0,"[{""property"":"""",""dataset"":""meta"",""record_id"":""117420161385963"",""update_time"":""2025-01-06T08:00:00.000Z"",""confidence"":0.9649446494464945}]","[{""property"":"""",""dataset"":""FourSquare"",""record_id"":""631ab4cac4138257c835c6ec"",""update_time"":""2022-10-03T00:00:00.000"",""confidence"":1.0}]",false,false,false,false,false,false,false,false
normalization_equivalent,spacing,08f2f5a2e378850103c51002a7155f99,基別邸　古楽庵,基別邸 古楽庵,7,7,0,1,2,1,埼玉県上尾市平方領々家７０−１,平方領々家70-1,上尾市,,japanese_restaurant,Dining and Drinking > Restaurant > Asian Restaurant > Japanese Restaurant,0.7927927927927928,1.0,"[{""property"":"""",""dataset"":""meta"",""record_id"":""101037131728792"",""update_time"":""2025-01-06T08:00:00.000Z"",""confidence"":0.7927927927927928}]","[{""property"":"""",""dataset"":""FourSquare"",""record_id"":""5faa6fa17fbca85a6ca0acc1"",""update_time"":""2024-08-07T00:00:00.000"",""confidence"":1.0}]",false,false,false,false,false,false,false,false
normalization_equivalent,spacing,08f2f5aa91d808f303baa5e8aa5462ce,デイリーヤマザキ　市川二俣新町店,デイリーヤマザキ 市川二俣新町店,16,16,0,1,2,1,二俣678-67,二俣678-67,Ichikawa-shi,12,convenience_store,Retail > Convenience Store,0.48103896103896104,1.0,"[{""property"":"""",""dataset"":""meta"",""record_id"":""337319549731574"",""update_time"":""2025-01-06T08:00:00.000Z"",""confidence"":0.48103896103896104}]","[{""property"":"""",""dataset"":""FourSquare"",""record_id"":""4d4631a34e5d37047074ff93"",""update_time"":""2024-08-07T00:00:00.000"",""confidence"":1.0}]",false,false,false,false,false,false,false,false
normalization_equivalent,spacing,08f4b615540f61a303baa64a6ce13193,麺屋 克,麺屋　克,4,4,0,2,1,-1,高知県四万十市渡川２丁目９−３,〒787-0050 高知県四万十市渡川２丁目９,四万十市,,japanese_restaurant,Dining and Drinking > Restaurant > Asian Restaurant > Japanese Restaurant > Ramen Restaurant,0.9544061302681992,1.0,"[{""property"":"""",""dataset"":""meta"",""record_id"":""481089298697623"",""update_time"":""2025-01-06T08:00:00.000Z"",""confidence"":0.9544061302681992}]","[{""property"":"""",""dataset"":""FourSquare"",""record_id"":""62c8ecf2c450f134c790e9d4"",""update_time"":""2022-07-09T00:00:00.000"",""confidence"":1.0}]",false,false,false,false,false,false,false,false
normalization_equivalent,spacing,08fa8100d98abd1c031cef4f718ca8bd,espaco.brazuca,Espaço Brazuca,14,14,0,1,2,1,"Rua Banco das Palmas, 145","Rua Banco das Palmas, 145",São Paulo,SP,restaurant,Dining and Drinking > Restaurant,0.28686635944700467,1.0,"[{""property"":"""",""dataset"":""meta"",""record_id"":""105243402239002"",""update_time"":""2025-01-06T08:00:00.000Z"",""confidence"":0.2868663594470046}]","[{""property"":"""",""dataset"":""FourSquare"",""record_id"":""64161bd5884025394eaba313"",""update_time"":""2023-06-15T00:00:00.000"",""confidence"":1.0}]",false,false,false,false,false,false,false,false
normalization_equivalent,spelling,844424933252698,Meineke Car Care Center,Meineke Car Care Centre,23,23,0,4,4,0,6512 75th Street,6512 75th Street,Edmonton,AB,tire_shop,tire_shop,0.77,0.77,"[{""dataset"":""Microsoft"",""record_id"":""844424933252698"",""update_time"":""2024-10-13T12:40:37.71"",""confidence"":0.77}]","[{""dataset"":""Microsoft"",""record_id"":""844424933359052"",""update_time"":""2022-04-01T13:17:22.97"",""confidence"":0.77}]",false,false,false,false,false,false,false,false
normalization_equivalent,typo,08f485bb0805d1b503b342847dc4f71d,La Taquiza de Mario,"La Taquiza de Mario #2",19,22,3,4,5,1,Calzada Aviación 1258,Calz Cuauhtemoc,Mexicali,,mexican_restaurant,Dining and Drinking > Restaurant > Mexican Restaurant > Taco Restaurant,0.9837452982267598,1.0,"[{""property"":"""",""dataset"":""meta"",""record_id"":""106999717645832"",""update_time"":""2025-01-06T08:00:00.000Z"",""confidence"":0.9837452982267598}]","[{""property"":"""",""dataset"":""FourSquare"",""record_id"":""4d3cf20914aa8cfa78e2ae5e"",""update_time"":""2020-11-25T00:00:00.000"",""confidence"":1.0}]",false,false,false,false,false,false,false,false
normalization_equivalent,typo,08f8e75a4a34a98303c9ece2827f9d5a,Hotel&Bugalows El Mirador,Hotel & Bungalows El Mirador,25,28,3,3,5,2,"Av. Santa Rosa MZ A10 Lotes 23,24 y 25 Puerto Pachacutec Ventanilla el Callao","Av. Santa Rosa Mz. A10 Lote 23,24,25 AAHH Puerto Pachacutec Ventanilla CALLAO 6",Lima,,beach_resort,hotel,0.3941504178272981,0.28671328671328666,"[{""property"":"""",""dataset"":""meta"",""record_id"":""191124788175377"",""update_time"":""2025-01-06T00:00:00.000Z""}]","[{""property"":"""",""dataset"":""meta"",""record_id"":""561581197530637"",""update_time"":""2025-01-06T00:00:00.000Z""}]",false,false,false,false,false,false,false,false
normalization_equivalent,typo,08f29a0a6e2654cd03c7fe425f193cab,Holiday 1 Hour Cleaners,Holiday 1 Hr Cleaners,23,21,-2,4,4,0,11131 1st Ave,11131 1st Ave,Whittier,CA,dry_cleaning,Business and Professional Services > Laundry Service,0.9837452982267598,1.0,"[{""property"":"""",""dataset"":""meta"",""record_id"":""106308293047874"",""update_time"":""2025-01-06T08:00:00.000Z"",""confidence"":0.9837452982267598}]","[{""property"":"""",""dataset"":""FourSquare"",""record_id"":""4cd200ce1ac7a1cde2812292"",""update_time"":""2024-10-15T00:00:00.000"",""confidence"":1.0}]",false,false,false,false,false,false,false,false
normalization_equivalent,typo,08f2aa86b586910c0373eccaa109df1d,Buckman Road KinderCare,Buckman Rd KinderCare,23,21,-2,3,3,0,4287 Buckman Rd,4287 Buckman Rd,Alexandria,VA,preschool,preschool,0.9962614185921548,0.77,"[{""property"":"""",""dataset"":""meta"",""record_id"":""167352279942520"",""update_time"":""2025-01-06T00:00:00.000Z""},{""property"":""/properties/existence"",""dataset"":""msft"",""record_id"":""844424930819431"",""update_time"":""2025-01-06T00:00:00.000Z""},{""property"":""/properties/existence"",""dataset"":""msft"",""record_id"":""562949956621309"",""update_time"":""2025-01-06T00:00:00.000Z""}]","[{""dataset"":""Microsoft"",""record_id"":""844424930819431"",""update_time"":""2014-10-20T18:48:02.53"",""confidence"":0.77}]",false,false,false,false,false,false,false,false
normalization_equivalent,typo,08f391e668030210035f021852dabca1,Plenoil Conil de la Frontera I,Plenoil Conil de la Frontera,30,28,-2,6,5,-1,Carr. del Pradillo,,Conil de la Frontera,Cádiz,gas_station,Travel and Transportation > Fuel Station,0.77,1.0,"[{""property"":"""",""dataset"":""Microsoft"",""record_id"":""1688849865691576"",""update_time"":""2024-07-06T13:09:13.967Z"",""confidence"":0.77}]","[{""property"":"""",""dataset"":""FourSquare"",""record_id"":""656608c34c88e83bae53a8c7"",""update_time"":""2023-11-28T00:00:00.000"",""confidence"":1.0}]",false,false,false,false,false,false,false,false
normalization_equivalent,typo,08f3f35d597a5c6903c322481fd31e19,Farmacia Città Satellite,Farmacia Città Satellite 2,24,26,2,3,4,1,"Strada San Teodoro, 113",Stradale San Giorgio 113,Catania,82,pharmacy,Retail > Drugstore,0.9837452982267598,1.0,"[{""property"":"""",""dataset"":""meta"",""record_id"":""908389489208693"",""update_time"":""2025-01-06T08:00:00.000Z"",""confidence"":0.9837452982267598}]","[{""property"":"""",""dataset"":""FourSquare"",""record_id"":""48a37e2004f14a76786dab51"",""update_time"":""2024-09-21T00:00:00.000"",""confidence"":1.0}]",false,false,false,false,false,false,false,false
normalization_equivalent,typo,08f499586b644a620342160687c22f5f,Vulcanizadora Victoria,Vulcanizadora Víctor,22,20,-2,2,2,0,Emiliano Zapata 30,Emiliano Zapata,,,automotive_repair,Business and Professional Services > Automotive Service > Automotive Repair Shop,0.9467515923566879,1.0,"[{""property"":"""",""dataset"":""meta"",""record_id"":""1071290679590165"",""update_time"":""2025-01-06T08:00:00.000Z"",""confidence"":0.9467515923566879}]","[{""property"":"""",""dataset"":""FourSquare"",""record_id"":""503b7f14e4b06ee16f3d3257"",""update_time"":""2023-06-15T00:00:00.000"",""confidence"":1.0}]",false,false,false,false,false,false,false,false
normalization_equivalent,typo,08fa81a6f4b802a80347b8d9be9d2e51,Academia Atlantica,Academia Atlanta,18,16,-2,2,2,0,"Rua Líbero Badaró, 1399",Av. Libero Badaró,Franca,SP,gym,Sports and Recreation > Gym and Studio,0.7927927927927928,1.0,"[{""property"":"""",""dataset"":""meta"",""record_id"":""549651461725370"",""update_time"":""2025-01-06T08:00:00.000Z"",""confidence"":0.7927927927927928}]","[{""property"":"""",""dataset"":""FourSquare"",""record_id"":""4f71dcfce4b037626fb0c4f0"",""update_time"":""2023-12-20T00:00:00.000"",""confidence"":1.0}]",false,false,false,false,false,false,false,false
normalization_equivalent,typo,08f195e2017138a60344368b12283837,Hanson Aggregrates,Hanson Aggregates,18,17,-1,2,2,0,Builth Wells Quarry,Llanelwedd,,,commercial_industrial,cement_supplier,0.3941504178272981,0.77,"[{""property"":"""",""dataset"":""meta"",""record_id"":""368025063316415"",""update_time"":""2025-01-06T00:00:00.000Z""}]","[{""property"":"""",""dataset"":""msft"",""record_id"":""1125899908972677"",""update_time"":""2025-01-06T00:00:00.000Z""}]",false,false,false,false,false,false,false,false
normalization_equivalent,typo,08f1969cc9a2a00e03569e067c20d080,Kleinschalig Kinderdagverblijf Fier,kleinschalig kinderdagveblijf fier,35,34,-1,3,3,0,Poststraat 4E,Poststraat 4 E,Bussum,,day_care_preschool,Business and Professional Services > Child Care Service > Daycare,0.9837452982267598,1.0,"[{""property"":"""",""dataset"":""meta"",""record_id"":""237750056360235"",""update_time"":""2025-01-06T08:00:00.000Z"",""confidence"":0.9837452982267598}]","[{""property"":"""",""dataset"":""FourSquare"",""record_id"":""53598126498edf32b0f4321d"",""update_time"":""2024-04-17T00:00:00.000"",""confidence"":1.0}]",false,false,false,false,false,false,false,false
normalization_equivalent,typo,08f1e8509086834603d4d09f48b6ba33,Agritursmo Tenuta Borgio,Agriturismo Tenuta Borgio,24,25,1,3,3,0,"Frazione Ulibra, 44",Frazione Olibra 55,Venarotta,57,accommodation,Travel and Transportation > Lodging > Cabin,0.6214335421016005,1.0,"[{""property"":"""",""dataset"":""meta"",""record_id"":""225490294667690"",""update_time"":""2025-01-06T08:00:00.000Z"",""confidence"":0.6214335421016005}]","[{""property"":"""",""dataset"":""FourSquare"",""record_id"":""c5b471ce9f42479a03acc9d8"",""update_time"":""2024-07-03T00:00:00.000"",""confidence"":1.0}]",false,false,false,false,false,false,false,false
normalization_equivalent,typo,08f1ea51035b162d0343203da2b4dfcd,Al Pont De Fero,Al Pon de fero,15,14,-1,4,4,0,"Via Roma, 116",Via Roma 116,Prata di Pordenone,36,bar,Dining and Drinking > Bar,0.9544061302681992,1.0,"[{""property"":"""",""dataset"":""meta"",""record_id"":""105991269465087"",""update_time"":""2025-01-06T08:00:00.000Z"",""confidence"":0.9544061302681992}]","[{""property"":"""",""dataset"":""FourSquare"",""record_id"":""56a49b79498ea733b308ff6f"",""update_time"":""2024-07-03T00:00:00.000"",""confidence"":1.0}]",false,false,false,false,false,false,false,false
normalization_equivalent,typo,08f1eb535017124e034ea6a8818ccedc,Istituto Figlie di San Francesco,Istituto Figlie di S. Francesco,32,31,-1,5,5,0,"Via Andrea Pisano, 56",Via Andrea Pisano 56,Pisa,52,preschool,Community and Government > Spiritual Center > Church,0.9837452982267598,1.0,"[{""property"":"""",""dataset"":""meta"",""record_id"":""103473618750117"",""update_time"":""2025-01-06T08:00:00.000Z"",""confidence"":0.9837452982267598}]","[{""property"":"""",""dataset"":""FourSquare"",""record_id"":""f81b31e7be7c495d3d608265"",""update_time"":""2024-07-03T00:00:00.000"",""confidence"":1.0}]",false,false,false,false,false,false,false,false
normalization_equivalent,typo,08f1f154855142f303cb8f57cae883bc,HWV Hanseatische Wirtschafts- und Vertriebsgesellschaft für Ärztebedarf R. Blome GmbH,HWV Hanseatische Wirtschafts- und Vertriebsgesellschaft für Ärztebedarf R. Blome mbH,85,84,-1,10,10,0,Johann-von-Bodeck-Str. 9,Johann-von-Bodeck-Str. 9,Bremen,"",wholesaler,Business and Professional Services > Business Service,0.77,1.0,"[{""property"":"""",""dataset"":""Microsoft"",""record_id"":""562949960840690"",""update_time"":""2024-09-13T00:32:36.727Z"",""confidence"":0.77}]","[{""property"":"""",""dataset"":""FourSquare"",""record_id"":""5717bee5498e8e4ba8b87ff8"",""update_time"":""2021-08-14T00:00:00.000"",""confidence"":1.0}]",false,false,true,false,false,false,true,true
normalization_equivalent,typo,08f1f9b080b03da00364ea8dc06fb226,La Bottega delle Mercerie,La Bottegha delle Mercerie,25,26,1,4,4,0,"Via Gaetano Donizetti, 28/r",Via Donizetti 28 R,Genova,42,fashion,Retail > Arts and Crafts Store,0.9837452982267598,1.0,"[{""property"":"""",""dataset"":""meta"",""record_id"":""1770417083192338"",""update_time"":""2025-01-06T08:00:00.000Z"",""confidence"":0.9837452982267598}]","[{""property"":"""",""dataset"":""FourSquare"",""record_id"":""111c964c986b470917312987"",""update_time"":""2024-07-03T00:00:00.000"",""confidence"":1.0}]",false,false,false,false,false,false,false,false
normalization_equivalent,typo,08f2759aced4d4e303dbbf47b9bb881e,Wescott School,Westcott School,14,15,1,2,2,0,1820 Western Ave,1820 Western Ave,Northbrook,IL,elementary_school,Community and Government > Education,0.9837452982267598,1.0,"[{""property"":"""",""dataset"":""meta"",""record_id"":""1397244540566829"",""update_time"":""2025-01-06T08:00:00.000Z"",""confidence"":0.9837452982267598}]","[{""property"":"""",""dataset"":""FourSquare"",""record_id"":""4c0fe919f1b6a593510c7b27"",""update_time"":""2024-10-14T00:00:00.000"",""confidence"":1.0}]",false,false,false,false,false,false,false,false
normalization_equivalent,typo,08f29a40b44b490003beab94cd374cbb,City Of Santee Fire Station 5,"City of Santee Fire Station #1",29,30,1,6,6,0,9130 Carlton Oaks Dr,9130 Carlton Oaks Dr,Santee,CA,fire_department,Community and Government > Government Building > Law Enforcement and Public Safety > Fire Station,0.9837452982267598,1.0,"[{""property"":"""",""dataset"":""meta"",""record_id"":""1020226548040193"",""update_time"":""2025-01-06T08:00:00.000Z"",""confidence"":0.9837452982267598}]","[{""property"":"""",""dataset"":""FourSquare"",""record_id"":""4d796fafc307a35d00984431"",""update_time"":""2024-05-21T00:00:00.000"",""confidence"":1.0}]",false,false,false,false,false,false,false,false
normalization_equivalent,typo,08f2aa6d8e0d0a450398f2b2725ab488,"Mark C Massaro - Ameriprise Financial Services, Inc.","Mark C Massaro - Ameriprise Financial Services, LLC",52,51,-1,8,8,0,17 Limestone Dr Ste 8,17 Limestone Dr Ste 8,Williamsville,NY,divorce_and_family_law,Business and Professional Services > Financial Service,0.77,1.0,"[{""property"":"""",""dataset"":""Microsoft"",""record_id"":""1407374884413649"",""update_time"":""2015-04-08T21:32:56.010Z"",""confidence"":0.77}]","[{""property"":"""",""dataset"":""FourSquare"",""record_id"":""4e936b6b6c25b073b8100759"",""update_time"":""2024-10-12T00:00:00.000"",""confidence"":1.0}]",false,false,true,true,false,false,false,false
normalization_equivalent,typo,08f2ab13b0d0e901037694635b1be2ed,First General Services of Western PA,First General Service Of Western PA,36,35,-1,6,6,0,712 Spearman Ave,712 Spearman Ave,Farrell,PA,damage_restoration,damage_restoration,0.77,0.77,"[{""property"":"""",""dataset"":""msft"",""record_id"":""844424930833220"",""update_time"":""2025-01-06T00:00:00.000Z""},{""property"":""/properties/existence"",""dataset"":""msft"",""record_id"":""562949964417634"",""update_time"":""2025-01-06T00:00:00.000Z""}]","[{""dataset"":""Microsoft"",""record_id"":""562949964417634"",""update_time"":""2024-10-19T12:25:34.66"",""confidence"":0.77}]",false,false,false,false,false,false,false,false
normalization_equivalent,typo,08f44a82ab1838a3034910ae3db51e7f,Wings of Grace Thrift & More,Wings Of Grace Thrift Store,28,27,-1,6,5,-1,1276 Sarno Rd,,Melbourne,FL,thrift_store,Retail > Vintage and Thrift Store,0.9837452982267598,1.0,"[{""property"":"""",""dataset"":""meta"",""record_id"":""103689015107630"",""update_time"":""2025-01-06T08:00:00.000Z"",""confidence"":0.9837452982267598}]","[{""property"":"""",""dataset"":""FourSquare"",""record_id"":""6113de90271ddc7291ceeab3"",""update_time"":""2024-10-14T00:00:00.000"",""confidence"":1.0}]",false,false,false,false,false,false,false,false
normalization_equivalent,typo,08f4995b0615349d038ea489903be3a6,ZonaSuples,Zonsasuples,10,11,1,1,1,0,Calle Héctor Victoria 232,Av hector victoria 232,Cuajimalpa de Morelos,CMX,vitamins_and_supplements,Retail > Supplement Store,0.9645127118644068,1.0,"[{""property"":"""",""dataset"":""meta"",""record_id"":""359457481123259"",""update_time"":""2025-01-06T08:00:00.000Z"",""confidence"":0.9645127118644068}]","[{""property"":"""",""dataset"":""FourSquare"",""record_id"":""633f0568a7605b47d232d6db"",""update_time"":""2023-09-13T00:00:00.000"",""confidence"":1.0}]",false,false,false,false,false,false,false,false
normalization_equivalent,typo,08f652626c204ca803a6b79152609ce4,Kozi Hotel,Kozi Hotels,10,11,1,2,2,0,2 Jalan Skudai,"03, Block 6, Danga Bay",Johor Bahru,,hotel,Travel and Transportation > Lodging > Hotel,0.7927927927927928,1.0,"[{""property"":"""",""dataset"":""meta"",""record_id"":""306101879518229"",""update_time"":""2025-01-06T08:00:00.000Z"",""confidence"":0.7927927927927928}]","[{""property"":"""",""dataset"":""FourSquare"",""record_id"":""4c95d144f244b1f72a4d2f1d"",""update_time"":""2023-12-21T00:00:00.000"",""confidence"":1.0}]",false,false,false,false,false,false,false,false
normalization_equivalent,typo,08f8189b2dd4360503d89a3c003d8bc0,Lyh Perfumes e Presentes,Lyh Perfume e Presentes,24,23,-1,4,4,0,Av. José Milton de Morais,Av. José Milton de Morais,Pereiro,CE,flowers_and_gifts_shop,Retail > Gift Store,0.3941504178272981,1.0,"[{""property"":"""",""dataset"":""meta"",""record_id"":""1806507559571991"",""update_time"":""2025-01-06T08:00:00.000Z"",""confidence"":0.39415041782729804}]","[{""property"":"""",""dataset"":""FourSquare"",""record_id"":""58133c3138faf033ee239b5d"",""update_time"":""2020-11-26T00:00:00.000"",""confidence"":1.0}]",false,false,false,false,false,false,false,false
normalization_equivalent,typo,08fa89dda8aa4a4003c010e672fafdbc,Paulinhu'S Burguer,Paulinho's Burger,18,17,-1,2,2,0,"Rua Matatias Gomes, 386",Rua Matatias Gomes 386 s Pedro,Governador Valadares,MG,restaurant,Dining and Drinking > Restaurant,0.28686635944700467,1.0,"[{""property"":"""",""dataset"":""meta"",""record_id"":""143191222420634"",""update_time"":""2025-01-06T08:00:00.000Z"",""confidence"":0.2868663594470046}]","[{""property"":"""",""dataset"":""FourSquare"",""record_id"":""a44499c365f14ff42fa9af8d"",""update_time"":""2023-12-06T00:00:00.000"",""confidence"":1.0}]",false,false,false,false,false,false,false,false
normalization_equivalent,typo,08f26610dd02e62b03cb2f6c44b0c9b4,The Maids of Greenwood and Terre Haute,The Maids in Greenwood and Terre Haute,38,38,0,7,7,0,3197 S US Highway 231,"3197 S US 231, Unit B",Greencastle,IN,home_cleaning,home_cleaning,0.9877528662420382,0.77,"[{""property"":"""",""dataset"":""meta"",""record_id"":""180139912091219"",""update_time"":""2025-01-06T00:00:00.000Z""},{""property"":""/properties/existence"",""dataset"":""msft"",""record_id"":""1125899911498798"",""update_time"":""2025-01-06T00:00:00.000Z""}]","[{""dataset"":""Microsoft"",""record_id"":""1125899911498798"",""update_time"":""2024-12-08T04:05:24.45"",""confidence"":0.77}]",false,false,false,false,false,false,false,false
normalization_equivalent,typo,08f2e74983d968c003394c0f7f37c9ba,ミカモラィディングクラブ,ミカモライディングクラブ,12,12,0,1,1,0,栃木県栃木市藤岡町甲２６３９,藤岡町甲2639,栃木市,,active_life,Sports and Recreation,0.9837452982267598,1.0,"[{""property"":"""",""dataset"":""meta"",""record_id"":""1530294577233863"",""update_time"":""2025-01-06T08:00:00.000Z"",""confidence"":0.9837452982267598}]","[{""property"":"""",""dataset"":""FourSquare"",""record_id"":""4f80e6dd108191d6c1b7abad"",""update_time"":""2024-08-07T00:00:00.000"",""confidence"":1.0}]",false,false,false,false,false,false,false,false
normalization_equivalent,typo,08f2f5a6db2de6ee03f97c6dd76ee950,ヘアーサロンａ‐ｃｕｂｕ,ヘアーサロンa‐cubu,12,12,0,1,1,0,栃木県栃木市今泉町２丁目８−４２,今泉町2丁目8-42,栃木市,,beauty_and_spa,Business and Professional Services > Health and Beauty Service,0.9467515923566879,1.0,"[{""property"":"""",""dataset"":""meta"",""record_id"":""627438334130926"",""update_time"":""2025-01-06T08:00:00.000Z"",""confidence"":0.9467515923566879}]","[{""property"":"""",""dataset"":""FourSquare"",""record_id"":""4b2fc04ab33c4000b1b4dbbb"",""update_time"":""2024-08-07T00:00:00.000"",""confidence"":1.0}]",false,false,false,false,false,false,false,false
normalization_equivalent,typo,08f4995b9e3aba6c03df20d5c7b3d01a,"Escuela Secundaria Diurna 171 - ""Frida Kahlo""","Escuela Secundaria Diurna # 171 ""Frida Khalo""",45,45,0,7,7,0,Periferico,Periferico,Mexico City,,education,Community and Government > Education,0.7927927927927928,1.0,"[{""property"":"""",""dataset"":""meta"",""record_id"":""230188370328523"",""update_time"":""2025-01-06T08:00:00.000Z"",""confidence"":0.7927927927927928}]","[{""property"":"""",""dataset"":""FourSquare"",""record_id"":""4e4b12128130d11b72947d8f"",""update_time"":""2020-11-20T00:00:00.000"",""confidence"":1.0}]",false,false,false,false,false,false,false,false
normalization_equivalent,typo,08f49aa86aa4519a038f686a7731008d,Quiroz Impermeabilizantes y Recubrimientos,Quiroz Impermeabilizanets y Recubrimientos,42,42,0,4,4,0,Félix Torres Milanes 85,Felix Torres Milanes 85 s/n,Ciudad Guzmán,,shopping,Retail,0.9253962118283726,1.0,"[{""property"":"""",""dataset"":""meta"",""record_id"":""449870908470895"",""update_time"":""2025-01-06T08:00:00.000Z"",""confidence"":0.9253962118283726}]","[{""property"":"""",""dataset"":""FourSquare"",""record_id"":""5d879cdfdec247a1619f3603"",""update_time"":""2024-07-17T00:00:00.000"",""confidence"":1.0}]",false,false,false,false,false,false,false,false
normalization_equivalent,typo,08f4c89a415a309a03d56d43c499f24e,Gimnasio R&C,Gimnasio RYC,12,12,0,2,2,0,Autopista ramon Caceres,Autopista Ramon Caceres,Moca,,gym,Sports and Recreation > Gym and Studio > Gym,0.7927927927927928,1.0,"[{""property"":"""",""dataset"":""meta"",""record_id"":""272193712853024"",""update_time"":""2025-01-06T08:00:00.000Z"",""confidence"":0.7927927927927928}]","[{""property"":"""",""dataset"":""FourSquare"",""record_id"":""50aac7fd498e0d2c027b1837"",""update_time"":""2020-11-22T00:00:00.000"",""confidence"":1.0}]",false,false,false,false,false,false,false,false
normalization_equivalent,typo,08f64a090490cc4003349c28f205432a,คลีนิคบ้านหมอ,คลีนิกบ้านหมอ,13,13,0,1,1,0,,,,,health_and_medical,Health and Medicine > Physician > Doctor's Office,0.3941504178272981,1.0,"[{""property"":"""",""dataset"":""meta"",""record_id"":""106112059476891"",""update_time"":""2025-01-06T08:00:00.000Z"",""confidence"":0.39415041782729804}]","[{""property"":"""",""dataset"":""FourSquare"",""record_id"":""52a27c2011d22a79b0070ed8"",""update_time"":""2020-11-24T00:00:00.000"",""confidence"":1.0}]",false,false,false,false,false,false,false,false
normalization_equivalent,typo,08f64a4a166366150347a65308f3c1c4,ศูนย์การดำรงชีวิตอิสระคนพิการจังหวัดนนทบุรี,ศูนย์การดำรงชีวิตอิสระคนพิการจัวหวัดนนทบุรี,43,43,0,1,1,0,108/346 ซอย แสนผาสุก29,108/346 ซ. แสนผาสุก29,,,community_services_non_profits,Community and Government > Organization > Non-Profit Organization,0.3941504178272981,1.0,"[{""property"":"""",""dataset"":""meta"",""record_id"":""106945688422470"",""update_time"":""2025-01-06T08:00:00.000Z"",""confidence"":0.39415041782729804}]","[{""property"":"""",""dataset"":""FourSquare"",""record_id"":""5104fe87e4b040a88c881bc2"",""update_time"":""2020-11-24T00:00:00.000"",""confidence"":1.0}]",false,false,false,false,false,false,false,false
normalization_equivalent,typo,08f64b37869566c0036e39b102e83ed5,วัดสถารศ,วัดสถารส,8,8,0,1,1,0,,,,,buddhist_temple,Community and Government > Spiritual Center > Temple,0.7927927927927928,1.0,"[{""property"":"""",""dataset"":""meta"",""record_id"":""664130283677963"",""update_time"":""2025-01-06T08:00:00.000Z"",""confidence"":0.7927927927927928}]","[{""property"":"""",""dataset"":""FourSquare"",""record_id"":""5258d64411d24ffec1d50139"",""update_time"":""2020-11-26T00:00:00.000"",""confidence"":1.0}]",false,false,false,false,false,false,false,false
normalization_equivalent,typo,08fa82339b75220003fb093540584e68,InfoSystem Informática,InfoSysten Informática,22,22,0,2,2,0,"Rua Domingos Luís de Oliveira, 645",Domingos Luis De Oliveira,Prudentópolis,PR,electronics,Business and Professional Services > Repair Service,0.9385113268608414,1.0,"[{""property"":"""",""dataset"":""meta"",""record_id"":""137985822999605"",""update_time"":""2025-01-06T08:00:00.000Z"",""confidence"":0.9385113268608414}]","[{""property"":"""",""dataset"":""FourSquare"",""record_id"":""53e4375d498edee0aa5c591e"",""update_time"":""2020-11-22T00:00:00.000"",""confidence"":1.0}]",false,false,false,false,false,false,false,false
normalization_equivalent,typo,08fa976555b951680388c1eb02815b63,Igreja Metodista Central em Santa Maria,Igreja Metodista Central de Santa Maria,39,39,0,6,6,0,"Rua Tuiuti, 2033",Rua Tupy,Santa Maria,RS,church_cathedral,Event > Other Event,0.48103896103896104,1.0,"[{""property"":"""",""dataset"":""meta"",""record_id"":""415259685349373"",""update_time"":""2025-01-06T08:00:00.000Z"",""confidence"":0.48103896103896104}]","[{""property"":"""",""dataset"":""FourSquare"",""record_id"":""5353c7a0498e9b49cbc15dcd"",""update_time"":""2020-12-05T00:00:00.000"",""confidence"":1.0}]",false,false,false,false,false,false,false,false
normalization_equivalent,typo,1125899911801515,DANCENTER (39879) 6 Personen Ferienhaus in einem Ferienpark in Hanstholm,DANCENTER (39889) 6 Personen Ferienhaus in einem Ferienpark in Hanstholm,72,72,0,10,10,0,VIGSØ BUGT VEJ 1,VIGSØ BUGT VEJ 1,Hanstholm,"",holiday_rental_home,holiday_rental_home,0.77,0.77,"[{""dataset"":""Microsoft"",""record_id"":""1125899911801515"",""update_time"":""2023-01-04T11:25:16.593"",""confidence"":0.77}]","[{""dataset"":""Microsoft"",""record_id"":""1125899911801523"",""update_time"":""2023-01-04T11:25:16.593"",""confidence"":0.77}]",false,false,false,false,false,false,true,true
normalization_equivalent,typo,562949959538923,Evangelisches Perthes-Stiftung e.V.,Evangelische Perthes-Stiftung e. V.,35,35,0,3,4,1,Wienburgstr. 62,Wienburgstr. 62,Münster,"",assisted_living_facility,assisted_living_facility,0.77,0.77,"[{""dataset"":""Microsoft"",""record_id"":""562949959538923"",""update_time"":""2024-10-26T01:36:52.963"",""confidence"":0.77}]","[{""dataset"":""Microsoft"",""record_id"":""562949960984737"",""update_time"":""2024-12-14T22:23:50.953"",""confidence"":0.77}]",false,false,false,false,false,false,false,false
normalization_equivalent,word_reorder,08f195d8f428020003c5e777be6c8dab,Tutor Doctor South Milton Keynes,Tutor Doctor - Milton Keynes South,32,34,2,5,6,1,Cable Street,Cable Crescent,Milton Keynes,"",private_tutor,Business and Professional Services > Tutoring Service,0.77,1.0,"[{""property"":"""",""dataset"":""Microsoft"",""record_id"":""1688849864653094"",""update_time"":""2022-07-14T18:38:13.033Z"",""confidence"":0.77}]","[{""property"":"""",""dataset"":""FourSquare"",""record_id"":""d863f1003050926ff12a7fa9"",""update_time"":""2024-10-08T00:00:00.000"",""confidence"":1.0}]",false,false,false,false,false,false,false,false
normalization_equivalent,word_reorder,08f2ab3159582372030ec61cd113474a,"Southwest General Medical Group, Inc. - Family Practice - Brunswick","Southwest General Medical Group, Inc. – Brunswick Family Practice",67,65,-2,10,9,-1,4065 Center Rd Ste 220,4065 Center Rd,Brunswick,OH,hospital,Health and Medicine > Physician > Doctor's Office,0.77,1.0,"[{""property"":"""",""dataset"":""Microsoft"",""record_id"":""1970324842045747"",""update_time"":""2024-12-29T21:40:22.833Z"",""confidence"":0.77}]","[{""property"":"""",""dataset"":""FourSquare"",""record_id"":""5dde6f61bc729800085c12e2"",""update_time"":""2024-10-15T00:00:00.000"",""confidence"":1.0}]",false,false,false,false,false,false,true,true
normalization_equivalent,word_reorder,08f438c2a95168f603bd688448b13c76,حلويات الخبراء - Expert Sweets,حلويات الخبراء Sweets Expert,30,28,-2,5,4,-1,Ruwi / CDB Area,Ruwi / CDB Area,,,desserts,Dining and Drinking > Dessert Shop > Pastry Shop,0.48103896103896104,1.0,"[{""property"":"""",""dataset"":""meta"",""record_id"":""1524032600957553"",""update_time"":""2025-01-06T08:00:00.000Z"",""confidence"":0.48103896103896104}]","[{""property"":"""",""dataset"":""FourSquare"",""record_id"":""5a109e633b4e005b21c0ccc7"",""update_time"":""2020-11-24T00:00:00.000"",""confidence"":1.0}]",false,false,false,false,false,false,false,false
normalization_equivalent,word_reorder,08f485bce896830e031993442737c993,Spotless Next - Tile and Carpet Cleaning,Spotless Next Carpet and Tile Cleaning,40,38,-2,7,6,-1,3031 S Winsor Ave,3031 South Windsor Avenue,Yuma,AZ,tiling,Business and Professional Services > Home Improvement Service > Home Service,0.77,1.0,"[{""property"":"""",""dataset"":""Microsoft"",""record_id"":""562949956205941"",""update_time"":""2018-01-05T23:23:39.697Z"",""confidence"":0.77}]","[{""property"":"""",""dataset"":""FourSquare"",""record_id"":""5b593eef78782c002cc457c6"",""update_time"":""2024-10-16T00:00:00.000"",""confidence"":1.0}]",false,false,false,false,false,false,false,false
normalization_equivalent,word_reorder,08f1ecba4972b364039b1dc77b0a0124,Özdemiroğlu Kebap  Baklava,Özdemiroğlu Baklava & Kebap,26,27,1,4,4,0,Ahmet Taner Kışlalı Caddesi 13,Ahmet Taner Kışlalı Blv.,Nilüfer,,doner_kebab,Dining and Drinking > Restaurant > Kebab Restaurant,0.7927927927927928,1.0,"[{""property"":"""",""dataset"":""meta"",""record_id"":""157464418504554"",""update_time"":""2025-01-06T08:00:00.000Z"",""confidence"":0.7927927927927928}]","[{""property"":"""",""dataset"":""FourSquare"",""record_id"":""53ac511e498e02dbfa7eb179"",""update_time"":""2020-11-23T00:00:00.000"",""confidence"":1.0}]",false,false,false,false,false,false,false,false
normalization_equivalent,word_reorder,08f2aaa843ab441a03c3a2b3b4cca9fd,ABW Appliances Ashburn Showroom,ABW Appliances Showroom: Ashburn,31,32,1,4,4,0,"21750 Red Rum Dr Ste #167","21750 Red Rum Dr #167",Ashburn,VA,appliance_store,Business and Professional Services > Home Improvement Service > Home Service,0.77,1.0,"[{""property"":"""",""dataset"":""Microsoft"",""record_id"":""844424933826583"",""update_time"":""2024-12-23T22:53:29.243Z"",""confidence"":0.77}]","[{""property"":"""",""dataset"":""FourSquare"",""record_id"":""5623a7ef498e3815a85898d4"",""update_time"":""2024-10-12T00:00:00.000"",""confidence"":1.0}]",false,false,false,false,false,false,false,false
normalization_equivalent,word_reorder,08f184685618614b03a2873cbfc0d0a4,Cidrerie Coic Paul,Cidrerie Paul Coic,18,18,0,3,3,0,2 Chemin de Kerscouedic,Kerscouedic,Plonéis,,eat_and_drink,Dining and Drinking > Cidery,0.9645127118644068,1.0,"[{""property"":"""",""dataset"":""meta"",""record_id"":""234295879935005"",""update_time"":""2025-01-06T08:00:00.000Z"",""confidence"":0.9645127118644068}]","[{""property"":"""",""dataset"":""FourSquare"",""record_id"":""50081c9fe4b037ee71e18f6a"",""update_time"":""2024-07-03T00:00:00.000"",""confidence"":1.0}]",false,false,false,false,false,false,false,false
normalization_equivalent,word_reorder,08f194db5b6b41b603a43ab00a1af2f2,Apotheek Luc Van Bellinghen,Apotheek Van Bellinghen Luc,27,27,0,4,4,0,Stationsstraat 247,Stationsstraat 247,Herzele,,vitamins_and_supplements,Retail > Pharmacy,0.9837452982267598,1.0,"[{""property"":"""",""dataset"":""meta"",""record_id"":""124608924882465"",""update_time"":""2025-01-06T08:00:00.000Z"",""confidence"":0.9837452982267598}]","[{""property"":"""",""dataset"":""FourSquare"",""record_id"":""4fd72404e4b0bd817058b88e"",""update_time"":""2024-01-03T00:00:00.000"",""confidence"":1.0}]",false,false,false,false,false,false,false,false
normalization_equivalent,word_reorder,08f194dbb290998c03f388aa2cbb647b,Dierenarts Nick De Maere,Dierenarts De Maere Nick,24,24,0,4,4,0,Markt 11,Markt 11,Lievegem,,veterinarian,Health and Medicine > Veterinarian,0.9837452982267598,1.0,"[{""property"":"""",""dataset"":""meta"",""record_id"":""289079571698464"",""update_time"":""2025-01-06T08:00:00.000Z"",""confidence"":0.9837452982267598}]","[{""property"":"""",""dataset"":""FourSquare"",""record_id"":""5240722e498ed643b1328557"",""update_time"":""2023-12-21T00:00:00.000"",""confidence"":1.0}]",false,false,false,false,false,false,false,false
normalization_equivalent,word_reorder,08f1e320b6d21cf40328f464e1d3b813,Ergotherapie Lydia Spießl,Ergotherapie Spießl Lydia,25,25,0,3,3,0,Kirchplatz 2,Kirchplatz 2,Pocking,BY,occupational_therapy,Health and Medicine > Medical Center,0.23154848046309695,1.0,"[{""property"":"""",""dataset"":""meta"",""record_id"":""232632443527822"",""update_time"":""2025-01-06T08:00:00.000Z"",""confidence"":0.23154848046309695}]","[{""property"":"""",""dataset"":""FourSquare"",""record_id"":""a6c18c36530849a62b943ec9"",""update_time"":""2023-08-20T00:00:00.000"",""confidence"":1.0}]",false,false,false,false,false,false,false,false
normalization_equivalent,word_reorder,08f1e332897920930379ab60ef9a673a,Mauterner Haarstube - Leopoldine Zant,Mauterner Haarstube - Zant Leopoldine,37,37,0,5,5,0,Sankt Pöltner Straße 3,Sankt Pöltner Str. 3,Mautern an der Donau,Niederösterreich,hair_stylist,Business and Professional Services > Health and Beauty Service > Hair Salon,0.77,1.0,"[{""property"":"""",""dataset"":""Microsoft"",""record_id"":""1970324840950157"",""update_time"":""2024-12-24T22:33:23.163Z"",""confidence"":0.77}]","[{""property"":"""",""dataset"":""FourSquare"",""record_id"":""759bd48e48eb487aa8ff75f7"",""update_time"":""2024-05-20T00:00:00.000"",""confidence"":1.0}]",false,false,false,false,false,false,false,false
normalization_equivalent,word_reorder,08f1e3605210bbab0346d7383d230943,Schreinerei Baier Kurt,Schreinerei Kurt Baier,22,22,0,3,3,0,Schwarzachstraße 13,Schwarzachstr. 13,Schönthal,,carpenter,Retail > Construction Supplies Store,0.9828411287205256,1.0,"[{""property"":"""",""dataset"":""meta"",""record_id"":""153879124483460"",""update_time"":""2025-01-06T08:00:00.000Z"",""confidence"":0.9253962118283726},{""property"":""/properties/existence"",""dataset"":""Microsoft"",""record_id"":""562949959082767"",""update_time"":""2024-12-07T15:53:01.980Z"",""confidence"":0.77}]","[{""property"":"""",""dataset"":""FourSquare"",""record_id"":""5cbf7e0a971317002d4d3789"",""update_time"":""2024-10-08T00:00:00.000"",""confidence"":1.0}]",false,false,false,false,false,false,false,false
normalization_equivalent,word_reorder,08f1e8050815ab2d03fffc9c7e965114,Scuola Pubblica Media Mommsen Teodoro,Scuola Pubblica Media Teodoro Mommsen,37,37,0,5,5,0,"Via Teodoro Mommsen, 1",Via Teodoro Mommsen 1,Roma,62,high_school,Community and Government > Education > Primary and Secondary School > High School,0.6214335421016005,1.0,"[{""property"":"""",""dataset"":""meta"",""record_id"":""185055844866930"",""update_time"":""2025-01-06T08:00:00.000Z"",""confidence"":0.6214335421016005}]","[{""property"":"""",""dataset"":""FourSquare"",""record_id"":""4ca0517a6c47952132a68c0c"",""update_time"":""2024-07-03T00:00:00.000"",""confidence"":1.0}]",false,false,false,false,false,false,false,false
normalization_equivalent,word_reorder,08f1e8079056036d03df90e7738c96c3,Geometra Merolla Nicola,Geometra Nicola Merolla,23,23,0,3,3,0,"Largo Risorgimento, 7",Largo Risorgimento 8,Cisterna di Latina,62,engineering_services,,0.9445655559015883,1.0,"[{""property"":"""",""dataset"":""meta"",""record_id"":""607599625961520"",""update_time"":""2025-01-06T08:00:00.000Z"",""confidence"":0.9445655559015883}]","[{""property"":"""",""dataset"":""FourSquare"",""record_id"":""0d092b2c411a4d590ae80049"",""update_time"":""2024-07-03T00:00:00.000"",""confidence"":1.0}]",false,false,false,false,false,false,false,false
normalization_equivalent,word_reorder,08f1e8111ca58604031c657aedfd24f5,Istituto Bellezza Maria Santarcangelo,Istituto Bellezza Santarcangelo Maria,37,37,0,4,4,0,"Via Monsignor Tesauri, 10",Via Tesauri 10,Lanciano,65,beauty_salon,Business and Professional Services > Health and Beauty Service > Skin Care Clinic,0.9645127118644068,1.0,"[{""property"":"""",""dataset"":""meta"",""record_id"":""560568470783150"",""update_time"":""2025-01-06T08:00:00.000Z"",""confidence"":0.9645127118644068}]","[{""property"":"""",""dataset"":""FourSquare"",""record_id"":""6b10222cf9d140c9343ffe1a"",""update_time"":""2024-07-03T00:00:00.000"",""confidence"":1.0}]",false,false,false,false,false,false,false,false
normalization_equivalent,word_reorder,08f1f0898ab46ac003d5aaecd4d59916,Siłownia 16 Koszalin,Siłownia Koszalin 16,20,20,0,3,3,0,ulica Stanisława Dąbka 1,Stanisława Dąbka 1,Koszalin,32,gym,Sports and Recreation > Gym and Studio > Gym,0.7927927927927928,1.0,"[{""property"":"""",""dataset"":""meta"",""record_id"":""488706141143912"",""update_time"":""2025-01-06T08:00:00.000Z"",""confidence"":0.7927927927927928}]","[{""property"":"""",""dataset"":""FourSquare"",""record_id"":""5e9050ceb5458f0008d83029"",""update_time"":""2024-06-27T00:00:00.000"",""confidence"":1.0}]",false,false,false,false,false,false,false,false
normalization_equivalent,word_reorder,08f1f1d4ae656d2a03a6a693c5bd3346,Peter Krause und Vainceur Alfred,Peter Krause und Alfred Vainceur,32,32,0,5,5,0,Nordlichtstraße 28-30,Nordlichtstr. 28/30,Berlin,,carpenter,Business and Professional Services > Home Improvement Service > Carpenter,0.9645127118644068,1.0,"[{""property"":"""",""dataset"":""meta"",""record_id"":""106270682782289"",""update_time"":""2025-01-06T08:00:00.000Z"",""confidence"":0.9645127118644068}]","[{""property"":"""",""dataset"":""FourSquare"",""record_id"":""d20a5ce736764e2e8f22a105"",""update_time"":""2024-08-20T00:00:00.000"",""confidence"":1.0}]",false,false,false,false,false,false,false,false
normalization_equivalent,word_reorder,08f1f83ae545d60603a81502e8f95732,Schreinerei Vogt Markus,Schreinerei Markus Vogt,23,23,0,3,3,0,Grosszelgstrasse 26,Grosszelgstrasse 26,Würenlos,Aargau,furniture_accessory_store,Business and Professional Services > Factory,0.77,1.0,"[{""property"":"""",""dataset"":""Microsoft"",""record_id"":""562949961160727"",""update_time"":""2024-11-13T17:21:55.750Z"",""confidence"":0.77}]","[{""property"":"""",""dataset"":""FourSquare"",""record_id"":""588ca3b40319b8631eb60037"",""update_time"":""2024-05-03T00:00:00.000"",""confidence"":1.0}]",false,false,false,false,false,false,false,false
normalization_equivalent,word_reorder,08f1f8eb2469d720037b4cd2107fa95a,Logopädie im Ärztehaus Achtal Birgit Brinkmann & Andrea Dietz,Logopädie im Ärztehaus Achtal Brinkmann Birgit + Dietz Andrea,61,61,0,9,9,0,Ravensburger Str. 4,Ravensburger Str. 4,Baienfurt,"",pathologist,,0.77,1.0,"[{""property"":"""",""dataset"":""Microsoft"",""record_id"":""844424933651077"",""update_time"":""2024-04-29T15:32:54.050Z"",""confidence"":0.77}]","[{""property"":"""",""dataset"":""FourSquare"",""record_id"":""83335d5195bb84de13441f26"",""update_time"":""2024-10-08T00:00:00.000"",""confidence"":1.0}]",false,false,false,false,false,false,true,true
normalization_equivalent,word_reorder,08f1fa54e8b59450032bc68aa78e7736,Zahnarztpraxis Nilgün Arslan,Zahnarztpraxis Arslan Nilgün,28,28,0,3,3,0,Parkstr. 9,Parkstr. 9,Heinsberg,Nordrhein-Westfalen,dentist,Health and Medicine > Dentist,0.77,1.0,"[{""property"":"""",""dataset"":""Microsoft"",""record_id"":""844424932750398"",""update_time"":""2020-08-26T08:35:33.717Z"",""confidence"":0.77}]","[{""property"":"""",""dataset"":""FourSquare"",""record_id"":""6ee450cb3342482dcd975e05"",""update_time"":""2024-10-08T00:00:00.000"",""confidence"":1.0}]",false,false,false,false,false,false,false,false
normalization_equivalent,word_reorder,08f1fa5d8385465803ca149beb0f8b1b,Café Zaal De Herberg,Café Zaal Herberg De,20,20,0,4,4,0,Hoog Geldrop 129,Hoog Geldrop 129,Geldrop,,cafe,Dining and Drinking > Bar,0.9544061302681992,1.0,"[{""property"":"""",""dataset"":""meta"",""record_id"":""272180822656357"",""update_time"":""2025-01-06T08:00:00.000Z"",""confidence"":0.9544061302681992}]","[{""property"":"""",""dataset"":""FourSquare"",""record_id"":""4cf022667bf3b60ccbad577f"",""update_time"":""2024-04-17T00:00:00.000"",""confidence"":1.0}]",false,false,false,false,false,false,false,false
normalization_equivalent,word_reorder,08f29a03a42e4c120337159a0d24ef9d,Fontana Chrysler Dodge Jeep Ram,Fontana Chrysler Dodge Ram Jeep,31,31,0,5,5,0,16263 S Highland Ave,16263 S Highland Ave,Fontana,CA,car_dealer,Retail > Automotive Retail > Car Dealership,0.997898979043525,1.0,"[{""property"":"""",""dataset"":""meta"",""record_id"":""103094035895986"",""update_time"":""2025-01-06T08:00:00.000Z"",""confidence"":0.9908651262761956},{""property"":""/properties/existence"",""dataset"":""Microsoft"",""record_id"":""2251799821211345"",""update_time"":""2023-10-11T22:28:27.643Z"",""confidence"":0.77}]","[{""property"":"""",""dataset"":""FourSquare"",""record_id"":""337072c3a92c047dd0d5c47a"",""update_time"":""2024-10-14T00:00:00.000"",""confidence"":1.0}]",false,false,false,false,false,false,false,false
normalization_equivalent,word_reorder,08f2a1005ec5b25103c6d1cfddf2e8a1,Star Chrysler Dodge Jeep Ram,Star Chrysler Jeep Dodge Ram,28,28,0,5,5,0,21110 Jamaica Ave,211-10 Jamaica Avenue,Queens Village,NY,automotive,Retail > Automotive Retail > Car Dealership,0.77,1.0,"[{""property"":"""",""dataset"":""Microsoft"",""record_id"":""1407374889349306"",""update_time"":""2023-06-29T22:02:44.003Z"",""confidence"":0.77}]","[{""property"":"""",""dataset"":""FourSquare"",""record_id"":""4c98e7104804a1431e9eef0e"",""update_time"":""2024-10-12T00:00:00.000"",""confidence"":1.0}]",false,false,false,false,false,false,false,false
normalization_equivalent,word_reorder,08f2c105989812300338cadcd42c35ca,istanbul kıds hewler erbil,istanbul kıds erbil hewler,26,26,0,4,4,0,,,,,children's_clothing_store,Retail > Baby Store,0.3941504178272981,1.0,"[{""property"":"""",""dataset"":""meta"",""record_id"":""2795031450721445"",""update_time"":""2025-01-06T08:00:00.000Z"",""confidence"":0.39415041782729804}]","[{""property"":"""",""dataset"":""FourSquare"",""record_id"":""5823440f8c646e7351284602"",""update_time"":""2020-11-23T00:00:00.000"",""confidence"":1.0}]",false,false,false,false,false,false,false,false
normalization_equivalent,word_reorder,08f44130db3a2bab0321a1c4bc288f42,Sienna at Lake Vista,Sienna at Vista Lake,20,20,0,4,4,0,3621 Winkler Ave,3621 Winkler Ave,Fort Myers,FL,home_developer,Community and Government > Housing Development,0.8606545961002786,1.0,"[{""property"":"""",""dataset"":""Microsoft"",""record_id"":""2251799818535937"",""update_time"":""2016-02-29T22:15:36.237Z"",""confidence"":0.77},{""property"":""/properties/existence"",""dataset"":""meta"",""record_id"":""805099859617254"",""update_time"":""2025-01-06T08:00:00.000Z"",""confidence"":0.39415041782729804}]","[{""property"":"""",""dataset"":""FourSquare"",""record_id"":""4fd9fa48121db0da6c7c06c8"",""update_time"":""2024-10-11T00:00:00.000"",""confidence"":1.0}]",false,false,false,false,false,false,false,false
normalization_equivalent,word_reorder,08f81839a689436d03f651a146968d82,Tulip Inn Recife Flat,Tulip Inn Flat Recife,21,21,0,4,4,0,"Rua Doutor Luiz Inácio Pessoa Melo, 81","Rua Dr. Luiz Inacio Pessoa de Melo, 81",Recife,PE,hotel,Dining and Drinking > Bar > Hotel Bar,0.28671328671328666,1.0,"[{""property"":"""",""dataset"":""meta"",""record_id"":""1111761658844437"",""update_time"":""2025-01-06T08:00:00.000Z"",""confidence"":0.2867132867132867}]","[{""property"":"""",""dataset"":""FourSquare"",""record_id"":""4bc7969293bdeee1d88937ae"",""update_time"":""2024-01-03T00:00:00.000"",""confidence"":1.0}]",false,false,false,false,false,false,false,false
subset,biz_suffix,08f1faeaf4a850f203bab3cff0b20833,Damm & Bierbaum,DAMM & BIERBAUM Agentur für Marketing und Kommunikation GmbH,15,60,45,3,9,6,Hanauer Landstraße 174,Hanauer Landstraße 135-137,Frankfurt am Main,,advertising_agency,Business and Professional Services > Advertising Agency,0.9467515923566879,1.0,"[{""property"":"""",""dataset"":""meta"",""record_id"":""378280932208"",""update_time"":""2025-01-06T08:00:00.000Z"",""confidence"":0.9467515923566879}]","[{""property"":"""",""dataset"":""FourSquare"",""record_id"":""9f574d10f55b411de79b74b0"",""update_time"":""2024-10-08T00:00:00.000"",""confidence"":1.0}]",false,false,false,true,false,false,false,true
subset,biz_suffix,08f2aa5b6a3a1c9303ace1cc205565a5,Thomas Sporer,"Thomas Sporer - Ameriprise Financial Services, LLC",13,50,37,2,7,5,616 Main St,616 Main St Ste 301,Honesdale,PA,professional_services,Business and Professional Services > Financial Service,0.8682352941176471,1.0,"[{""property"":"""",""dataset"":""meta"",""record_id"":""1618496915081757"",""update_time"":""2025-01-06T08:00:00.000Z"",""confidence"":0.8682352941176471}]","[{""property"":"""",""dataset"":""FourSquare"",""record_id"":""56987c96498e7fca02971f57"",""update_time"":""2024-10-11T00:00:00.000"",""confidence"":1.0}]",false,false,false,true,false,false,false,false
subset,biz_suffix,08f2a134cd89404003d3bdebaf0660e0,Valero,Valero Marketing And Supply Company,6,35,29,1,5,4,111 N White Horse Pike,111 White Horse Pike N,Lawnside,NJ,gas_station,,0.9837452982267598,1.0,"[{""property"":"""",""dataset"":""meta"",""record_id"":""484290218417694"",""update_time"":""2025-01-06T08:00:00.000Z"",""confidence"":0.9837452982267598}]","[{""property"":"""",""dataset"":""FourSquare"",""record_id"":""ed14a308c6f849ed431ef49f"",""update_time"":""2024-10-14T00:00:00.000"",""confidence"":1.0}]",false,false,false,true,false,false,false,false
subset,biz_suffix,08f28d558d2e0d15030d644d8058d55b,Elegante Jewelry Manufacturing and Loan Inc.,Elegante Jewelry,44,16,-28,6,2,-4,14320 NE 20th St Ste D,14320 - 120th NE,Bellevue,WA,jewelry_store,Retail > Fashion Retail > Jewelry Store,0.77,1.0,"[{""property"":"""",""dataset"":""Microsoft"",""record_id"":""1970324837191954"",""update_time"":""2013-10-31T05:55:11.980Z"",""confidence"":0.77}]","[{""property"":"""",""dataset"":""FourSquare"",""record_id"":""4b297113f964a520ff9e24e3"",""update_time"":""2024-10-14T00:00:00.000"",""confidence"":1.0}]",false,false,true,false,false,false,false,false
subset,biz_suffix,08f1e037ac61a06603d8c3cb00ff9a6b,dm-drogerie markt Kft.,dm,22,2,-20,3,1,-2,Váci út 35.,Váci út 35.,Budapest,BU,drugstore,Retail > Cosmetics Store,0.77,1.0,"[{""property"":"""",""dataset"":""Microsoft"",""record_id"":""562949961374212"",""update_time"":""2024-12-28T07:13:13.030Z"",""confidence"":0.77}]","[{""property"":"""",""dataset"":""FourSquare"",""record_id"":""5b9a1ee2646e38002c16c3a6"",""update_time"":""2024-08-21T00:00:00.000"",""confidence"":1.0}]",false,false,false,false,false,false,false,false
subset,biz_suffix,08f260e2e21336f303eea73ec113cab7,"Sevening's Landscaping, Inc.",Sevenings,28,9,-19,3,1,-2,17602 Wright St,17602 Wright St Ste 103,Omaha,NE,landscaping,Retail > Construction Supplies Store,0.28686635944700467,1.0,"[{""property"":"""",""dataset"":""meta"",""record_id"":""126017237414319"",""update_time"":""2025-01-06T08:00:00.000Z"",""confidence"":0.2868663594470046}]","[{""property"":"""",""dataset"":""FourSquare"",""record_id"":""4e1b279ce4cdb1407391d325"",""update_time"":""2024-10-24T00:00:00.000"",""confidence"":1.0}]",false,false,true,false,false,false,false,false
subset,biz_suffix,08f19417608285600333ee584331e8c6,Alcosa,ALCOSA ENGINEERING LTD,6,22,16,1,3,2,2 Penfold Drive,1-5 Penfold Drive,Wymondham,ENG,fireplace_service,Retail > Furniture and Home Store,0.9918379237288135,1.0,"[{""property"":"""",""dataset"":""meta"",""record_id"":""105818067491961"",""update_time"":""2025-01-06T08:00:00.000Z"",""confidence"":0.9645127118644068},{""property"":""/properties/existence"",""dataset"":""Microsoft"",""record_id"":""844424930866091"",""update_time"":""2014-11-22T20:35:51.290Z"",""confidence"":0.77}]","[{""property"":"""",""dataset"":""FourSquare"",""record_id"":""579f54f6498e9634246577cb"",""update_time"":""2021-09-24T00:00:00.000"",""confidence"":1.0}]",false,false,false,true,false,false,false,false
subset,biz_suffix,08f1f18b26b1019003239db7ed527e75,duo schreib & spiel,duo schreib & spiel Markenshop GmbH,19,35,16,4,6,2,Wilhelm-Kabus-Straße 75,Wilhelm-Kabus-Straße 75,Berlin,,toy_store,Retail > Toy Store,0.968957055214724,1.0,"[{""property"":"""",""dataset"":""meta"",""record_id"":""138783952856837"",""update_time"":""2025-01-06T08:00:00.000Z"",""confidence"":0.8650306748466258},{""property"":""/properties/existence"",""dataset"":""Microsoft"",""record_id"":""1688849866346271"",""update_time"":""2024-04-30T13:13:56.913Z"",""confidence"":0.77}]","[{""property"":"""",""dataset"":""FourSquare"",""record_id"":""a21c74366ed24474fed90b39"",""update_time"":""2024-10-08T00:00:00.000"",""confidence"":1.0}]",false,false,false,true,false,false,false,false
subset,biz_suffix,08f1f88243665d18033b4f1690be86cc,Kini Bike World,KINI Bike World - KTM KINI GmbH,15,31,16,3,7,4,Larchwald 360,Larchwald 360,,,motorsports_store,children's_clothing_store,0.9918379237288135,0.77,"[{""property"":"""",""dataset"":""meta"",""record_id"":""177685235736210"",""update_time"":""2025-01-06T00:00:00.000Z""},{""property"":""/properties/existence"",""dataset"":""msft"",""record_id"":""562949959799250"",""update_time"":""2025-01-06T00:00:00.000Z""}]","[{""dataset"":""Microsoft"",""record_id"":""562949959799250"",""update_time"":""2024-07-29T06:19:48.49"",""confidence"":0.77}]",false,false,false,true,false,false,false,false
subset,biz_suffix,1125899913126469,SKH Locksmiths & Security LLC,SKH Locksmiths,29,14,-15,5,2,-3,469 Lincoln Ave,469 Lincoln Ave,Hatboro,PA,key_and_locksmith,key_and_locksmith,0.77,0.77,"[{""dataset"":""Microsoft"",""record_id"":""1125899913126469"",""update_time"":""2024-11-19T12:21:15.607"",""confidence"":0.77}]","[{""dataset"":""Microsoft"",""record_id"":""1970324838442673"",""update_time"":""2016-01-05T18:59:54.947"",""confidence"":0.77}]",false,false,true,false,false,false,false,false
subset,biz_suffix,08f194073586e4f203e1f66c14a37284,Burning Sensation,Burning Sensation Grimsby Ltd.,17,30,13,2,4,2,"Ind Est, West Marsh, Armstrong St",West Marsh Ind Est Armstrong St,,,fireplace_service,fireplace_service,0.9962614185921548,0.77,"[{""property"":"""",""dataset"":""meta"",""record_id"":""661402487264654"",""update_time"":""2025-01-06T00:00:00.000Z""},{""property"":""/properties/existence"",""dataset"":""msft"",""record_id"":""562949957694935"",""update_time"":""2025-01-06T00:00:00.000Z""}]","[{""dataset"":""Microsoft"",""record_id"":""562949957694935"",""update_time"":""2024-09-18T18:01:56.903"",""confidence"":0.77}]",false,false,false,true,false,false,false,false
subset,biz_suffix,1970324842205440,Sir Walter Chevrolet Company,Sir Walter Chevrolet,28,20,-8,4,3,-1,8501 Glenwood Ave,8501 Glenwood Ave,Raleigh,NC,auto_parts_and_supply_store,auto_parts_and_supply_store,0.77,0.77,"[{""dataset"":""Microsoft"",""record_id"":""1970324842205440"",""update_time"":""2024-05-09T21:56:32.483"",""confidence"":0.77}]","[{""dataset"":""Microsoft"",""record_id"":""562949955117749"",""update_time"":""2015-05-15T08:45:30.773"",""confidence"":0.77}]",false,false,true,false,false,false,false,false
subset,biz_suffix,08f1f98405296ad0034910779e4d703c,Marchiodoro,Marchio D'Oro SAS,11,17,6,1,3,2,"Via Brenta, 15",Via Brenta 15,Torino,21,furniture_store,Retail > Furniture and Home Store,0.9544061302681992,1.0,"[{""property"":"""",""dataset"":""meta"",""record_id"":""1868902640022483"",""update_time"":""2025-01-06T08:00:00.000Z"",""confidence"":0.9544061302681992}]","[{""property"":"""",""dataset"":""FourSquare"",""record_id"":""c1c252d04ae5467ea6b3327d"",""update_time"":""2024-07-03T00:00:00.000"",""confidence"":1.0}]",false,false,false,false,false,false,false,false
subset,biz_suffix,08f2656314813ce903d48de7e6fa2327,West Side Supply and Rental,"West Side Supply and Rental, Inc.",27,33,6,5,6,1,209 James Rollo Dr,209 James Rollo Dr,Grain Valley,MO,roofing,building_supply_store,0.9962614185921548,0.77,"[{""property"":"""",""dataset"":""meta"",""record_id"":""164458353663260"",""update_time"":""2025-01-06T00:00:00.000Z""},{""property"":""/properties/existence"",""dataset"":""msft"",""record_id"":""844424932419736"",""update_time"":""2025-01-06T00:00:00.000Z""},{""property"":""/properties/existence"",""dataset"":""msft"",""record_id"":""844424931207579"",""update_time"":""2025-01-06T00:00:00.000Z""},{""property"":""/properties/existence"",""dataset"":""msft"",""record_id"":""1970324837063653"",""update_time"":""2025-01-06T00:00:00.000Z""},{""property"":""/properties/existence"",""dataset"":""msft"",""record_id"":""1407374888458390"",""update_time"":""2025-01-06T00:00:00.000Z""}]","[{""dataset"":""Microsoft"",""record_id"":""844424932419736"",""update_time"":""2024-12-05T04:25:41.007"",""confidence"":0.77}]",false,false,false,true,false,false,false,false
subset,biz_suffix,08f275829186a64003bdbe8f0edef687,Bartelt Enterprises,"Bartelt Enterprises, Inc.",19,25,6,2,3,1,800 Briggs Dr,800 Briggs Dr,Albany,WI,contractor,paving_contractor,0.9918379237288135,0.77,"[{""property"":"""",""dataset"":""meta"",""record_id"":""156665851036465"",""update_time"":""2025-01-06T00:00:00.000Z""},{""property"":""/properties/existence"",""dataset"":""msft"",""record_id"":""281474980500370"",""update_time"":""2025-01-06T00:00:00.000Z""},{""property"":""/properties/existence"",""dataset"":""msft"",""record_id"":""281474977152105"",""update_time"":""2025-01-06T00:00:00.000Z""},{""property"":""/properties/existence"",""dataset"":""msft"",""record_id"":""1688849864150739"",""update_time"":""2025-01-06T00:00:00.000Z""},{""property"":""/properties/existence"",""dataset"":""msft"",""record_id"":""1407374888176656"",""update_time"":""2025-01-06T00:00:00.000Z""}]","[{""dataset"":""Microsoft"",""record_id"":""281474980500370"",""update_time"":""2024-05-15T18:44:48.467"",""confidence"":0.77}]",false,false,false,true,false,false,false,false
subset,biz_suffix,08f2a1018894c42903f2e96302f4e7f2,Progressive Computing,"Progressive Computing, Inc.",21,27,6,2,3,1,51 Smart Ave,51 Smart Ave Ste 200,Yonkers,NY,it_service_and_computer_repair,information_technology_company,0.9962614185921548,0.77,"[{""property"":"""",""dataset"":""meta"",""record_id"":""167193899961897"",""update_time"":""2025-01-06T00:00:00.000Z""},{""property"":""/properties/existence"",""dataset"":""msft"",""record_id"":""1125899909540728"",""update_time"":""2025-01-06T00:00:00.000Z""}]","[{""dataset"":""Microsoft"",""record_id"":""1125899909540728"",""update_time"":""2019-12-18T12:41:13.443"",""confidence"":0.77}]",false,false,false,true,false,false,false,false
subset,biz_suffix,08f2a9611a26bc4103b7d085f67b5173,R.T. Sales,"R.T. Sales, Inc.",10,16,6,2,3,1,18349 Lincoln Hwy E,18349 Lincoln Highway E,Monroeville,IN,motorsports_store,motorcycle_dealer,0.9962614185921548,0.77,"[{""property"":"""",""dataset"":""meta"",""record_id"":""170600253110767"",""update_time"":""2025-01-06T00:00:00.000Z""},{""property"":""/properties/existence"",""dataset"":""msft"",""record_id"":""1407374885549282"",""update_time"":""2025-01-06T00:00:00.000Z""}]","[{""dataset"":""Microsoft"",""record_id"":""1407374885549282"",""update_time"":""2021-05-30T05:33:03.42"",""confidence"":0.77}]",false,false,false,true,false,false,false,false
subset,biz_suffix,08f2ab64dc861084031a5c3d4276da63,"Imlay City Ford, Inc.",Imlay City Ford,21,15,-6,4,3,-1,1788 S Cedar St,1788 S Cedar St,Imlay City,MI,car_dealer,used_car_dealer,0.997898979043525,0.77,"[{""property"":"""",""dataset"":""meta"",""record_id"":""590352727716742"",""update_time"":""2025-01-06T00:00:00.000Z""},{""property"":""/properties/existence"",""dataset"":""msft"",""record_id"":""844424934964829"",""update_time"":""2025-01-06T00:00:00.000Z""},{""property"":""/properties/existence"",""dataset"":""msft"",""record_id"":""1407374888399138"",""update_time"":""2025-01-06T00:00:00.000Z""},{""property"":""/properties/existence"",""dataset"":""msft"",""record_id"":""1407374885788102"",""update_time"":""2025-01-06T00:00:00.000Z""},{""property"":""/properties/existence"",""dataset"":""msft"",""record_id"":""1407374885162387"",""update_time"":""2025-01-06T00:00:00.000Z""},{""property"":""/properties/existence"",""dataset"":""msft"",""record_id"":""1125899911620092"",""update_time"":""2025-01-06T00:00:00.000Z""}]","[{""dataset"":""Microsoft"",""record_id"":""1407374885162387"",""update_time"":""2018-11-27T15:47:02.713"",""confidence"":0.77}]",false,false,true,false,false,false,false,false
subset,biz_suffix,08f44ccd92c5958803fcf9fe5c63618c,Done Wright Motors,"Done Wright Motors, Inc.",18,24,6,3,4,1,755 Washington Ave NE,755 Washington Ave NE,Marietta,GA,automotive_repair,brake_service_and_repair,0.9962614185921548,0.77,"[{""property"":"""",""dataset"":""meta"",""record_id"":""140576279350511"",""update_time"":""2025-01-06T00:00:00.000Z""},{""property"":""/properties/existence"",""dataset"":""msft"",""record_id"":""281474978426240"",""update_time"":""2025-01-06T00:00:00.000Z""},{""property"":""/properties/existence"",""dataset"":""msft"",""record_id"":""281474977909363"",""update_time"":""2025-01-06T00:00:00.000Z""}]","[{""dataset"":""Microsoft"",""record_id"":""281474977909363"",""update_time"":""2015-09-14T19:35:11.14"",""confidence"":0.77}]",false,false,false,true,false,false,false,false
subset,biz_suffix,2251799819474731,"DeHart Plumbing, Heating & Air, Inc.","DeHart Plumbing, Heating & Air",36,30,-6,6,5,-1,311 Bitritto Way,311 Bitritto Way,Modesto,CA,hvac_services,hvac_services,0.77,0.77,"[{""dataset"":""Microsoft"",""record_id"":""2251799819474731"",""update_time"":""2021-05-16T01:21:44.82"",""confidence"":0.77}]","[{""dataset"":""Microsoft"",""record_id"":""562949958769993"",""update_time"":""2019-07-08T19:45:07.94"",""confidence"":0.77}]",false,false,true,false,false,false,false,false
subset,biz_suffix,08f12db7756486da03e71a795e1b150a,"PLACE Landscape Architecture, LLC",PLACE Landscape Architecture,33,28,-5,4,3,-1,1325 W 1st Ave,1325 W 1st Ave Ste 204,Spokane,WA,professional_services,landscape_architect,0.9877528662420382,0.77,"[{""property"":"""",""dataset"":""meta"",""record_id"":""1848553052038865"",""update_time"":""2025-01-06T00:00:00.000Z""},{""property"":""/properties/existence"",""dataset"":""msft"",""record_id"":""281474980481123"",""update_time"":""2025-01-06T00:00:00.000Z""}]","[{""dataset"":""Microsoft"",""record_id"":""281474980481123"",""update_time"":""2024-11-16T03:50:50.607"",""confidence"":0.77}]",false,false,true,false,false,false,false,false
subset,biz_suffix,08f1e14b25c13b430347dba4f8334034,Cube Dx GmbH,Cube Dx,12,7,-5,3,2,-1,Westbahnstraße 55,Westbahnstraße 55,St. Valentin,Lower Austria,medical_supply,medical_supply,0.77,0.77,"[{""property"":"""",""dataset"":""msft"",""record_id"":""562949963640943"",""update_time"":""2025-01-06T00:00:00.000Z""},{""property"":""/properties/existence"",""dataset"":""msft"",""record_id"":""1407374890093857"",""update_time"":""2025-01-06T00:00:00.000Z""}]","[{""dataset"":""Microsoft"",""record_id"":""1407374890093857"",""update_time"":""2024-09-07T18:21:35.077"",""confidence"":0.77}]",false,false,true,false,false,false,false,false
subset,biz_suffix,08f1f15430b5a80a03d64cc7138c01f1,Thermo Systems,Thermo-Systems GmbH,14,19,5,2,2,0,Zur Alten Wörpe 4,Zur alten Wörpe 4,Lilienthal,,hvac_services,hvac_services,0.9877528662420382,0.77,"[{""property"":"""",""dataset"":""meta"",""record_id"":""164203670108489"",""update_time"":""2025-01-06T00:00:00.000Z""},{""property"":""/properties/existence"",""dataset"":""msft"",""record_id"":""562949965244686"",""update_time"":""2025-01-06T00:00:00.000Z""}]","[{""dataset"":""Microsoft"",""record_id"":""562949965244686"",""update_time"":""2024-11-30T04:20:35.243"",""confidence"":0.77}]",false,false,false,true,false,false,false,false
subset,biz_suffix,08f1fa53546ab05103999663cd757e64,Schlenkhoff Baustoff-Fachhandel,Schlenkhoff Baustoff-Fachhandel GmbH,31,36,5,2,3,1,Haedenkampstraße 8,Haedenkampstr. 8,Essen,,building_supply_store,Retail > Hardware Store,0.9918379237288135,1.0,"[{""property"":"""",""dataset"":""meta"",""record_id"":""556301811232326"",""update_time"":""2025-01-06T08:00:00.000Z"",""confidence"":0.9645127118644068},{""property"":""/properties/existence"",""dataset"":""Microsoft"",""record_id"":""1688849861027307"",""update_time"":""2014-11-24T17:18:18.603Z"",""confidence"":0.77}]","[{""property"":"""",""dataset"":""FourSquare"",""record_id"":""4c29bbe0e19720a1a8e8f958"",""update_time"":""2024-10-08T00:00:00.000"",""confidence"":1.0}]",false,false,false,true,false,false,false,false
subset,biz_suffix,08f1fac440b6eaa003c4e8ef9887e5c6,BK Lack GmbH,BK Lack,12,7,-5,3,2,-1,Industriestraße 15,Industriestr. 15,Fernwald,,automotive_repair,auto_detailing,0.9877528662420382,0.77,"[{""property"":"""",""dataset"":""meta"",""record_id"":""835888459795915"",""update_time"":""2025-01-06T00:00:00.000Z""},{""property"":""/properties/existence"",""dataset"":""msft"",""record_id"":""844424934529443"",""update_time"":""2025-01-06T00:00:00.000Z""},{""property"":""/properties/existence"",""dataset"":""msft"",""record_id"":""844424932688477"",""update_time"":""2025-01-06T00:00:00.000Z""},{""property"":""/properties/existence"",""dataset"":""msft"",""record_id"":""844424932569876"",""update_time"":""2025-01-06T00:00:00.000Z""}]","[{""dataset"":""Microsoft"",""record_id"":""844424932688477"",""update_time"":""2020-05-28T14:40:00.5"",""confidence"":0.77}]",false,false,true,false,false,false,false,false
subset,biz_suffix,08f29a42b346999003326b6798be8dc6,Nitto Denko Technical Corp,Nitto Denko Technical,26,21,-5,4,3,-1,401 Jones Rd,501 Via Del Monte,Oceanside,CA,professional_services,Landmarks and Outdoors > Structure,0.48103896103896104,1.0,"[{""property"":"""",""dataset"":""meta"",""record_id"":""164547743572130"",""update_time"":""2025-01-06T08:00:00.000Z"",""confidence"":0.48103896103896104}]","[{""property"":"""",""dataset"":""FourSquare"",""record_id"":""4f3c0b8be4b03c21a7992aaa"",""update_time"":""2024-10-14T00:00:00.000"",""confidence"":1.0}]",false,false,true,false,false,false,false,false
subset,biz_suffix,08f2aad90146a20403340d28cc54a800,Atlantic Exterminating Inc.,Atlantic Exterminating,27,22,-5,3,2,-1,162 Winnepeg Ave,162 Winnepeg Ave,Egg Harbor Township,NJ,pest_control_service,pest_control_service,0.77,0.77,"[{""property"":"""",""dataset"":""msft"",""record_id"":""2251799813776266"",""update_time"":""2025-01-06T00:00:00.000Z""},{""property"":""/properties/existence"",""dataset"":""msft"",""record_id"":""1970324837270874"",""update_time"":""2025-01-06T00:00:00.000Z""}]","[{""dataset"":""Microsoft"",""record_id"":""1970324837270874"",""update_time"":""2014-03-18T20:24:34.1"",""confidence"":0.77}]",false,false,true,false,false,false,false,false
subset,biz_suffix,08f2b9aa6cd83dac03aaf49b2b35ae57,Michael O'Leary,"Michael O'Leary, CPA",15,20,5,2,3,1,16610 Bayview Ave,16610 Bayview Avenue,Newmarket,ON,accountant,accountant,0.9895134099616858,0.77,"[{""property"":"""",""dataset"":""meta"",""record_id"":""706098616108024"",""update_time"":""2025-01-06T00:00:00.000Z""},{""property"":""/properties/existence"",""dataset"":""msft"",""record_id"":""1407374888497995"",""update_time"":""2025-01-06T00:00:00.000Z""}]","[{""dataset"":""Microsoft"",""record_id"":""1407374888497995"",""update_time"":""2024-12-18T03:02:48.147"",""confidence"":0.77}]",false,false,false,false,false,false,false,false
subset,biz_suffix,08f2b9b3602e1965038ebaed6005c3c2,Matthew Kandefer Plumbing & Heating,Matthew Kandefer Plumbing & Heating Inc.,35,40,5,5,6,1,79 Fillmore Ave,79 Fillmore Ave,Tonawanda,NY,plumbing,plumbing,0.9895134099616858,0.77,"[{""property"":"""",""dataset"":""meta"",""record_id"":""161819020532379"",""update_time"":""2025-01-06T00:00:00.000Z""},{""property"":""/properties/existence"",""dataset"":""msft"",""record_id"":""562949966728170"",""update_time"":""2025-01-06T00:00:00.000Z""},{""property"":""/properties/existence"",""dataset"":""msft"",""record_id"":""562949965505790"",""update_time"":""2025-01-06T00:00:00.000Z""}]","[{""dataset"":""Microsoft"",""record_id"":""562949965505790"",""update_time"":""2024-11-22T14:57:52.75"",""confidence"":0.77}]",false,false,false,true,false,false,false,false
subset,biz_suffix,08f44f04e6ac62e40333a6ae63ab3e12,Belmarmi,"Belmarmi, LLC",8,13,5,1,2,1,436 Atlantic Blvd,436 Atlantic Blvd,Neptune Beach,FL,contractor,business_management_services,0.9962614185921548,0.77,"[{""property"":"""",""dataset"":""meta"",""record_id"":""416596605755048"",""update_time"":""2025-01-06T00:00:00.000Z""},{""property"":""/properties/existence"",""dataset"":""msft"",""record_id"":""281474980505412"",""update_time"":""2025-01-06T00:00:00.000Z""},{""property"":""/properties/existence"",""dataset"":""msft"",""record_id"":""2251799819038940"",""update_time"":""2025-01-06T00:00:00.000Z""}]","[{""dataset"":""Microsoft"",""record_id"":""281474980505412"",""update_time"":""2023-11-16T14:33:14.757"",""confidence"":0.77}]",false,false,false,true,false,false,false,false
subset,biz_suffix,08f48c6c0057277103ad0f569c5d0383,One Way Heating and Cooling,"One Way Heating and Cooling, LLC",27,32,5,5,6,1,14140 Texas Rainbow Dr,14140 Texas Rainbow Dr,Horizon City,TX,hvac_services,hvac_services,0.9792361111111111,0.77,"[{""property"":"""",""dataset"":""meta"",""record_id"":""105745345582932"",""update_time"":""2025-01-06T00:00:00.000Z""},{""property"":""/properties/existence"",""dataset"":""msft"",""record_id"":""281474980252250"",""update_time"":""2025-01-06T00:00:00.000Z""},{""property"":""/properties/existence"",""dataset"":""msft"",""record_id"":""281474979783016"",""update_time"":""2025-01-06T00:00:00.000Z""}]","[{""dataset"":""Microsoft"",""record_id"":""281474980252250"",""update_time"":""2023-10-12T21:02:24.343"",""confidence"":0.77}]",false,false,false,true,false,false,false,false
subset,biz_suffix,1407374888040519,"Delta Management, LLC",Delta Management,21,16,-5,3,2,-1,805 3rd Ave 1100,805 3rd Ave Ste 1100,New York,NY,property_management,property_management,0.77,0.77,"[{""dataset"":""Microsoft"",""record_id"":""1407374888040519"",""update_time"":""2023-04-04T20:25:47.53"",""confidence"":0.77}]","[{""dataset"":""Microsoft"",""record_id"":""1407374890265436"",""update_time"":""2024-10-06T17:14:26.233"",""confidence"":0.77}]",false,false,true,false,false,false,false,false
subset,biz_suffix,1407374890969242,IM Immobilien GmbH,IM Immobilien,18,13,-5,3,2,-1,Gerdensiek 8,Gerdensiek 8,Bad Essen,Niedersachsen,real_estate_agent,real_estate_agent,0.77,0.77,"[{""dataset"":""Microsoft"",""record_id"":""1407374890969242"",""update_time"":""2024-07-16T15:10:51.87"",""confidence"":0.77}]","[{""dataset"":""Microsoft"",""record_id"":""844424934936094"",""update_time"":""2024-12-23T20:12:11.877"",""confidence"":0.77}]",false,false,true,false,false,false,false,false
subset,biz_suffix,1970324838776782,Grapefruit Graphics,Grapefruit Graphics Ltd.,19,24,5,2,3,1,"Unit 12, Fulcrum 4, Solent Way",Unit 12 Fulcrum,Whiteley,Hampshire,graphic_designer,graphic_designer,0.77,0.77,"[{""dataset"":""Microsoft"",""record_id"":""1970324838776782"",""update_time"":""2018-02-21T09:46:56.877"",""confidence"":0.77}]","[{""dataset"":""Microsoft"",""record_id"":""844424931059069"",""update_time"":""2014-12-22T09:41:54.743"",""confidence"":0.77}]",false,false,false,true,false,false,false,false
subset,biz_suffix,08f1e8e2111b0380037353ae5f9daca4,ISTITUTO DI VIGILANZA LA FIACCOLA snc,Istituto di Vigilanza La Fiaccola,37,33,-4,6,5,-1,ctr. S. Felice,"Contrada S. Felice, Snc",Lavello,,professional_services,Business and Professional Services > Business Service,0.3941504178272981,1.0,"[{""property"":"""",""dataset"":""meta"",""record_id"":""250371898327271"",""update_time"":""2025-01-06T08:00:00.000Z"",""confidence"":0.39415041782729804}]","[{""property"":"""",""dataset"":""FourSquare"",""record_id"":""58bdbf842b04f853999268db"",""update_time"":""2024-07-03T00:00:00.000"",""confidence"":1.0}]",false,false,false,false,false,false,false,false
subset,biz_suffix,08f1ea21aa51008803d17ecc46d983c3,Ad Maiora Estetica SNC,Ad Maiora Estetica,22,18,-4,4,3,-1,"Piazza Palmiro Togliatti, 20",Piazza Palmiro Togliatti 20,Campi Bisenzio,52,tanning_salon,Business and Professional Services > Health and Beauty Service > Tanning Salon,0.9908651262761956,1.0,"[{""property"":"""",""dataset"":""meta"",""record_id"":""896011077184076"",""update_time"":""2025-01-06T08:00:00.000Z"",""confidence"":0.9908651262761956}]","[{""property"":"""",""dataset"":""FourSquare"",""record_id"":""0cf701efea644c16c4b23b67"",""update_time"":""2024-07-03T00:00:00.000"",""confidence"":1.0}]",false,false,false,false,false,false,false,false
subset,biz_suffix,08f1ea446ed882290325e618a0d79f7e,L'Ufficio Srl,L'Ufficio,13,9,-4,2,1,-1,"Corso Milano, 50/A","Corso Milano, 50/A",Verona,VR,office_equipment,Retail > Print Store,0.8806389610389611,1.0,"[{""property"":"""",""dataset"":""Microsoft"",""record_id"":""562949957622025"",""update_time"":""2024-10-15T18:15:08.167Z"",""confidence"":0.77},{""property"":""/properties/existence"",""dataset"":""meta"",""record_id"":""108289342139301"",""update_time"":""2025-01-06T08:00:00.000Z"",""confidence"":0.48103896103896104}]","[{""property"":"""",""dataset"":""FourSquare"",""record_id"":""59d845e066fc654c15536d73"",""update_time"":""2024-07-03T00:00:00.000"",""confidence"":1.0}]",false,false,true,false,false,false,false,false
subset,biz_suffix,08f1ea5730172069034b97bd17a49833,Vinicola Al Mulinat,Vinicola Al Mulinat SNC,19,23,4,3,4,1,"Via Roma Sinistra, 132",Via Roma Sinistra 132,Jesolo,34,winery,,0.9544061302681992,1.0,"[{""property"":"""",""dataset"":""meta"",""record_id"":""535418789947066"",""update_time"":""2025-01-06T08:00:00.000Z"",""confidence"":0.9544061302681992}]","[{""property"":"""",""dataset"":""FourSquare"",""record_id"":""d46769f6bd9b406378f68f41"",""update_time"":""2024-07-03T00:00:00.000"",""confidence"":1.0}]",false,false,false,false,false,false,false,false
subset,biz_suffix,08f1f98385cedd150349a6fbd0f7791d,Ergi Srl,Ergi,8,4,-4,2,1,-1,"Via Ugo Foscolo, 40",Via Foscolo,Vercelli,21,fruits_and_vegetables,Retail > Food and Beverage Retail > Farmers Market,0.9467515923566879,1.0,"[{""property"":"""",""dataset"":""meta"",""record_id"":""356042517843018"",""update_time"":""2025-01-06T08:00:00.000Z"",""confidence"":0.9467515923566879}]","[{""property"":"""",""dataset"":""FourSquare"",""record_id"":""501cefcae4b0ad6cc8a57688"",""update_time"":""2024-07-03T00:00:00.000"",""confidence"":1.0}]",false,false,true,false,false,false,false,false
subset,biz_suffix,08f2660d202340aa0316e3f6ed6136e5,Strictly Business Motors,Strictly Business Motors Inc,24,28,4,3,4,1,903 S Schuyler Ave,903 S Schuyler Ave,Kankakee,IL,car_dealer,used_car_dealer,0.997898979043525,0.77,"[{""property"":"""",""dataset"":""meta"",""record_id"":""742644079100894"",""update_time"":""2025-01-06T00:00:00.000Z""},{""property"":""/properties/existence"",""dataset"":""msft"",""record_id"":""281474980857943"",""update_time"":""2025-01-06T00:00:00.000Z""},{""property"":""/properties/existence"",""dataset"":""msft"",""record_id"":""1125899912782140"",""update_time"":""2025-01-06T00:00:00.000Z""}]","[{""dataset"":""Microsoft"",""record_id"":""1125899912782140"",""update_time"":""2024-12-06T14:16:41.803"",""confidence"":0.77}]",false,false,false,true,false,false,false,false
subset,biz_suffix,08f266d35aca9d0903eb6197e6402ac8,Family Tree Cafe LLC,Family Tree Cafe,20,16,-4,4,3,-1,200 Edgewood Dr,912 S Main St,Nicholasville,KY,restaurant,Dining and Drinking > Restaurant > American Restaurant,0.9097222222222222,1.0,"[{""property"":"""",""dataset"":""meta"",""record_id"":""707255082958614"",""update_time"":""2025-01-06T08:00:00.000Z"",""confidence"":0.9097222222222222}]","[{""property"":"""",""dataset"":""FourSquare"",""record_id"":""fce24d1c5305420542141e30"",""update_time"":""2024-10-14T00:00:00.000"",""confidence"":1.0}]",false,false,true,false,false,false,false,false
subset,biz_suffix,08f275924ad89490032cae5045094c88,Darcy Majka,"Darcy Majka, MD",11,15,4,2,3,1,801 N Cass Ave,801 N Cass Ave,Westmont,IL,rheumatologist,rheumatologist,0.77,0.77,"[{""property"":"""",""dataset"":""msft"",""record_id"":""1970324840950710"",""update_time"":""2025-01-06T00:00:00.000Z""},{""property"":""/properties/existence"",""dataset"":""msft"",""record_id"":""1407374885379684"",""update_time"":""2025-01-06T00:00:00.000Z""},{""property"":""/properties/existence"",""dataset"":""msft"",""record_id"":""1125899912045643"",""update_time"":""2025-01-06T00:00:00.000Z""},{""property"":""/properties/existence"",""dataset"":""msft"",""record_id"":""1125899911320551"",""update_time"":""2025-01-06T00:00:00.000Z""},{""property"":""/properties/existence"",""dataset"":""msft"",""record_id"":""1125899909396381"",""update_time"":""2025-01-06T00:00:00.000Z""}]","[{""dataset"":""Microsoft"",""record_id"":""1125899912045643"",""update_time"":""2024-12-25T03:30:02.88"",""confidence"":0.77}]",false,false,false,false,false,false,false,false
subset,biz_suffix,08f2a109b14d339a03ae843b5350701e,Meridians Inc,Meridians,13,9,-4,2,1,-1,99 Danbury Rd,99 Danbury Rd Ste 3,Ridgefield,CT,health_food_store,Retail > Food and Beverage Retail > Grocery Store > Organic Grocery,0.9146576663452266,1.0,"[{""property"":"""",""dataset"":""meta"",""record_id"":""1609825982648115"",""update_time"":""2025-01-06T08:00:00.000Z"",""confidence"":0.9146576663452266}]","[{""property"":"""",""dataset"":""FourSquare"",""record_id"":""327a2e02b1d94efc50c53fae"",""update_time"":""2023-11-30T00:00:00.000"",""confidence"":1.0}]",false,false,true,false,false,false,false,false
subset,biz_suffix,08f2a963292692c0033e8eb7f4a3a9f4,Jim Shaffer Realty LLC,Jim Shaffer Realty,22,18,-4,4,3,-1,11661 State Route 707,11661 State Route 707,Mendon,OH,property_management,Business and Professional Services > Real Estate Service > Property Management Office,0.9544061302681992,1.0,"[{""property"":"""",""dataset"":""meta"",""record_id"":""286909015065013"",""update_time"":""2025-01-06T08:00:00.000Z"",""confidence"":0.9544061302681992}]","[{""property"":"""",""dataset"":""FourSquare"",""record_id"":""399904056a1142368a1c40a4"",""update_time"":""2023-11-29T00:00:00.000"",""confidence"":1.0}]",false,false,true,false,false,false,false,false
subset,biz_suffix,08f2aabbb32423a20360f9e555daeb7c,Kennys Auto Services Inc,Kenny's Auto Service,24,20,-4,4,3,-1,17939 Kings Hwy,17939 Kings Hwy,Montross,VA,automotive_repair,Business and Professional Services > Automotive Service > Automotive Repair Shop,0.9645127118644068,1.0,"[{""property"":"""",""dataset"":""meta"",""record_id"":""392152324597028"",""update_time"":""2025-01-06T08:00:00.000Z"",""confidence"":0.9645127118644068}]","[{""property"":"""",""dataset"":""FourSquare"",""record_id"":""4fce33cae4b00fbc4898515c"",""update_time"":""2024-10-12T00:00:00.000"",""confidence"":1.0}]",false,false,true,false,false,false,false,false
subset,biz_suffix,08f44d886368c070035d4a2359dd0ad6,Santolubes Manufacturing,Santolubes Manufacturing LLC,24,28,4,2,3,1,2155 W Croft Cir,South 2006,Spartanburg,SC,chemical_plant,Business and Professional Services > Factory,0.9645127118644068,1.0,"[{""property"":"""",""dataset"":""meta"",""record_id"":""107611995997043"",""update_time"":""2025-01-06T08:00:00.000Z"",""confidence"":0.9645127118644068}]","[{""property"":"""",""dataset"":""FourSquare"",""record_id"":""5376603e11d22e39cbb1e8d8"",""update_time"":""2024-10-14T00:00:00.000"",""confidence"":1.0}]",false,false,false,true,false,false,false,false
subset,biz_suffix,1407374891300804,Epic Auto Glass,Epic Auto Glass LLC,15,19,4,3,4,1,1646 S St Andrews Pl,1646 South Saint Andrews Place,Los Angeles,CA,auto_glass_service,auto_glass_service,0.77,0.77,"[{""dataset"":""Microsoft"",""record_id"":""1407374891300804"",""update_time"":""2024-10-23T03:43:30.99"",""confidence"":0.77}]","[{""dataset"":""Microsoft"",""record_id"":""562949966028374"",""update_time"":""2024-08-26T23:56:26.933"",""confidence"":0.77}]",false,false,false,true,false,false,false,false
subset,biz_suffix,2251799821286742,Swiftbooks,Swiftbooks LLC,10,14,4,1,2,1,12150 SW 128 Ct Ste 212,12150 SW 128 Ct Ste 221,Miami,FL,accountant,accountant,0.77,0.77,"[{""dataset"":""Microsoft"",""record_id"":""2251799821286742"",""update_time"":""2024-01-17T13:09:08.833"",""confidence"":0.77}]","[{""dataset"":""Microsoft"",""record_id"":""562949965548240"",""update_time"":""2024-05-01T22:50:09.497"",""confidence"":0.77}]",false,false,false,true,false,false,false,false
subset,biz_suffix,08f08f02c0755b89034609eac48d4092,Mecra Consult AB,Mecra Consult,16,13,-3,3,2,-1,Verkstadsvägen 13,Verkstadsv. 13,Skellefteå,,pest_control_service,Retail,0.9645127118644068,1.0,"[{""property"":"""",""dataset"":""meta"",""record_id"":""268424373620440"",""update_time"":""2025-01-06T08:00:00.000Z"",""confidence"":0.9645127118644068}]","[{""property"":"""",""dataset"":""FourSquare"",""record_id"":""609da988a6274420a008a9e0"",""update_time"":""2023-08-18T00:00:00.000"",""confidence"":1.0}]",false,false,false,false,false,false,false,false
subset,biz_suffix,08f195c3adce990503c50124c927348e,Billy Bears Nursery Ltd,Billy Bear's Nursery,23,20,-3,4,3,-1,Brownley Rd,Brownley Road,,,preschool,elementary_school,0.9918379237288135,0.77,"[{""property"":"""",""dataset"":""meta"",""record_id"":""154587304399215"",""update_time"":""2025-01-06T00:00:00.000Z""},{""property"":""/properties/existence"",""dataset"":""msft"",""record_id"":""844424930893750"",""update_time"":""2025-01-06T00:00:00.000Z""},{""property"":""/properties/existence"",""dataset"":""msft"",""record_id"":""1125899908806520"",""update_time"":""2025-01-06T00:00:00.000Z""}]","[{""dataset"":""Microsoft"",""record_id"":""1125899908806520"",""update_time"":""2017-03-29T11:36:38.29"",""confidence"":0.77}]",false,false,true,false,false,false,false,false
subset,biz_suffix,08f1f8d61886518b0383df6b6adad249,Dorfladen Moosach,Dorfladen Moosach UG,17,20,3,2,3,1,Grafinger Straße 4,Taubenstr. 1,Moosach,,grocery_store,Retail > Food and Beverage Retail,0.9645127118644068,1.0,"[{""property"":"""",""dataset"":""meta"",""record_id"":""235059490601603"",""update_time"":""2025-01-06T08:00:00.000Z"",""confidence"":0.9645127118644068}]","[{""property"":"""",""dataset"":""FourSquare"",""record_id"":""414a6cd998474254397163cd"",""update_time"":""2024-10-08T00:00:00.000"",""confidence"":1.0}]",false,false,false,false,false,false,false,false
subset,biz_suffix,08f44ce921b324f3034b1da5f3c7947f,North Atlanta Heart & Vascular Center PC,North Atlanta Heart & Vascular Center,40,37,-3,7,6,-1,1400 Northside Forsyth Dr,"1400 North Forsyth Drive, Ste. 380",Cumming,GA,cardiologist,Health and Medicine > Medical Center,0.7927927927927928,1.0,"[{""property"":"""",""dataset"":""meta"",""record_id"":""553548581761536"",""update_time"":""2025-01-06T08:00:00.000Z"",""confidence"":0.7927927927927928}]","[{""property"":"""",""dataset"":""FourSquare"",""record_id"":""510aa011e4b0058904ebae34"",""update_time"":""2024-10-15T00:00:00.000"",""confidence"":1.0}]",false,false,false,false,false,false,false,false
subset,branch_suffix,08f60145a6114b260336957abd9b35b7,Micronova IT Group,"Micronova IT Group - Internet Leased Lines, Internet Data Center, Managed IT Services",18,85,67,3,13,10,18 Bull Temple Road,"17, Bull Temple Road, Basavanagudi",Bengaluru,KA,internet_service_provider,industrial_equipment,0.9895134099616858,0.77,"[{""property"":"""",""dataset"":""meta"",""record_id"":""111110383764991"",""update_time"":""2025-01-06T00:00:00.000Z""},{""property"":""/properties/existence"",""dataset"":""msft"",""record_id"":""281474979778161"",""update_time"":""2025-01-06T00:00:00.000Z""}]","[{""dataset"":""Microsoft"",""record_id"":""281474979778161"",""update_time"":""2024-12-11T17:44:51.44"",""confidence"":0.77}]",false,false,false,false,false,false,false,true
subset,branch_suffix,08f44c129ace4aa103315b2ff2b7d340,AlignLife,AlignLife - Chiropractic & Natural Health Center,9,48,39,1,7,6,5422 Cumming Hwy,5422 Cumming Highway Ste 101,Buford,GA,chiropractor,chiropractor,0.997898979043525,0.77,"[{""property"":"""",""dataset"":""meta"",""record_id"":""356845884449700"",""update_time"":""2025-01-06T00:00:00.000Z""},{""property"":""/properties/existence"",""dataset"":""msft"",""record_id"":""844424933270060"",""update_time"":""2025-01-06T00:00:00.000Z""},{""property"":""/properties/existence"",""dataset"":""msft"",""record_id"":""281474980315425"",""update_time"":""2025-01-06T00:00:00.000Z""}]","[{""dataset"":""Microsoft"",""record_id"":""844424933270060"",""update_time"":""2024-08-31T19:46:32.967"",""confidence"":0.77}]",false,false,false,false,false,false,false,false
subset,branch_suffix,08f3cf28a84b06de03f07dff38c60faa,Me n Moms Baby Care & Kids Store in Barasar,Me n Moms,43,9,-34,10,3,-7,"No 31/1, Dakbunglow More, Jessore Road, North 24 Parganas, Barasat","No 31/1, Dakbunglow More, Jessore Road, North 24 Parganas, Barasat",Kolkata,West Bengal,retail,retail,0.77,0.77,"[{""property"":"""",""dataset"":""msft"",""record_id"":""562949966165569"",""update_time"":""2025-01-06T00:00:00.000Z""},{""property"":""/properties/existence"",""dataset"":""msft"",""record_id"":""1688849865253817"",""update_time"":""2025-01-06T00:00:00.000Z""}]","[{""dataset"":""Microsoft"",""record_id"":""1688849865253817"",""update_time"":""2023-07-04T09:23:58.55"",""confidence"":0.77}]",false,false,false,false,false,false,true,false
subset,branch_suffix,08f64a4a14064ce903803216f18dd862,โรงรับจำนำเจริญพร้อม ใกล้ปากซอยกันตนา บางใหญ่,โรงรับจำนำเจริญพร้อม,45,20,-25,3,1,-2,15/6 ถนน กาญจนาภิเษก,15/6 ถนนกาญจนาภิเษก บางม่วง,บางใหญ่,,jewelry_store,Retail > Pawn Shop,0.48103896103896104,1.0,"[{""property"":"""",""dataset"":""meta"",""record_id"":""758637327558129"",""update_time"":""2025-01-06T08:00:00.000Z"",""confidence"":0.48103896103896104}]","[{""property"":"""",""dataset"":""FourSquare"",""record_id"":""638469e834ea5d0bbc0bf5dd"",""update_time"":""2022-11-28T00:00:00.000"",""confidence"":1.0}]",false,false,false,false,false,false,false,false
subset,branch_suffix,2251799814325658,Miracle-Ear,Miracle-Ear Hearing Aid Center,11,30,19,1,4,3,1439 Churchill St,"1439 Churchill St, Ste 303",Waupaca,WI,hearing_aids,hearing_aids,0.77,0.77,"[{""dataset"":""Microsoft"",""record_id"":""2251799814325658"",""update_time"":""2015-11-22T19:33:41.367"",""confidence"":0.77}]","[{""dataset"":""Microsoft"",""record_id"":""562949964732748"",""update_time"":""2024-12-11T12:43:06.69"",""confidence"":0.77}]",false,false,false,false,false,false,false,false
subset,branch_suffix,281474978634936,London Drugs,London Drugs - Heritage Plaza,12,29,17,2,5,3,8330 Macleod Trail,8330 MacLeod Trail SE,Calgary,AB,electronics,electronics,0.77,0.77,"[{""dataset"":""Microsoft"",""record_id"":""281474978634936"",""update_time"":""2019-10-16T00:44:13.33"",""confidence"":0.77}]","[{""dataset"":""Microsoft"",""record_id"":""844424931994895"",""update_time"":""2017-05-04T15:58:32.003"",""confidence"":0.77}]",false,false,false,false,false,false,false,false
subset,branch_suffix,08f260d84244933003336dab587f799b,Party City,Party City Southridge Mall,10,26,16,2,4,2,6325 SE 14th St,1111 E Army Post Rd,Des Moines,IA,party_supply,party_supply,0.48103896103896104,0.77,"[{""property"":"""",""dataset"":""meta"",""record_id"":""320438322061819"",""update_time"":""2025-01-06T00:00:00.000Z""}]","[{""property"":"""",""dataset"":""msft"",""record_id"":""1688849861241213"",""update_time"":""2025-01-06T00:00:00.000Z""}]",false,false,false,false,false,false,false,false
subset,branch_suffix,08f1f99ce216ca9003fcd409eb1d26dd,iRiparo,iRiparo Store Bollate,7,21,14,1,3,2,"Via 11 Febbraio, 5","Via XI Febbraio, 5",Bollate,25,mobile_phone_store,mobile_phone_repair,0.9918379237288135,0.77,"[{""property"":"""",""dataset"":""meta"",""record_id"":""224633791062225"",""update_time"":""2025-01-06T00:00:00.000Z""},{""property"":""/properties/existence"",""dataset"":""msft"",""record_id"":""1125899909389081"",""update_time"":""2025-01-06T00:00:00.000Z""}]","[{""dataset"":""Microsoft"",""record_id"":""1125899909389081"",""update_time"":""2022-10-31T11:17:48.417"",""confidence"":0.77}]",false,false,false,false,false,false,false,false
subset,branch_suffix,08f26018a238d29d03c56d0d299be776,Hy-Vee,Hy-Vee Grocery Store,6,20,14,1,3,2,1951 S Main Ave,1951 S Main Ave,Sioux Center,IA,supermarket,drugstore,0.997898979043525,0.77,"[{""property"":"""",""dataset"":""meta"",""record_id"":""112550075446602"",""update_time"":""2025-01-06T00:00:00.000Z""},{""property"":""/properties/existence"",""dataset"":""msft"",""record_id"":""1407374888731022"",""update_time"":""2025-01-06T00:00:00.000Z""},{""property"":""/properties/existence"",""dataset"":""msft"",""record_id"":""1407374888719377"",""update_time"":""2025-01-06T00:00:00.000Z""},{""property"":""/properties/existence"",""dataset"":""msft"",""record_id"":""1125899911629121"",""update_time"":""2025-01-06T00:00:00.000Z""}]","[{""dataset"":""Microsoft"",""record_id"":""1125899911631616"",""update_time"":""2023-01-26T18:12:03.323"",""confidence"":0.77}]",false,false,false,false,false,false,false,false
subset,branch_suffix,08f2e1b56b94512d03f5193dc7c7a7a0,金しゃぶ札幌すすきの店,個室としゃぶしゃぶ食べ放題金しゃぶ 札幌すすきの店,11,25,14,1,2,1,中央区南5条西5丁目13-1,,,,sushi_restaurant,Dining and Drinking > Bar,0.9467515923566879,1.0,"[{""property"":"""",""dataset"":""meta"",""record_id"":""108638310603699"",""update_time"":""2025-01-06T08:00:00.000Z"",""confidence"":0.9467515923566879}]","[{""property"":"""",""dataset"":""FourSquare"",""record_id"":""ff879709aba840d863635d20"",""update_time"":""2024-03-14T00:00:00.000"",""confidence"":1.0}]",false,false,false,false,false,false,false,false
subset,branch_suffix,08f265b4a49aad8403c807ff79640e5b,Maumelle High School,Maumelle High School Media Center,20,33,13,3,5,2,100 Victory Ln,100 Victory Ln,Maumelle,AR,high_school,Community and Government > Library,0.9837452982267598,1.0,"[{""property"":"""",""dataset"":""meta"",""record_id"":""144290415599179"",""update_time"":""2025-01-06T08:00:00.000Z"",""confidence"":0.9837452982267598}]","[{""property"":"""",""dataset"":""FourSquare"",""record_id"":""5bd9b6c8e0c0c9002cf5944f"",""update_time"":""2024-10-24T00:00:00.000"",""confidence"":1.0}]",false,false,false,false,false,false,false,false
subset,branch_suffix,08f266270c4539260304d8c6b7750c95,Sherwin-Williams,Sherwin-Williams Paint Store,16,28,12,1,3,2,523 Pulaski St,523 Pulaski St,Lincoln,IL,hardware_store,Retail > Hardware Store,0.9962614185921548,1.0,"[{""property"":"""",""dataset"":""meta"",""record_id"":""1841590429409623"",""update_time"":""2025-01-06T08:00:00.000Z"",""confidence"":0.9837452982267598},{""property"":""/properties/existence"",""dataset"":""Microsoft"",""record_id"":""1970324837060849"",""update_time"":""2020-11-26T05:37:59.063Z"",""confidence"":0.77}]","[{""property"":"""",""dataset"":""FourSquare"",""record_id"":""4f15fb8ce4b03856f4e3ab13"",""update_time"":""2024-10-11T00:00:00.000"",""confidence"":1.0}]",false,false,false,false,false,false,false,false
subset,branch_suffix,08f27594f32db1000333b7abb88b623c,Sherwin-Williams,Sherwin-Williams Paint Store,16,28,12,1,3,2,4923 E State St,4923 E State St,Rockford,IL,hardware_store,paint_store,0.9962614185921548,0.77,"[{""property"":"""",""dataset"":""meta"",""record_id"":""1796782177272403"",""update_time"":""2025-01-06T00:00:00.000Z""},{""property"":""/properties/existence"",""dataset"":""msft"",""record_id"":""844424932846811"",""update_time"":""2025-01-06T00:00:00.000Z""},{""property"":""/properties/existence"",""dataset"":""msft"",""record_id"":""562949955311951"",""update_time"":""2025-01-06T00:00:00.000Z""},{""property"":""/properties/existence"",""dataset"":""msft"",""record_id"":""562949955045465"",""update_time"":""2025-01-06T00:00:00.000Z""},{""property"":""/properties/existence"",""dataset"":""msft"",""record_id"":""562949953710650"",""update_time"":""2025-01-06T00:00:00.000Z""},{""property"":""/properties/existence"",""dataset"":""msft"",""record_id"":""1970324837060835"",""update_time"":""2025-01-06T00:00:00.000Z""}]","[{""dataset"":""Microsoft"",""record_id"":""1970324837060835"",""update_time"":""2020-11-25T21:38:02.793"",""confidence"":0.77}]",false,false,false,false,false,false,false,false
subset,branch_suffix,08f2a3054ea419100343bc22de5b1a6d,Sherwin-Williams,Sherwin-Williams Paint Store,16,28,12,1,3,2,5 Plaistow Rd,5 Plaistow Rd Ste 5C,Plaistow,NH,hardware_store,paint_store,0.9962614185921548,0.77,"[{""property"":"""",""dataset"":""meta"",""record_id"":""306752806542350"",""update_time"":""2025-01-06T00:00:00.000Z""},{""property"":""/properties/existence"",""dataset"":""msft"",""record_id"":""844424932838900"",""update_time"":""2025-01-06T00:00:00.000Z""},{""property"":""/properties/existence"",""dataset"":""msft"",""record_id"":""1970324838817866"",""update_time"":""2025-01-06T00:00:00.000Z""}]","[{""dataset"":""Microsoft"",""record_id"":""844424932838900"",""update_time"":""2024-12-23T17:42:33.403"",""confidence"":0.77}]",false,false,false,false,false,false,false,false
subset,branch_suffix,08f48e80900ad68103a541491b59a68f,Sherwin-Williams,Sherwin-Williams Paint Store,16,28,12,1,3,2,3641 W Ina Rd,3641 W Ina Rd,Tucson,AZ,hardware_store,paint_store,0.9962614185921548,0.77,"[{""property"":"""",""dataset"":""meta"",""record_id"":""1841501256079056"",""update_time"":""2025-01-06T00:00:00.000Z""},{""property"":""/properties/existence"",""dataset"":""msft"",""record_id"":""844424932842343"",""update_time"":""2025-01-06T00:00:00.000Z""},{""property"":""/properties/existence"",""dataset"":""msft"",""record_id"":""1970324838094912"",""update_time"":""2025-01-06T00:00:00.000Z""}]","[{""dataset"":""Microsoft"",""record_id"":""844424932842343"",""update_time"":""2024-12-23T18:56:12.257"",""confidence"":0.77}]",false,false,false,false,false,false,false,false
subset,branch_suffix,1407374883710721,Red Wing Shoe Store,Red Wing,19,8,-11,4,2,-2,8513 Midlothian Tpke,8513 Midlothian Tpke,Richmond,VA,shoe_store,shoe_store,0.77,0.77,"[{""dataset"":""Microsoft"",""record_id"":""1407374883710721"",""update_time"":""2013-05-29T14:20:47.003"",""confidence"":0.77}]","[{""dataset"":""Microsoft"",""record_id"":""1407374891422515"",""update_time"":""2024-12-30T05:03:02.487"",""confidence"":0.77}]",false,false,false,false,false,false,false,false
subset,branch_suffix,08f2e61042d24ada03990ad8a9070a17,百十,百十 なんばこめじるし店,2,12,10,1,2,1,浪速区難波中2丁目10-25,浪速区難波中2-10-25,,,restaurant,Dining and Drinking > Restaurant > Asian Restaurant > Japanese Restaurant > Monjayaki Restaurant,0.9837452982267598,1.0,"[{""property"":"""",""dataset"":""meta"",""record_id"":""249835101890036"",""update_time"":""2025-01-06T08:00:00.000Z"",""confidence"":0.9837452982267598}]","[{""property"":"""",""dataset"":""FourSquare"",""record_id"":""4ce11d7e69136dcbd358e7e6"",""update_time"":""2024-10-31T00:00:00.000"",""confidence"":1.0}]",false,false,false,false,false,false,false,false
subset,branch_suffix,08f4b6209685d54003d1f7f13199e8e5,JINS,JINS イオンモール宮崎店,4,14,10,1,2,1,新別府町江口862-1,新別府町江口862-1,,,eyewear_and_optician,Retail > Eyecare Store,0.9645127118644068,1.0,"[{""property"":"""",""dataset"":""meta"",""record_id"":""230132220334210"",""update_time"":""2025-01-06T08:00:00.000Z"",""confidence"":0.9645127118644068}]","[{""property"":"""",""dataset"":""FourSquare"",""record_id"":""4dd3559cb0fb0dcdadf4569c"",""update_time"":""2024-10-31T00:00:00.000"",""confidence"":1.0}]",false,false,false,false,false,false,false,false
subset,branch_suffix,08f2e2952015454003e72b72f40a13db,ローソン,ローソン いわき下好間店,4,12,8,1,2,1,福島県いわき市好間町下好間一町坪１２３−１,好間町下好間一町坪123-1,いわき市,,convenience_store,Retail > Convenience Store,0.9445655559015883,1.0,"[{""property"":"""",""dataset"":""meta"",""record_id"":""177558958964735"",""update_time"":""2025-01-06T08:00:00.000Z"",""confidence"":0.9445655559015883}]","[{""property"":"""",""dataset"":""FourSquare"",""record_id"":""4ce206f6f8cdb1f7b404a012"",""update_time"":""2022-09-14T00:00:00.000"",""confidence"":1.0}]",false,false,false,false,false,false,false,false
subset,branch_suffix,08f2e60113b58a10030d10e67f7b9ea2,カレット,カレット洋菓子店 矢田店,4,12,8,1,2,1,愛知県常滑市矢田垣出口４６−１,矢田垣出口46-1,常滑市,,bakery,"Dining and Drinking > Cafe, Coffee, and Tea House > Café",0.9837452982267598,1.0,"[{""property"":"""",""dataset"":""meta"",""record_id"":""679111428848283"",""update_time"":""2025-01-06T08:00:00.000Z"",""confidence"":0.9837452982267598}]","[{""property"":"""",""dataset"":""FourSquare"",""record_id"":""4bf38f43370e76b0f669bd4a"",""update_time"":""2024-08-16T00:00:00.000"",""confidence"":1.0}]",false,false,false,false,false,false,false,false
subset,branch_suffix,08f2f5ba509090ac03468e634b18ae44,ノジマ イオン富士宮店,ノジマ,11,3,-8,2,1,-1,"浅間町1-8, イオンモ-ル富士宮2F",浅間町1-8,富士宮市,静岡県,electronics,Retail > Furniture and Home Store > Home Appliance Store,0.77,1.0,"[{""property"":"""",""dataset"":""Microsoft"",""record_id"":""562949961433422"",""update_time"":""2024-12-25T14:43:13.803Z"",""confidence"":0.77}]","[{""property"":"""",""dataset"":""FourSquare"",""record_id"":""4e4f60721f6eae4d251977fa"",""update_time"":""2024-10-31T00:00:00.000"",""confidence"":1.0}]",false,false,false,false,false,false,false,false
subset,branch_suffix,08f264626394cd4b030ac3f573c76061,Bank of America ATM,Bank Of America ATM Center,19,26,7,4,5,1,6646 Clayton Rd,6646 Clayton Rd,Richmond Heights,MO,online_shop,Retail > Miscellaneous Store,0.77,1.0,"[{""property"":"""",""dataset"":""Microsoft"",""record_id"":""1125899911334588"",""update_time"":""2024-12-31T00:52:32.423Z"",""confidence"":0.77}]","[{""property"":"""",""dataset"":""FourSquare"",""record_id"":""4ca4f68af47ea1434edd5221"",""update_time"":""2024-05-22T00:00:00.000"",""confidence"":1.0}]",false,false,false,false,false,false,false,false
subset,branch_suffix,08f29a1884aa5d000318a4297f62c936,U.S. Bank,U.S. Bank Branch,9,16,7,2,3,1,14475 Ventura Blvd,14475 Ventura Blvd,Sherman Oaks,CA,banks,bank_credit_union,0.9962614185921548,0.77,"[{""property"":"""",""dataset"":""meta"",""record_id"":""702824929877051"",""update_time"":""2025-01-06T00:00:00.000Z""},{""property"":""/properties/existence"",""dataset"":""msft"",""record_id"":""2251799814096292"",""update_time"":""2025-01-06T00:00:00.000Z""},{""property"":""/properties/existence"",""dataset"":""msft"",""record_id"":""1970324837285948"",""update_time"":""2025-01-06T00:00:00.000Z""},{""property"":""/properties/existence"",""dataset"":""msft"",""record_id"":""1688849863078185"",""update_time"":""2025-01-06T00:00:00.000Z""}]","[{""dataset"":""Microsoft"",""record_id"":""1688849863078185"",""update_time"":""2024-12-25T03:47:46.81"",""confidence"":0.77}]",false,false,false,false,false,false,false,false
subset,branch_suffix,08f2e60d7002352503c3cb71357edbdb,ゲオクラスポ蒲郡店,ゲオ,9,2,-7,1,1,0,"鹿島町浅井新田1-26, クラスポ蒲郡 2F",鹿島町浅井新田1-26,蒲郡市,愛知県,video_and_video_game_rentals,Retail > Video Store,0.77,1.0,"[{""property"":"""",""dataset"":""Microsoft"",""record_id"":""1407374889067381"",""update_time"":""2024-12-17T12:17:19.837Z"",""confidence"":0.77}]","[{""property"":"""",""dataset"":""FourSquare"",""record_id"":""50e800cce4b0b2f92994a758"",""update_time"":""2024-10-31T00:00:00.000"",""confidence"":1.0}]",false,false,false,false,false,false,false,false
subset,branch_suffix,08f2f5ada102b2c803620ac981fae8cd,セブンイレブン,セブンイレブン 波崎土合南店,7,14,7,1,2,1,土合南1丁目2-5,土合南1-2-9,,,convenience_store,Retail > Convenience Store,0.9837452982267598,1.0,"[{""property"":"""",""dataset"":""meta"",""record_id"":""244899649704826"",""update_time"":""2025-01-06T08:00:00.000Z"",""confidence"":0.9837452982267598}]","[{""property"":"""",""dataset"":""FourSquare"",""record_id"":""4ca2f968c1f1ef3b48cf8ca4"",""update_time"":""2024-08-07T00:00:00.000"",""confidence"":1.0}]",false,false,false,false,false,false,false,false
subset,branch_suffix,08f30d9ac062e59103f685900bca2f2b,大衆馬肉酒場 うまる 博多筑紫口店,大衆馬肉酒場 うまる,17,10,-7,3,2,-1,福岡県福岡市博多区博多駅東２丁目１０−１２,博多区博多駅東2-10-12,福岡市博多区,,restaurant,Dining and Drinking > Bar > Sake Bar,0.7927927927927928,1.0,"[{""property"":"""",""dataset"":""meta"",""record_id"":""108819515149686"",""update_time"":""2025-01-06T08:00:00.000Z"",""confidence"":0.7927927927927928}]","[{""property"":"""",""dataset"":""FourSquare"",""record_id"":""6389e6b3b64f54120a443d3b"",""update_time"":""2023-07-04T00:00:00.000"",""confidence"":1.0}]",false,false,false,false,false,false,false,false
subset,branch_suffix,08f446ca680a1869030a4ea331750302,Discount Tire,Discount Tire® Store,13,20,7,2,3,1,24202 Cinco Ranch Blvd,24202 Cinco Ranch Blvd,Katy,TX,tire_dealer_and_repair,tire_shop,0.9962614185921548,0.77,"[{""property"":"""",""dataset"":""meta"",""record_id"":""164982366860797"",""update_time"":""2025-01-06T00:00:00.000Z""},{""property"":""/properties/existence"",""dataset"":""msft"",""record_id"":""844424930441743"",""update_time"":""2025-01-06T00:00:00.000Z""},{""property"":""/properties/existence"",""dataset"":""msft"",""record_id"":""562949960263844"",""update_time"":""2025-01-06T00:00:00.000Z""},{""property"":""/properties/existence"",""dataset"":""msft"",""record_id"":""281474978737513"",""update_time"":""2025-01-06T00:00:00.000Z""},{""property"":""/properties/existence"",""dataset"":""msft"",""record_id"":""281474976949589"",""update_time"":""2025-01-06T00:00:00.000Z""}]","[{""dataset"":""Microsoft"",""record_id"":""281474976949589"",""update_time"":""2013-05-14T21:54:01.25"",""confidence"":0.77}]",false,false,false,false,false,false,false,false
subset,branch_suffix,08f48d29a30e030603375e4e232a197d,West Texas Lifestyle & Rehab,West Texas Lifestyle & Rehab Center,28,35,7,5,6,1,608 W 4th St,412 Mustang Dr,Denver City,TX,physical_therapy,Sports and Recreation > Gym and Studio,0.9837452982267598,1.0,"[{""property"":"""",""dataset"":""meta"",""record_id"":""637461486280498"",""update_time"":""2025-01-06T08:00:00.000Z"",""confidence"":0.9837452982267598}]","[{""property"":"""",""dataset"":""FourSquare"",""record_id"":""50188064e4b0deb6b213a6a7"",""update_time"":""2024-10-11T00:00:00.000"",""confidence"":1.0}]",false,false,false,false,false,false,false,false
subset,branch_suffix,08f61aba6ba0e27003ec97321fdfa81a,Axis Bank Branch,Axis Bank,16,9,-7,3,2,-1,"Plot No 2, Umamaheswarapuram, Karikulam, Kumbakonam Main Road","Plot No 2, Umamaheswarapuram, Karikulam, Kumbakonam Main Road",,,bank_credit_union,bank_credit_union,0.9895134099616858,0.77,"[{""property"":"""",""dataset"":""meta"",""record_id"":""750656828638298"",""update_time"":""2025-01-06T00:00:00.000Z""},{""property"":""/properties/existence"",""dataset"":""msft"",""record_id"":""1688849863438952"",""update_time"":""2025-01-06T00:00:00.000Z""}]","[{""dataset"":""Microsoft"",""record_id"":""1688849863438952"",""update_time"":""2021-07-22T18:27:24.47"",""confidence"":0.77}]",false,false,false,false,false,false,false,false
subset,branch_suffix,08fbb72ae6111224032728dc57e311d1,Vivian Medical Centre,Vivian Medical,21,14,-7,3,2,-1,56 Vivian St,,New Plymouth,TKI,family_practice,Health and Medicine > Physician > Doctor's Office,0.48103896103896104,1.0,"[{""property"":"""",""dataset"":""meta"",""record_id"":""101816075887641"",""update_time"":""2025-01-06T08:00:00.000Z"",""confidence"":0.48103896103896104}]","[{""property"":"""",""dataset"":""FourSquare"",""record_id"":""4e24b7681f6eae48abd74cd1"",""update_time"":""2020-11-30T00:00:00.000"",""confidence"":1.0}]",false,false,false,false,false,false,false,false
subset,branch_suffix,1125899908396217,Bluebell Physiotherapy,Bluebell Physiotherapy Centre,22,29,7,2,3,1,Warren Road,"Hilltop Farm, Warren Road",Chatham,"",doctor,doctor,0.77,0.77,"[{""dataset"":""Microsoft"",""record_id"":""1125899908396217"",""update_time"":""2016-12-26T00:21:38.36"",""confidence"":0.77}]","[{""dataset"":""Microsoft"",""record_id"":""844424930911842"",""update_time"":""2014-11-22T12:44:12.063"",""confidence"":0.77}]",false,false,false,false,false,false,false,false
subset,branch_suffix,1688849863076915,U.S. Bank Branch,U.S. Bank,16,9,-7,3,2,-1,304 F St,304 F St,Davis,CA,mortgage_lender,mortgage_lender,0.77,0.77,"[{""dataset"":""Microsoft"",""record_id"":""1688849863076915"",""update_time"":""2024-12-25T04:24:59.97"",""confidence"":0.77}]","[{""dataset"":""Microsoft"",""record_id"":""2251799814095002"",""update_time"":""2016-07-01T15:49:26.177"",""confidence"":0.77}]",false,false,false,false,false,false,false,false
subset,branch_suffix,08f26c188da4a01c03cc844ea77af66a,Alfred P. Murrah Federal Building,Alfred P. Murrah Federal Building Plaza,33,39,6,5,6,1,620 N Harvey Ave,NW 4th St,Oklahoma City,OK,landmark_and_historical_building,Landmarks and Outdoors > Plaza,0.9544061302681992,1.0,"[{""property"":"""",""dataset"":""meta"",""record_id"":""143862385627929"",""update_time"":""2025-01-06T08:00:00.000Z"",""confidence"":0.9544061302681992}]","[{""property"":"""",""dataset"":""FourSquare"",""record_id"":""54af1016498e7b9d45deab1f"",""update_time"":""2024-10-15T00:00:00.000"",""confidence"":1.0}]",false,false,false,false,false,false,false,false
subset,branch_suffix,08f2830812d74431032d8a1ab0e1093f,AT&T Store,AT&T,10,4,-6,2,1,-1,3333 Lakeshore Ave,3333 Lakeshore Ave,Oakland,CA,mobile_phone_accessories,mobile_phone_accessories,0.77,0.77,"[{""property"":"""",""dataset"":""msft"",""record_id"":""281474978249581"",""update_time"":""2025-01-06T00:00:00.000Z""},{""property"":""/properties/existence"",""dataset"":""msft"",""record_id"":""1407374889751160"",""update_time"":""2025-01-06T00:00:00.000Z""},{""property"":""/properties/existence"",""dataset"":""msft"",""record_id"":""1125899911777374"",""update_time"":""2025-01-06T00:00:00.000Z""}]","[{""dataset"":""Microsoft"",""record_id"":""562949955188595"",""update_time"":""2015-05-25T11:56:45.407"",""confidence"":0.77}]",false,false,false,false,false,false,false,false
subset,branch_suffix,08f2e1b56394ed8203a480a483283ee5,すき家,すき家 札幌北郷店,3,9,6,1,2,1,北海道札幌市白石区北郷３条８丁目１−１,白石区北郷3条8丁目1-1,札幌市白石区,,japanese_restaurant,cafe,0.9918379237288135,0.77,"[{""property"":"""",""dataset"":""meta"",""record_id"":""434696616894884"",""update_time"":""2025-01-06T00:00:00.000Z""},{""property"":""/properties/existence"",""dataset"":""msft"",""record_id"":""1407374889532941"",""update_time"":""2025-01-06T00:00:00.000Z""}]","[{""dataset"":""Microsoft"",""record_id"":""1407374889532941"",""update_time"":""2024-11-14T09:23:07.42"",""confidence"":0.77}]",false,false,false,false,false,false,false,false
subset,branch_suffix,08fa884904d5d8aa03650d68d1b1dc18,Cheiro da Serra Store,Cheiro da Serra,21,15,-6,4,3,-1,"Rua Portugal, 10",Contém 1g,Nova Friburgo,RJ,cosmetic_and_beauty_supplies,Business and Professional Services > Health and Beauty Service > Hair Salon,0.28671328671328666,1.0,"[{""property"":"""",""dataset"":""meta"",""record_id"":""1687282394650255"",""update_time"":""2025-01-06T08:00:00.000Z"",""confidence"":0.2867132867132867}]","[{""property"":"""",""dataset"":""FourSquare"",""record_id"":""52f68580498ec43f0c2da00f"",""update_time"":""2020-11-23T00:00:00.000"",""confidence"":1.0}]",false,false,false,false,false,false,false,false
subset,branch_suffix,08f2e6047266cd4003f8c1fe11a7b562,ローソン,ローソン 千秋店,4,8,4,1,2,1,愛知県一宮市千秋町佐野工高前４０,千秋町佐野工高前40,一宮市,,convenience_store,Retail > Convenience Store,0.9544061302681992,1.0,"[{""property"":"""",""dataset"":""meta"",""record_id"":""207516769287283"",""update_time"":""2025-01-06T08:00:00.000Z"",""confidence"":0.9544061302681992}]","[{""property"":"""",""dataset"":""FourSquare"",""record_id"":""4d577de8afe4b60c56904561"",""update_time"":""2024-08-07T00:00:00.000"",""confidence"":1.0}]",false,false,false,false,false,false,false,false
subset,branch_suffix,08f2e6cba0b345400310a25fb96b017d,サンジョイ,サンジョイ 徳島店,5,9,4,1,2,1,徳島県徳島市三軒屋町下分５７,三軒屋町下分57,徳島市,,sporting_goods,Retail > Sporting Goods Retail > Fishing Store,0.9467515923566879,1.0,"[{""property"":"""",""dataset"":""meta"",""record_id"":""295308130891450"",""update_time"":""2025-01-06T08:00:00.000Z"",""confidence"":0.9467515923566879}]","[{""property"":"""",""dataset"":""FourSquare"",""record_id"":""4db74ff0f7b12e4237b2602b"",""update_time"":""2021-04-18T00:00:00.000"",""confidence"":1.0}]",false,false,false,false,false,false,false,false
subset,branch_suffix,08f2f5a201d8650503802c7aa2edad1b,はま寿司 浦和店,はま寿司,8,4,-4,2,1,-1,南区太田窪2丁目5-7,南区太田窪2-5-7,さいたま市,埼玉県,sushi_restaurant,Dining and Drinking > Restaurant > Asian Restaurant > Japanese Restaurant > Sushi Restaurant,0.77,1.0,"[{""property"":"""",""dataset"":""Microsoft"",""record_id"":""1407374890819275"",""update_time"":""2024-11-14T15:42:25.357Z"",""confidence"":0.77}]","[{""property"":"""",""dataset"":""FourSquare"",""record_id"":""4b8115e2f964a520269630e3"",""update_time"":""2021-07-23T00:00:00.000"",""confidence"":1.0}]",false,false,false,false,false,false,false,false
subset,branch_suffix,08f2e74958751a8003219681a84e0f4e,六兵衛そば店,六兵衛,6,3,-3,1,1,0,埼玉県熊谷市末広３丁目１２−３,住所	熊谷市末広3-12-3,熊谷市,,japanese_restaurant,Dining and Drinking > Restaurant > Asian Restaurant > Japanese Restaurant,0.9544061302681992,1.0,"[{""property"":"""",""dataset"":""meta"",""record_id"":""342568159497804"",""update_time"":""2025-01-06T08:00:00.000Z"",""confidence"":0.9544061302681992}]","[{""property"":"""",""dataset"":""FourSquare"",""record_id"":""51ad731b498e17a5c3c1cb07"",""update_time"":""2024-08-07T00:00:00.000"",""confidence"":1.0}]",false,false,false,false,false,false,false,false
subset,branch_suffix,08f4b6611b952c03032cf7b3bf3374be,ドミノ・ピザ,ドミノ・ピザ大江店,6,9,3,1,1,0,熊本県熊本市中央区大江４丁目２１−１６,"中央区大江4丁目21-16, サンエムビル",熊本市中央区,,pizza_restaurant,pizza_restaurant,0.9523423423423424,0.77,"[{""property"":"""",""dataset"":""meta"",""record_id"":""105904004598802"",""update_time"":""2025-01-06T00:00:00.000Z""},{""property"":""/properties/existence"",""dataset"":""msft"",""record_id"":""562949961424993"",""update_time"":""2025-01-06T00:00:00.000Z""}]","[{""dataset"":""Microsoft"",""record_id"":""562949961424993"",""update_time"":""2024-12-17T06:51:55.873"",""confidence"":0.77}]",false,false,false,false,false,false,false,false
subset,branch_suffix;facility_suffix,08f2b9bcddc31a5b03b07fdaf239420a,CIBC Branch with ATM,CIBC,20,4,-16,4,1,-3,5 Dundas Street East,5 Dundas St. E.,Mississauga,ON,bank_credit_union,Business and Professional Services > Financial Service > Banking and Finance > Bank,0.77,1.0,"[{""property"":"""",""dataset"":""Microsoft"",""record_id"":""844424931906812"",""update_time"":""2023-06-27T20:09:08.223Z"",""confidence"":0.77}]","[{""property"":"""",""dataset"":""FourSquare"",""record_id"":""4bf04848d4f70f472bb9390f"",""update_time"":""2024-11-09T00:00:00.000"",""confidence"":1.0}]",false,false,false,false,false,false,false,false
subset,branch_suffix;facility_suffix,08f2ab4a169ac9550396d4135a536077,TD Canada Trust Branch and ATM,TD Canada Trust,30,15,-15,6,3,-3,53 Grand River St N,53 Grand River St. N.,Brant,ON,atms,Business and Professional Services > Financial Service > Banking and Finance > Bank,0.9962614185921548,1.0,"[{""property"":"""",""dataset"":""meta"",""record_id"":""1704790376475356"",""update_time"":""2025-01-06T08:00:00.000Z"",""confidence"":0.9837452982267598},{""property"":""/properties/existence"",""dataset"":""Microsoft"",""record_id"":""562949956062453"",""update_time"":""2024-11-01T21:41:38.543Z"",""confidence"":0.77}]","[{""property"":"""",""dataset"":""FourSquare"",""record_id"":""4d6d1a06cf7e41bdff9e8285"",""update_time"":""2024-06-12T00:00:00.000"",""confidence"":1.0}]",false,false,false,false,false,false,false,false
subset,descriptor,08f1f99cc3cb391403d5856323e961ae,Juice,Juice Milano Caneva | Apple Premium Reseller e Centro Assistenza Autorizzato Apple,5,82,77,1,12,11,"Via Cenisio, 61","Via Cenisio, 61",Milano,25,electronics,computer_store,0.9872500778573653,0.77,"[{""property"":"""",""dataset"":""meta"",""record_id"":""429782873779023"",""update_time"":""2025-01-06T00:00:00.000Z""},{""property"":""/properties/existence"",""dataset"":""msft"",""record_id"":""844424934187381"",""update_time"":""2025-01-06T00:00:00.000Z""}]","[{""dataset"":""Microsoft"",""record_id"":""844424934187381"",""update_time"":""2024-12-24T16:32:17.6"",""confidence"":0.77}]",false,false,false,false,false,false,false,true
subset,descriptor,08f19464e2d1b500037d801dd8301885,Specsavers,Specsavers Opticians and Audiologists - Darlington Victoria Road Sainsbury's,10,76,66,1,9,8,"Sainsburys, Victoria Road","Sainsburys, Victoria Rd",Darlington,,eyewear_and_optician,Health and Medicine > Optometrist,0.9962614185921548,1.0,"[{""property"":"""",""dataset"":""meta"",""record_id"":""103747352683866"",""update_time"":""2025-01-06T08:00:00.000Z"",""confidence"":0.9837452982267598},{""property"":""/properties/existence"",""dataset"":""Microsoft"",""record_id"":""562949964552229"",""update_time"":""2024-12-13T18:28:15.030Z"",""confidence"":0.77}]","[{""property"":"""",""dataset"":""FourSquare"",""record_id"":""d1bfdeaedc81c723095cff11"",""update_time"":""2023-12-04T00:00:00.000"",""confidence"":1.0}]",false,false,false,false,false,false,false,true
subset,descriptor,08f1f8e85aa527990316b84b2abd4965,Back2Motion - Praxis für Physiotherapie & Med. Fitness Friedrichshafen,back2motion,70,11,-59,9,1,-8,Siemensstraße 14/1,Siemensstrasse 14/1,Friedrichshafen,,gym,Sports and Recreation > Gym and Studio > Gym,0.9837452982267598,1.0,"[{""property"":"""",""dataset"":""meta"",""record_id"":""256828848033475"",""update_time"":""2025-01-06T08:00:00.000Z"",""confidence"":0.9837452982267598}]","[{""property"":"""",""dataset"":""FourSquare"",""record_id"":""5190d49b498e80c1b588f763"",""update_time"":""2024-10-08T00:00:00.000"",""confidence"":1.0}]",false,false,false,false,false,false,true,false
subset,descriptor,08f194e39611330b031433f11d58b7da,Specsavers,Specsavers Opticians And Audiologists - South Woodham Sainsbury's,10,65,55,1,8,7,"Sainsbury's, Burnham Road","Sainsbury's, Burnham Road",Woodham Ferrers,,optometrist,audiologist,0.9962614185921548,0.77,"[{""property"":"""",""dataset"":""meta"",""record_id"":""107360124384966"",""update_time"":""2025-01-06T00:00:00.000Z""},{""property"":""/properties/existence"",""dataset"":""msft"",""record_id"":""562949959977291"",""update_time"":""2025-01-06T00:00:00.000Z""}]","[{""dataset"":""Microsoft"",""record_id"":""562949959977291"",""update_time"":""2024-12-17T15:52:54.16"",""confidence"":0.77}]",false,false,false,false,false,false,false,false
subset,descriptor,08f2a10725b352a903e6847459c20ef9,Hulk Security Systems,"Hulk Security Systems - Intercom, Access Control & Burglary Alarms systems",21,74,53,3,11,8,676 9th Ave,"676A 9th Ave #399",New York,NY,professional_services,Retail > Computers and Electronics Retail > Electronics Store,0.23154848046309695,1.0,"[{""property"":"""",""dataset"":""meta"",""record_id"":""1420308301566991"",""update_time"":""2025-01-06T08:00:00.000Z"",""confidence"":0.23154848046309695}]","[{""property"":"""",""dataset"":""FourSquare"",""record_id"":""52c4221211d2235bf3cf9dc3"",""update_time"":""2024-10-11T00:00:00.000"",""confidence"":1.0}]",false,false,false,false,false,false,false,true
subset,descriptor,08f1fa6d2a82c6c6030a05ff16f85396,Sécuritest,Sécuritest Contrôle Technique Automobile Saint Amand les Eaux,10,61,51,1,8,7,18 Avenue Ernest Couteaux,18 avenue Ernest Couteaux,Saint-Amand-les-Eaux,,automotive_repair,,0.9645127118644068,1.0,"[{""property"":"""",""dataset"":""meta"",""record_id"":""217441115632829"",""update_time"":""2025-01-06T08:00:00.000Z"",""confidence"":0.9645127118644068}]","[{""property"":"""",""dataset"":""FourSquare"",""record_id"":""4e8f6943db6347b4bfad592d"",""update_time"":""2024-07-03T00:00:00.000"",""confidence"":1.0}]",false,false,false,false,false,false,false,false
subset,descriptor,08f2748c567756cb03490bd76febdb5b,iChiro Clinics/Peak Performance Integrated Medicine North Office,iChiro Clinics,64,14,-50,7,2,-5,4150 E Beltline Ave NE,4150 E Beltline Ave NE Ste 3,Grand Rapids,MI,chiropractor,massage,0.9962614185921548,0.77,"[{""property"":"""",""dataset"":""meta"",""record_id"":""195110839262"",""update_time"":""2025-01-06T00:00:00.000Z""},{""property"":""/properties/existence"",""dataset"":""msft"",""record_id"":""1125899907804511"",""update_time"":""2025-01-06T00:00:00.000Z""}]","[{""dataset"":""Microsoft"",""record_id"":""1125899907804511"",""update_time"":""2015-04-13T18:24:57.91"",""confidence"":0.77}]",false,false,false,false,false,false,false,false
subset,descriptor,08f39616f5482a810322e6b0721ad100,Kia,Kia Mitsubishi Ssangyong Béziers Tressol-chabrier Amk,3,53,50,1,6,5,9002 Bd Pierre Malafosse,9002 boulevard Pierre Malafosse,,,car_dealer,Retail > Automotive Retail > Car Dealership,0.9908651262761956,1.0,"[{""property"":"""",""dataset"":""meta"",""record_id"":""112027593746258"",""update_time"":""2025-01-06T08:00:00.000Z"",""confidence"":0.9908651262761956}]","[{""property"":"""",""dataset"":""FourSquare"",""record_id"":""5ddcf162b839ff00080bb094"",""update_time"":""2024-07-03T00:00:00.000"",""confidence"":1.0}]",false,false,false,false,false,false,false,false
subset,descriptor,08f29a1c328d372d03b6ba86fb07834f,Matt Nashed,"Matt Nashed, DDS - Arcadia Orthodontist Children's Dentistry",11,60,49,2,8,6,45 E Foothill Blvd,45 E Foothill Blvd,Arcadia,CA,orthodontist,Health and Medicine > Dentist,0.9837452982267598,1.0,"[{""property"":"""",""dataset"":""meta"",""record_id"":""168971899834009"",""update_time"":""2025-01-06T08:00:00.000Z"",""confidence"":0.9837452982267598}]","[{""property"":"""",""dataset"":""FourSquare"",""record_id"":""26a8ada08050460520ea6230"",""update_time"":""2024-10-12T00:00:00.000"",""confidence"":1.0}]",false,false,false,false,false,false,false,false
subset,descriptor,08f1f1253491e08a0355c6b41a4f0509,PZW Press- und Zerspanungstechnik Witten GmbH & Co,PZW,50,3,-47,8,1,-7,Im Esch 17,Im Esch 17,Witten,,metal_supplier,Business and Professional Services > Factory,0.3941504178272981,1.0,"[{""property"":"""",""dataset"":""meta"",""record_id"":""188030214650683"",""update_time"":""2025-01-06T08:00:00.000Z"",""confidence"":0.39415041782729804}]","[{""property"":"""",""dataset"":""FourSquare"",""record_id"":""57fdeb0c498e0750729b6153"",""update_time"":""2024-10-08T00:00:00.000"",""confidence"":1.0}]",false,false,false,false,false,false,false,false
subset,descriptor,08f1fae8de06cb6e0358ad20a5961710,ImmoWert Hessen,ImmoWert Hessen Carsten Nessler Sachverständige für Immobilien,15,62,47,2,7,5,Unter den Eichen 7,Unter den Eichen 7,Wiesbaden,,real_estate,Business and Professional Services > Real Estate Service,0.48103896103896104,1.0,"[{""property"":"""",""dataset"":""meta"",""record_id"":""283670538317993"",""update_time"":""2025-01-06T08:00:00.000Z"",""confidence"":0.48103896103896104}]","[{""property"":"""",""dataset"":""FourSquare"",""record_id"":""8516670587e643034d093e82"",""update_time"":""2024-11-20T00:00:00.000"",""confidence"":1.0}]",false,false,false,false,false,false,false,false
subset,descriptor,08f64a4a2674c5210367ee55e1d05e1e,Agaligo clinic โบทอก ฟิลเลอร์ ร้อยไหม ปรับรูปหน้า เสริมจมูก,Agaligo Clinic,59,14,-45,7,2,-5,The Paseo Park Kanchanapisek,The Paseo Park Kanchanapisek,Bangkok,,plastic_surgeon,Business and Professional Services > Health and Beauty Service,0.6214335421016005,1.0,"[{""property"":"""",""dataset"":""meta"",""record_id"":""330608207747221"",""update_time"":""2025-01-06T08:00:00.000Z"",""confidence"":0.6214335421016005}]","[{""property"":"""",""dataset"":""FourSquare"",""record_id"":""5b4469487564f70039818d5a"",""update_time"":""2024-02-06T00:00:00.000"",""confidence"":1.0}]",false,false,false,false,false,false,false,false
subset,descriptor,1125899912860477,Headlight,Headlight Therapists and Psychiatric Services Wasilla,9,53,44,1,6,5,1981 E palmer-wasilla Highway Ste 200,1981 E Palmer-Wasilla Highway Ste 200,Wasilla,AK,health_and_medical,health_and_medical,0.77,0.77,"[{""dataset"":""Microsoft"",""record_id"":""1125899912860477"",""update_time"":""2024-11-19T09:30:36.11"",""confidence"":0.77}]","[{""dataset"":""Microsoft"",""record_id"":""562949966509715"",""update_time"":""2024-10-25T12:08:52.077"",""confidence"":0.77}]",false,false,false,false,false,false,false,false
subset,descriptor,08f283080c85d5540367d252bb3052ad,George McFaden,"George McFaden at Guaranteed Rate Affinity - NMLS #344084",14,57,43,2,9,7,117 Greenwich St,117 Greenwich St,San Francisco,CA,mortgage_broker,Business and Professional Services > Financial Service,0.9504615384615385,1.0,"[{""property"":"""",""dataset"":""meta"",""record_id"":""368215003328179"",""update_time"":""2025-01-06T08:00:00.000Z"",""confidence"":0.7846153846153846},{""property"":""/properties/existence"",""dataset"":""Microsoft"",""record_id"":""562949961439538"",""update_time"":""2024-12-10T00:30:05.893Z"",""confidence"":0.77}]","[{""property"":"""",""dataset"":""FourSquare"",""record_id"":""6014d99a22bd0624f01196da"",""update_time"":""2024-10-12T00:00:00.000"",""confidence"":1.0}]",false,true,false,false,false,false,false,true
subset,descriptor,08fa81d850658400039e7a529930820b,Montagy Comércio de Peças para Bijouterias Ltda-ME,Montagy,50,7,-43,7,1,-6,"Rua Quatro de Abril, 347","at R. Quatro de Abril, 347 - Centro",Marília,SP,arts_and_crafts,,0.28686635944700467,1.0,"[{""property"":"""",""dataset"":""meta"",""record_id"":""1688579098069218"",""update_time"":""2025-01-06T08:00:00.000Z"",""confidence"":0.2868663594470046}]","[{""property"":"""",""dataset"":""FourSquare"",""record_id"":""4beee766d1b7d13a4221cdec"",""update_time"":""2024-07-02T00:00:00.000"",""confidence"":1.0}]",false,false,false,false,false,false,false,false
subset,descriptor,08f1f8a24e650258034f1be6a73785ab,"Palanaunia - Struttura per eventi, fiere e congressi",Palanaunia,52,10,-42,8,1,-7,Piazza Stefenelli,"Piazza Stefenelli, 4",Fondo,TN,pub,Business and Professional Services > Event Space,0.77,1.0,"[{""property"":"""",""dataset"":""Microsoft"",""record_id"":""562949965843887"",""update_time"":""2024-12-08T05:39:31.017Z"",""confidence"":0.77}]","[{""property"":"""",""dataset"":""FourSquare"",""record_id"":""4cfac6deee9cb60c0c5f8cad"",""update_time"":""2024-07-03T00:00:00.000"",""confidence"":1.0}]",false,false,false,false,false,false,false,false
subset,descriptor,08f2a9560235585103d35ec2f4513b74,Hertz,Hertz Car Rental - Columbus - Reynoldsburg HLE,5,46,41,1,8,7,4200 International Gtwy,4200 INTERNATIONAL GATEWAY,Columbus,OH,car_rental_agency,travel,0.9962614185921548,0.77,"[{""property"":"""",""dataset"":""meta"",""record_id"":""1010023759120575"",""update_time"":""2025-01-06T00:00:00.000Z""},{""property"":""/properties/existence"",""dataset"":""msft"",""record_id"":""2251799818665760"",""update_time"":""2025-01-06T00:00:00.000Z""}]","[{""dataset"":""Microsoft"",""record_id"":""844424934140957"",""update_time"":""2023-02-06T20:35:51.98"",""confidence"":0.77}]",false,false,false,false,false,false,false,false
subset,descriptor,08f12ecc8371475e037d414c3de7ba87,Pharmasave Holyrood Pharmacy and Telehealth Medical Clinic,Pharmasave Holyrood,58,19,-39,7,2,-5,9020 75 St NW,9020 - 75 Street N.W.,Edmonton,AB,pharmacy,pharmacy,0.9962614185921548,0.77,"[{""property"":"""",""dataset"":""meta"",""record_id"":""106852770984291"",""update_time"":""2025-01-06T00:00:00.000Z""},{""property"":""/properties/existence"",""dataset"":""msft"",""record_id"":""844424932598466"",""update_time"":""2025-01-06T00:00:00.000Z""}]","[{""dataset"":""Microsoft"",""record_id"":""844424932598466"",""update_time"":""2024-11-05T23:33:53.537"",""confidence"":0.77}]",false,false,false,false,false,false,false,false
subset,descriptor,08f1f11618c549ae0318404b974f642c,Praxis Fahima Asseily,Praxis Fahima Asseily für alternative Therapien und Seminare,21,60,39,3,8,5,Berliner Heerstraße 9,Berliner Heerstraße 9,Braunschweig,,naturopathic_holistic,Health and Medicine > Mental Health Service > Mental Health Clinic,0.9097222222222222,1.0,"[{""property"":"""",""dataset"":""meta"",""record_id"":""655146141175405"",""update_time"":""2025-01-06T08:00:00.000Z"",""confidence"":0.9097222222222222}]","[{""property"":"""",""dataset"":""FourSquare"",""record_id"":""6dc8f8eaa92643661a07b813"",""update_time"":""2024-10-08T00:00:00.000"",""confidence"":1.0}]",false,false,false,false,false,false,false,false
subset,descriptor,08f1f18c768d9d6603f4c1aa83c6e520,DEKRA,DEKRA Automobil GmbH Kfz-Prüfstelle Belzig,5,42,37,1,5,4,Forstweg 8A,Forstweg 8A,Bad Belzig,Brandenburg,car_inspector,Business and Professional Services > Legal Service,0.77,1.0,"[{""property"":"""",""dataset"":""Microsoft"",""record_id"":""1407374887725892"",""update_time"":""2024-11-12T21:53:52.607Z"",""confidence"":0.77}]","[{""property"":"""",""dataset"":""FourSquare"",""record_id"":""e680125e8dee42318b93c529"",""update_time"":""2024-10-08T00:00:00.000"",""confidence"":1.0}]",false,false,false,false,false,false,false,false
subset,descriptor,08f1e8395978616d03959477b773f38e,Comune di Atina - Uno dei Borghi più Belli d'Italia,Comune di Atina,51,15,-36,10,3,-7,"Piazza Saturno, 11",Piazza Saturno 1,Atina,62,public_service_and_government,Business and Professional Services,0.7927927927927928,1.0,"[{""property"":"""",""dataset"":""meta"",""record_id"":""296413390496617"",""update_time"":""2025-01-06T08:00:00.000Z"",""confidence"":0.7927927927927928}]","[{""property"":"""",""dataset"":""FourSquare"",""record_id"":""f84daa5c650c465d99df5061"",""update_time"":""2024-07-03T00:00:00.000"",""confidence"":1.0}]",false,false,false,false,false,false,true,false
subset,descriptor,08f1f02063cd996b03253b5a992c8fbc,bergwerk IT GmbH,bergwerk IT GmbH | Webentwicklung & IT-Infrastruktur,16,52,36,3,7,4,Bergstraße 45,Bergstr. 45,Schwerin,,it_service_and_computer_repair,computer_store,0.9877528662420382,0.77,"[{""property"":"""",""dataset"":""meta"",""record_id"":""238784359499189"",""update_time"":""2025-01-06T00:00:00.000Z""},{""property"":""/properties/existence"",""dataset"":""msft"",""record_id"":""562949962215382"",""update_time"":""2025-01-06T00:00:00.000Z""}]","[{""dataset"":""Microsoft"",""record_id"":""562949962215382"",""update_time"":""2021-09-10T08:43:52.593"",""confidence"":0.77}]",false,false,true,false,false,false,false,false
subset,descriptor,08f2640d0e5ae55d03f4bf0c75e365cd,Flanagan Paint & Supply,Flanagan Paint & Supply- Benjamin Moore Paint- Edwardsville,23,59,36,4,8,4,1510 Troy Rd,1510 Troy Rd,Edwardsville,IL,painting,paint_store,0.9918379237288135,0.77,"[{""property"":"""",""dataset"":""meta"",""record_id"":""100109696130675"",""update_time"":""2025-01-06T00:00:00.000Z""},{""property"":""/properties/existence"",""dataset"":""msft"",""record_id"":""562949963222400"",""update_time"":""2025-01-06T00:00:00.000Z""},{""property"":""/properties/existence"",""dataset"":""msft"",""record_id"":""1970324841284526"",""update_time"":""2025-01-06T00:00:00.000Z""}]","[{""dataset"":""Microsoft"",""record_id"":""1970324841284526"",""update_time"":""2023-04-19T19:41:31.137"",""confidence"":0.77}]",false,false,false,false,false,false,false,false
subset,descriptor,08f27418ead55b2203bbea6c6321ba6c,Dan Stiebel,"Dan Stiebel, Coldwell Banker Commercial Schmidt",11,47,36,2,6,4,402 E Front St,522 E Front St,Traverse City,MI,real_estate_agent,commercial_real_estate,0.9877528662420382,0.77,"[{""property"":"""",""dataset"":""meta"",""record_id"":""129189487765270"",""update_time"":""2025-01-06T00:00:00.000Z""},{""property"":""/properties/existence"",""dataset"":""msft"",""record_id"":""1970324838758800"",""update_time"":""2025-01-06T00:00:00.000Z""}]","[{""dataset"":""Microsoft"",""record_id"":""1970324838758800"",""update_time"":""2022-07-11T15:04:10.203"",""confidence"":0.77}]",false,false,false,false,false,false,false,false
subset,descriptor,08f1f109608a852303287f0a08896217,PC-Shop Delmenhorst,PC-Shop Delmenhorst Inh. Harald H. J. Mählenhoff e.K.,19,53,34,2,8,6,Oldenburger Straße 40,Oldenburger Str. 40,Delmenhorst,,it_service_and_computer_repair,Retail > Computers and Electronics Retail > Electronics Store,0.9918379237288135,1.0,"[{""property"":"""",""dataset"":""meta"",""record_id"":""190288574335554"",""update_time"":""2025-01-06T08:00:00.000Z"",""confidence"":0.9645127118644068},{""property"":""/properties/existence"",""dataset"":""Microsoft"",""record_id"":""562949958998779"",""update_time"":""2024-10-19T13:18:01.587Z"",""confidence"":0.77}]","[{""property"":"""",""dataset"":""FourSquare"",""record_id"":""5c9218c03d4791002ca2107a"",""update_time"":""2024-10-08T00:00:00.000"",""confidence"":1.0}]",false,false,false,false,false,false,false,false
subset,descriptor,08f1faad040705a503524f8b3f8ed78a,Eat Happy Sushi & asiatische Spezialitäten,Eat Happy,42,9,-33,6,2,-4,St.-German-Str. 8,Sankt-German-Straße 8,Speyer,Rheinland-Pfalz,restaurant,sushi_restaurant,0.77,0.9877528662420382,"[{""property"":"""",""dataset"":""msft"",""record_id"":""1125899909476253"",""update_time"":""2025-01-06T00:00:00.000Z""}]","[{""property"":"""",""dataset"":""meta"",""record_id"":""589251464899322"",""update_time"":""2025-01-06T00:00:00.000Z""},{""property"":""/properties/existence"",""dataset"":""msft"",""record_id"":""1407374891207682"",""update_time"":""2025-01-06T00:00:00.000Z""}]",false,false,false,false,false,false,false,false
subset,descriptor,08fa81394936b50c037616e54cbba05f,Localiza,Localiza Hertz Centro - Carrefour Vinhedo,8,41,33,1,6,5,Estr. da Boiada 97,"Estr. da Boiada, 97 - Jardim Casa Verde",Vinhedo,SP,travel,Travel and Transportation > Transport Hub > Rental Car Location,0.77,1.0,"[{""property"":"""",""dataset"":""Microsoft"",""record_id"":""1407374887153289"",""update_time"":""2022-04-17T10:16:37.153Z"",""confidence"":0.77}]","[{""property"":"""",""dataset"":""FourSquare"",""record_id"":""5dc9bf78ae693c0008d72701"",""update_time"":""2020-11-23T00:00:00.000"",""confidence"":1.0}]",false,false,false,false,false,false,false,false
subset,descriptor,08f1f06ce2a004a40341f2b27fa560e7,Bad & Meer Fachmarkt für Heizung & Sanitär,Bad & Meer,42,10,-32,8,3,-5,Hollerstr. 99,Hollerstr. 99,Büdelsdorf,"",hvac_services,"Business and Professional Services > Home Improvement Service > Heating, Ventilating and Air Conditioning Contractor",0.77,1.0,"[{""property"":"""",""dataset"":""Microsoft"",""record_id"":""562949959392461"",""update_time"":""2024-09-27T23:10:23.557Z"",""confidence"":0.77}]","[{""property"":"""",""dataset"":""FourSquare"",""record_id"":""cc76b22c2c0e45ea31296aa5"",""update_time"":""2024-10-08T00:00:00.000"",""confidence"":1.0}]",false,false,false,false,false,false,false,false
subset,descriptor,08f396091b4f364003e4546b03107cd2,Canal Video,Canal Vidéo Laryan 82 Franchisé indépendant,11,43,32,2,6,4,2 Rue Mary Lafon,"2 rue Mary Lafon, Albanrd",Montauban,OCC,music_and_dvd_store,Retail > Video Store,0.23154848046309695,1.0,"[{""property"":"""",""dataset"":""meta"",""record_id"":""134381044230"",""update_time"":""2025-01-06T08:00:00.000Z"",""confidence"":0.23154848046309695}]","[{""property"":"""",""dataset"":""FourSquare"",""record_id"":""54492c736fa64d6a335ff2d9"",""update_time"":""2024-07-03T00:00:00.000"",""confidence"":1.0}]",false,false,false,false,false,false,false,false
subset,descriptor,08f64a484c9a0c5403339a1fcf0ce87c,โรงพยาบาลสวนสัตว์ Animal Farm Veterinary Hospital,โรงพยาบาลสวนสัตว์,49,17,-32,5,1,-4,709/52 อ่อนนุช 7/1,709/52-53 อ่อนนุช 7/1,กรุงเทพมหานคร,,veterinarian,Health and Medicine > Veterinarian,0.7927927927927928,1.0,"[{""property"":"""",""dataset"":""meta"",""record_id"":""825154630943704"",""update_time"":""2025-01-06T08:00:00.000Z"",""confidence"":0.7927927927927928}]","[{""property"":"""",""dataset"":""FourSquare"",""record_id"":""4ea799f693adf18a20324f49"",""update_time"":""2024-02-07T00:00:00.000"",""confidence"":1.0}]",false,false,false,false,false,false,false,false
subset,descriptor,08f1e2e22d4cc14003d9c0dc5f8789d0,Fontis,Fontis sp.j. Apteka. PHU. Wójcik A.G.,6,37,31,1,6,5,ulica Bohaterów Warszawy 106,Bohaterów Warszawy 106,Busko-Zdrój,26,pharmacy,Retail > Drugstore,0.6214335421016005,1.0,"[{""property"":"""",""dataset"":""meta"",""record_id"":""242653822525406"",""update_time"":""2025-01-06T08:00:00.000Z"",""confidence"":0.6214335421016005}]","[{""property"":"""",""dataset"":""FourSquare"",""record_id"":""25a265596b9c408c54700ace"",""update_time"":""2024-06-27T00:00:00.000"",""confidence"":1.0}]",false,false,false,false,false,false,false,false
subset,descriptor,08f1fa465b483c7103d703a6c389d372,Proximus Shop Sint-Truiden Luikerstraat,Proximus,39,8,-31,4,1,-3,Luikerstraat 23,Luikerstraat 23,Sint-Truiden,,mobile_phone_store,building_supply_store,0.9962614185921548,0.77,"[{""property"":"""",""dataset"":""meta"",""record_id"":""300986013940988"",""update_time"":""2025-01-06T00:00:00.000Z""},{""property"":""/properties/existence"",""dataset"":""meta"",""record_id"":""405919283157277"",""update_time"":""2025-01-06T00:00:00.000Z""},{""property"":""/properties/existence"",""dataset"":""msft"",""record_id"":""1970324840369280"",""update_time"":""2025-01-06T00:00:00.000Z""},{""property"":""/properties/existence"",""dataset"":""msft"",""record_id"":""1970324839440069"",""update_time"":""2025-01-06T00:00:00.000Z""},{""property"":""/properties/existence"",""dataset"":""msft"",""record_id"":""1407374891305332"",""update_time"":""2025-01-06T00:00:00.000Z""}]","[{""dataset"":""Microsoft"",""record_id"":""1407374891305332"",""update_time"":""2024-09-10T11:16:05.96"",""confidence"":0.77}]",false,false,false,false,false,false,false,false
subset,descriptor,08f1fb471d0d259e03c39c502b0a1653,DomusVi Domicile Saint-Germain-en-Laye,DomusVi,38,7,-31,3,1,-2,3 Rue de Tourville,1/3 rue de Tourville,Saint-Germain-en-Laye,,retirement_home,Health and Medicine > Nursing Home,0.9445655559015883,1.0,"[{""property"":"""",""dataset"":""meta"",""record_id"":""190161758158076"",""update_time"":""2025-01-06T08:00:00.000Z"",""confidence"":0.9445655559015883}]","[{""property"":"""",""dataset"":""FourSquare"",""record_id"":""e9051537318847ab6eb957e6"",""update_time"":""2024-07-03T00:00:00.000"",""confidence"":1.0}]",false,false,false,false,false,false,false,false
subset,descriptor,08f1ea300a1a88660316466765fa0600,Vegano Bio,Vegano Bio - Shop Online Prodotti Vegani,10,40,30,2,7,5,"Viale Antonio Gramsci, 21","Viale Gramsci Antonio, 21",Pesaro,57,shopping,Retail > Food and Beverage Retail > Health Food Store,0.8973172987974098,1.0,"[{""property"":"""",""dataset"":""meta"",""record_id"":""442716789905471"",""update_time"":""2025-01-06T08:00:00.000Z"",""confidence"":0.8973172987974098}]","[{""property"":"""",""dataset"":""FourSquare"",""record_id"":""5d932844f1081800086a355b"",""update_time"":""2024-02-07T00:00:00.000"",""confidence"":1.0}]",false,false,false,false,false,false,false,false
subset,descriptor,08f1f99d89cf3d2d03ca2c27137d280b,De Giovannini,De Giovannini Secondo di Cozzi Pier Secondo,13,43,30,2,7,5,"Piazza Don Luigi Sturzo, 10",Via Piazza Don Luigi Sturzo 10,Legnano,25,toy_store,Business and Professional Services > Home Improvement Service,0.9645127118644068,1.0,"[{""property"":"""",""dataset"":""meta"",""record_id"":""298476210776174"",""update_time"":""2025-01-06T08:00:00.000Z"",""confidence"":0.9645127118644068}]","[{""property"":"""",""dataset"":""FourSquare"",""record_id"":""6fa1a8c9fbfd467cb764a1f1"",""update_time"":""2024-07-03T00:00:00.000"",""confidence"":1.0}]",false,false,false,false,false,false,false,false
subset,descriptor,08f29a015239872c03ce1210a6d100e3,Victra — Verizon Authorized Retailer,Victra,36,6,-30,5,1,-4,497 E Alessandro Blvd,497 E Alessandro Blvd Ste C,Riverside,CA,mobile_phone_store,Retail > Computers and Electronics Retail > Electronics Store,0.9837452982267598,1.0,"[{""property"":"""",""dataset"":""meta"",""record_id"":""880595178689495"",""update_time"":""2025-01-06T08:00:00.000Z"",""confidence"":0.9837452982267598}]","[{""property"":"""",""dataset"":""FourSquare"",""record_id"":""8e328596affe4394a54a8c92"",""update_time"":""2024-06-03T00:00:00.000"",""confidence"":1.0}]",false,false,false,false,false,false,false,false
subset,descriptor,08fa8a0616ab368803d524b7aecb4297,Clínica Gisele Cario,Clínica Gisele Cario - Spazio di Medicina Estética,20,50,30,3,8,5,"Rua Conde de Bonfim, 44","Rua Conde de Bonfim, 44, sala 1105",Rio de Janeiro,RJ,beauty_salon,Health and Medicine > Physician > Doctor's Office,0.48103896103896104,1.0,"[{""property"":"""",""dataset"":""meta"",""record_id"":""764890640242698"",""update_time"":""2025-01-06T08:00:00.000Z"",""confidence"":0.48103896103896104}]","[{""property"":"""",""dataset"":""FourSquare"",""record_id"":""506f181de4b06a509df69e91"",""update_time"":""2024-02-28T00:00:00.000"",""confidence"":1.0}]",false,false,false,false,false,false,false,false
subset,descriptor,08f1f8800d699275039119d3f9bf4e1d,Wolpertinger,Wolpertinger Brauereiausschank Restaurant,12,41,29,1,3,2,Zugspitzstraße 27,Zugspitzstr. 27,Garmisch-Partenkirchen,,german_restaurant,Dining and Drinking > Restaurant,0.9544061302681992,1.0,"[{""property"":"""",""dataset"":""meta"",""record_id"":""106405287588408"",""update_time"":""2025-01-06T08:00:00.000Z"",""confidence"":0.9544061302681992}]","[{""property"":"""",""dataset"":""FourSquare"",""record_id"":""8c55ea351f4b47a5d46fa0ae"",""update_time"":""2023-12-03T00:00:00.000"",""confidence"":1.0}]",false,false,false,false,false,false,false,false
subset,descriptor,08f1f8d0cab5601e03afcf3c0966940b,Fielmann,Fielmann - Ihr Optiker & Hörakustiker,8,37,29,1,6,5,Lange Zeile 15,Lange Zeile 15,Erding,,eyewear_and_optician,retail,0.9962614185921548,0.77,"[{""property"":"""",""dataset"":""meta"",""record_id"":""308340259267240"",""update_time"":""2025-01-06T00:00:00.000Z""},{""property"":""/properties/existence"",""dataset"":""msft"",""record_id"":""562949964847669"",""update_time"":""2025-01-06T00:00:00.000Z""},{""property"":""/properties/existence"",""dataset"":""msft"",""record_id"":""1407374887022310"",""update_time"":""2025-01-06T00:00:00.000Z""},{""property"":""/properties/existence"",""dataset"":""msft"",""record_id"":""1407374884676702"",""update_time"":""2025-01-06T00:00:00.000Z""}]","[{""dataset"":""Microsoft"",""record_id"":""562949964847669"",""update_time"":""2024-12-27T07:06:49.75"",""confidence"":0.77}]",false,false,false,false,false,false,false,false
subset,descriptor,08f26ca313c502a9031d8fb25ecda7a4,Craig Bagley,Craig Bagley - State Farm Insurance Agent,12,41,29,2,7,5,1916 Martin Dr,1916 Martin Dr Ste 300,Weatherford,TX,insurance_agency,Business and Professional Services > Insurance Agency,0.997898979043525,1.0,"[{""property"":"""",""dataset"":""meta"",""record_id"":""114907368530229"",""update_time"":""2025-01-06T08:00:00.000Z"",""confidence"":0.9908651262761956},{""property"":""/properties/existence"",""dataset"":""Microsoft"",""record_id"":""844424931923177"",""update_time"":""2016-11-23T00:42:44.103Z"",""confidence"":0.77}]","[{""property"":"""",""dataset"":""FourSquare"",""record_id"":""5213b5da11d268575223701b"",""update_time"":""2024-10-15T00:00:00.000"",""confidence"":1.0}]",false,false,false,false,false,false,false,false
subset,descriptor,08f44c10dd244c09032cb0144487c85b,Edward Jones- Financial Advisor:Heidi Lue,Edward Jones,41,12,-29,5,2,-3,2795 Main St W,2795 Main St W Ste 24B,Snellville,GA,financial_advising,Business and Professional Services > Financial Service > Financial Planner,0.23154848046309695,1.0,"[{""property"":"""",""dataset"":""meta"",""record_id"":""536502823203299"",""update_time"":""2025-01-06T08:00:00.000Z"",""confidence"":0.23154848046309695}]","[{""property"":"""",""dataset"":""FourSquare"",""record_id"":""dba914f3e9e247fb64f813c7"",""update_time"":""2024-10-14T00:00:00.000"",""confidence"":1.0}]",false,false,false,false,false,false,false,false
subset,descriptor,08f61ab71132610d03372ca4b1fb884a,Poorvika Mobiles,Poorvika Mobiles Cuddalore - Opp to Bus Stand,16,45,29,2,8,6,66 Lawrence Road,"No.75, Lawrence Road, Opposite to Bus Stand, Muthaiya Nagar, Thirupapuliyur",Cuddalore,,mobile_phone_store,electronics,0.9962614185921548,0.77,"[{""property"":"""",""dataset"":""meta"",""record_id"":""339523126452677"",""update_time"":""2025-01-06T00:00:00.000Z""},{""property"":""/properties/existence"",""dataset"":""msft"",""record_id"":""1970324841465127"",""update_time"":""2025-01-06T00:00:00.000Z""},{""property"":""/properties/existence"",""dataset"":""msft"",""record_id"":""1688849864154758"",""update_time"":""2025-01-06T00:00:00.000Z""},{""property"":""/properties/existence"",""dataset"":""msft"",""record_id"":""1125899912776628"",""update_time"":""2025-01-06T00:00:00.000Z""}]","[{""dataset"":""Microsoft"",""record_id"":""1970324841465127"",""update_time"":""2024-12-25T19:05:41.663"",""confidence"":0.77}]",false,false,false,false,false,false,false,false
subset,descriptor,08fa81031342d69903a4301c8d4f2227,CVC SP - Parque Shopping Barueri,CVC,32,3,-29,6,1,-5,"Rua General Divisão Pedro R. da Silva, 400","Rua General De Divisão De Pedro Rodrigues Da, 400",Barueri,SP,travel_services,Travel and Transportation > Travel Agency,0.48103896103896104,1.0,"[{""property"":"""",""dataset"":""meta"",""record_id"":""111012580639022"",""update_time"":""2025-01-06T08:00:00.000Z"",""confidence"":0.48103896103896104}]","[{""property"":"""",""dataset"":""FourSquare"",""record_id"":""4f70d4c47beb422644381447"",""update_time"":""2024-01-20T00:00:00.000"",""confidence"":1.0}]",false,false,false,false,false,false,false,false
subset,descriptor,08f1e92992ba4b66034cd4d1253b336b,Ordine degli Ingegneri della Provincia di Cagliari,Ordine degli Ingegneri,50,22,-28,7,3,-4,"Via Torquato Tasso, 25",Via Tasso 25,Cagliari,88,non_governmental_association,Community and Government > Education > College and University,0.9544061302681992,1.0,"[{""property"":"""",""dataset"":""meta"",""record_id"":""948839348503537"",""update_time"":""2025-01-06T08:00:00.000Z"",""confidence"":0.9544061302681992}]","[{""property"":"""",""dataset"":""FourSquare"",""record_id"":""155b49a34d8043ca4af69867"",""update_time"":""2024-07-03T00:00:00.000"",""confidence"":1.0}]",false,false,false,false,false,false,false,false
subset,descriptor,08f1f99ce166d833032db8b644198dd4,Dercole Pneumatici Autofficina Castrol Service,Dercole Pneumatici,46,18,-28,5,2,-3,"Via Alessandrina, 71","Via Alessandrina, 71",Cusano Milanino,25,automotive_repair,Business and Professional Services > Automotive Service > Automotive Repair Shop,0.9837452982267598,1.0,"[{""property"":"""",""dataset"":""meta"",""record_id"":""610053019106639"",""update_time"":""2025-01-06T08:00:00.000Z"",""confidence"":0.9837452982267598}]","[{""property"":"""",""dataset"":""FourSquare"",""record_id"":""4d9ea3367f1b721eb8cf8c0f"",""update_time"":""2024-07-03T00:00:00.000"",""confidence"":1.0}]",false,false,false,false,false,false,false,false
subset,descriptor,08f1fa530560d13403e695a50124bd15,Volker Rentel GmbH Heizung- und Sanitärtechnik,Volker Rentel GmbH,46,18,-28,6,3,-3,Duisburger Str. 171 - 173,Duisburger Str. 171 -173,Oberhausen,North Rhine-Westphalia,hvac_services,Business and Professional Services > Home Improvement Service > Home Service,0.77,1.0,"[{""property"":"""",""dataset"":""Microsoft"",""record_id"":""844424932365010"",""update_time"":""2024-11-08T21:28:46.947Z"",""confidence"":0.77}]","[{""property"":"""",""dataset"":""FourSquare"",""record_id"":""5c58a2874aa3f8002c7147b2"",""update_time"":""2024-10-08T00:00:00.000"",""confidence"":1.0}]",false,false,false,true,false,false,false,false
subset,descriptor,08f260d161082210032119df430bd0a0,Jiffy Xpress,Jiffy Xpress / Godfather's Pizza Express,12,40,28,2,6,4,290 Highway 28,,Martensdale,IA,gas_station,,0.9544061302681992,1.0,"[{""property"":"""",""dataset"":""meta"",""record_id"":""1507804999509785"",""update_time"":""2025-01-06T08:00:00.000Z"",""confidence"":0.9544061302681992}]","[{""property"":"""",""dataset"":""FourSquare"",""record_id"":""4cd9b60415d8b60c41906c0e"",""update_time"":""2024-10-16T00:00:00.000"",""confidence"":1.0}]",false,false,false,false,false,false,false,false
subset,descriptor,08f264d1a16d89a6039e35b542dfb702,"Results Physiotherapy Nashville, Tennessee - West",Results Physiotherapy,49,21,-28,6,2,-4,6816 Charlotte Pike Ste 103,6816 Charlotte Pike,Nashville,TN,physical_therapy,Health and Medicine > Physical Therapy Clinic,0.77,1.0,"[{""property"":"""",""dataset"":""Microsoft"",""record_id"":""1407374891330227"",""update_time"":""2024-10-09T15:30:44.693Z"",""confidence"":0.77}]","[{""property"":"""",""dataset"":""FourSquare"",""record_id"":""4d94df7c14a65481975a1b4c"",""update_time"":""2024-10-15T00:00:00.000"",""confidence"":1.0}]",false,false,false,false,false,false,false,false
subset,descriptor,08f44a98cd3ad65803377d4d8047eaac,Coinme,Coinme at Coinstar - Bitcoin Kiosk,6,34,28,1,6,5,2855 N Old Lake Wilson Rd,2855 N Old Lake Wilson Rd,Kissimmee,FL,atms,,0.3941504178272981,1.0,"[{""property"":"""",""dataset"":""meta"",""record_id"":""102829102171424"",""update_time"":""2025-01-06T08:00:00.000Z"",""confidence"":0.39415041782729804}]","[{""property"":"""",""dataset"":""FourSquare"",""record_id"":""09d4324060d141942e2694cc"",""update_time"":""2024-10-11T00:00:00.000"",""confidence"":1.0}]",false,false,false,false,false,false,false,false
subset,descriptor,1125899911771209,uBreakiFix,uBreakiFix - Phone and Computer Repair,10,38,28,1,6,5,832 W Benjamin Holt Dr,832 W Benjamin Holt Dr,Stockton,CA,mobile_phone_repair,mobile_phone_repair,0.77,0.77,"[{""dataset"":""Microsoft"",""record_id"":""1125899911771209"",""update_time"":""2023-05-10T16:53:31.323"",""confidence"":0.77}]","[{""dataset"":""Microsoft"",""record_id"":""1125899913097023"",""update_time"":""2024-11-19T18:13:40.717"",""confidence"":0.77}]",false,false,false,false,false,false,false,false
subset,descriptor,08f1f912a5b8d896032a277714c8a918,Mystères du Lac - City Games & Escape Game,Mystères du Lac,42,15,-27,9,3,-6,23 Rue Sommeiller,23 rue Sommeiller,Annecy,,escape_rooms,Arts and Entertainment > Escape Room,0.7927927927927928,1.0,"[{""property"":"""",""dataset"":""meta"",""record_id"":""1733367036923630"",""update_time"":""2025-01-06T08:00:00.000Z"",""confidence"":0.7927927927927928}]","[{""property"":"""",""dataset"":""FourSquare"",""record_id"":""e660193c64d24ee152d2003c"",""update_time"":""2024-07-03T00:00:00.000"",""confidence"":1.0}]",false,false,false,false,false,false,true,false
subset,descriptor,08f1faa02acc970003739ff5b773461a,Heilbronner Teeladen,Heilbronner Teeladen in der Delikatessa Kaufhof,20,47,27,2,6,4,Fleiner Straße 15,Deutschhofstraße 15,Heilbronn,,grocery_store,Retail > Food and Beverage Retail,0.48103896103896104,1.0,"[{""property"":"""",""dataset"":""meta"",""record_id"":""156130027742061"",""update_time"":""2025-01-06T08:00:00.000Z"",""confidence"":0.48103896103896104}]","[{""property"":"""",""dataset"":""FourSquare"",""record_id"":""d702ebd5f3244b4e5d85f32e"",""update_time"":""2024-10-08T00:00:00.000"",""confidence"":1.0}]",false,false,false,false,false,false,false,false
subset,descriptor,08f1fb0896d05062036d48c7735a9762,Châteauform',Châteauform’ Campus Les Berges de Seine,12,39,27,1,6,5,1 Route de Beaulieu,1 route de Beaulieu (D39),Seine-Port,,event_planning,Business and Professional Services > Convention Center > Conference Room,0.7927927927927928,1.0,"[{""property"":"""",""dataset"":""meta"",""record_id"":""1711865049073609"",""update_time"":""2025-01-06T08:00:00.000Z"",""confidence"":0.7927927927927928}]","[{""property"":"""",""dataset"":""FourSquare"",""record_id"":""4ee077270aafbb3dbab4b393"",""update_time"":""2024-07-02T00:00:00.000"",""confidence"":1.0}]",false,false,false,false,false,false,false,false
subset,descriptor,08f264d18e140a5a03e2f002fdeafb07,Dixon Center for Integrative Healthcare,Dixon Center,39,12,-27,5,2,-3,211 Old Hickory Blvd,211 Old Hickory Blvd,Nashville,TN,chiropractor,Health and Medicine > Medical Center,0.9962614185921548,1.0,"[{""property"":"""",""dataset"":""meta"",""record_id"":""155262735920"",""update_time"":""2025-01-06T08:00:00.000Z"",""confidence"":0.9837452982267598},{""property"":""/properties/existence"",""dataset"":""Microsoft"",""record_id"":""1125899910807759"",""update_time"":""2023-04-08T03:46:05.503Z"",""confidence"":0.77}]","[{""property"":"""",""dataset"":""FourSquare"",""record_id"":""4bd8459cf645c9b6a37da7e0"",""update_time"":""2024-10-14T00:00:00.000"",""confidence"":1.0}]",false,false,false,false,false,false,false,false
subset,descriptor,08f658aae00212c0030541e94bf22b4b,วัดห้วยปราบ,วัดห้วยปราบ ต. บ่อวิน อ.ศรีราชา ชลบุรี,11,38,27,1,5,4,,,,,buddhist_temple,Community and Government > Spiritual Center > Temple,0.48103896103896104,1.0,"[{""property"":"""",""dataset"":""meta"",""record_id"":""237881499658611"",""update_time"":""2025-01-06T08:00:00.000Z"",""confidence"":0.48103896103896104}]","[{""property"":"""",""dataset"":""FourSquare"",""record_id"":""4ebbd16fb8f7074b3497ec43"",""update_time"":""2024-02-06T00:00:00.000"",""confidence"":1.0}]",false,false,false,false,false,false,false,false
subset,descriptor,08fbe08c5870e5900356d9168e59f6a5,Evergreen,"Evergreen, Spring Farm by AVJennings",9,36,27,1,5,4,"Richardson Rd &, Corder Dr",Richardson Rd & Corder Dr,,,home_developer,home_developer,0.9919372693726938,0.77,"[{""property"":"""",""dataset"":""meta"",""record_id"":""1184317678339109"",""update_time"":""2025-01-06T00:00:00.000Z""},{""property"":""/properties/existence"",""dataset"":""msft"",""record_id"":""1125899911077719"",""update_time"":""2025-01-06T00:00:00.000Z""}]","[{""dataset"":""Microsoft"",""record_id"":""1125899911077719"",""update_time"":""2024-12-17T08:50:18.323"",""confidence"":0.77}]",false,false,false,false,false,false,false,false
subset,descriptor,08f26ed52353494a035ccc4d9817a84c,Walmart Pineville - Commercial Ln,Walmart,33,7,-26,5,1,-4,100 Commercial Dr,100 Commercial Ln,Pineville,MO,supermarket,photography_store_and_services,0.9837452982267598,0.77,"[{""property"":"""",""dataset"":""meta"",""record_id"":""239526279422677"",""update_time"":""2025-01-06T00:00:00.000Z""}]","[{""dataset"":""Microsoft"",""record_id"":""1407374885189107"",""update_time"":""2024-12-30T17:53:01.917"",""confidence"":0.77}]",false,false,false,false,false,false,false,false
subset,descriptor,08f2a1072cd4319403d444f5a7444196,Wolfnights - The Gourmet Wrap CLOSED,Wolfnights,36,10,-26,6,1,-5,121 W 3rd St,121 W 3rd St,New York,NY,mediterranean_restaurant,Dining and Drinking > Restaurant > Sandwich Spot,0.77,1.0,"[{""property"":"""",""dataset"":""Microsoft"",""record_id"":""281474980554980"",""update_time"":""2023-12-13T00:19:31.280Z"",""confidence"":0.77}]","[{""property"":"""",""dataset"":""FourSquare"",""record_id"":""635d4d4a95fab6017334650b"",""update_time"":""2024-10-14T00:00:00.000"",""confidence"":1.0}]",false,false,false,false,false,false,false,false
subset,descriptor,08f2a142ea51691e0300e60521e66ed7,YD Spa,YD SPA & Orange Wellness Massage,6,32,26,2,6,4,557F Boston Post Rd,557F Boston Post Rd,Orange,CT,day_spa,Business and Professional Services > Health and Beauty Service > Massage Clinic,0.77,1.0,"[{""property"":"""",""dataset"":""Microsoft"",""record_id"":""281474976949779"",""update_time"":""2013-01-29T11:11:02.483Z"",""confidence"":0.77}]","[{""property"":"""",""dataset"":""FourSquare"",""record_id"":""520fa837bce68076c4b58a66"",""update_time"":""2024-10-12T00:00:00.000"",""confidence"":1.0}]",false,false,false,false,false,false,false,false
subset,descriptor,08f396ed6cb5e4a403334ea98bedb590,Palmyra Beauté - Institut de beauté Agde,Palmyra Beaute,40,14,-26,7,2,-5,4 Avenue des Alizés,avenue Alizés,Agde,,beauty_salon,Business and Professional Services > Health and Beauty Service,0.9837452982267598,1.0,"[{""property"":"""",""dataset"":""meta"",""record_id"":""346086805485660"",""update_time"":""2025-01-06T08:00:00.000Z"",""confidence"":0.9837452982267598}]","[{""property"":"""",""dataset"":""FourSquare"",""record_id"":""e7be78533d614761f2bbf5cd"",""update_time"":""2024-07-03T00:00:00.000"",""confidence"":1.0}]",false,false,false,false,false,false,false,false
subset,descriptor,08f446c2639316ed0322743cb1315d3e,"Freddy's Frozen Custard & Steakburgers Spring, TX, Kuykendahl Rd",Freddy's Frozen Custard & Steakburgers,64,38,-26,9,5,-4,21420 Kuykendahl Rd,21420 Kuykendahl Rd,Spring,TX,fast_food_restaurant,Dining and Drinking > Restaurant > Burger Joint,0.9962614185921548,1.0,"[{""property"":"""",""dataset"":""meta"",""record_id"":""660126834151380"",""update_time"":""2025-01-06T08:00:00.000Z"",""confidence"":0.9837452982267598},{""property"":""/properties/existence"",""dataset"":""Microsoft"",""record_id"":""562949965110473"",""update_time"":""2024-12-19T02:07:27.873Z"",""confidence"":0.77}]","[{""property"":"""",""dataset"":""FourSquare"",""record_id"":""58796911dfa6ff736b1ba018"",""update_time"":""2024-10-11T00:00:00.000"",""confidence"":1.0}]",false,false,false,false,false,false,true,false
subset,descriptor,08f64860d3640c34031c4e86f1f57669,อิลิแกรนด์ คลินิก เวชกรรม,อิลิแกรนด์ คลินิก เวชกรรม : Elegrand Medical Clinic,25,51,26,3,7,4,,,,,health_department,Business and Professional Services > Health and Beauty Service,0.3941504178272981,1.0,"[{""property"":"""",""dataset"":""meta"",""record_id"":""359901627744623"",""update_time"":""2025-01-06T08:00:00.000Z"",""confidence"":0.39415041782729804}]","[{""property"":"""",""dataset"":""FourSquare"",""record_id"":""56d1b5ed498ef8ffbceacad0"",""update_time"":""2020-11-30T00:00:00.000"",""confidence"":1.0}]",false,false,false,false,false,false,false,false
subset,descriptor,08f1969a93ad194003d9ba6cd9e59cbc,SushiCo,SushiCo | Sushi & Bubble Tea Ede,7,32,25,1,7,6,Torenstraat 16,Torenstraat 16,Ede,,sushi_restaurant,sushi_restaurant,0.9962614185921548,0.77,"[{""property"":"""",""dataset"":""meta"",""record_id"":""110185694447961"",""update_time"":""2025-01-06T00:00:00.000Z""},{""property"":""/properties/existence"",""dataset"":""msft"",""record_id"":""1407374890303749"",""update_time"":""2025-01-06T00:00:00.000Z""}]","[{""dataset"":""Microsoft"",""record_id"":""1407374890303749"",""update_time"":""2024-12-19T06:08:33.81"",""confidence"":0.77}]",false,false,false,false,false,false,false,false
subset,descriptor,08f1f13d06cdb4dd03c2287ba2cf48a4,Oberschorfheide,Oberschorfheide Wäsche Dessous Bademoden,15,40,25,1,4,3,Lange Straße 26,Lange Straße 26,Detmold,,clothing_store,Retail > Textiles Store,0.9962614185921548,1.0,"[{""property"":"""",""dataset"":""meta"",""record_id"":""291570611009056"",""update_time"":""2025-01-06T08:00:00.000Z"",""confidence"":0.9837452982267598},{""property"":""/properties/existence"",""dataset"":""Microsoft"",""record_id"":""562949965524849"",""update_time"":""2024-12-30T16:44:25.757Z"",""confidence"":0.77}]","[{""property"":"""",""dataset"":""FourSquare"",""record_id"":""4df1d64513c84d5e61b08261"",""update_time"":""2024-10-08T00:00:00.000"",""confidence"":1.0}]",false,false,false,false,false,false,false,false
subset,descriptor,08f1fa112e4d965b03b45fbf4da05d10,Signal Iduna,SIGNAL IDUNA Geschäftsstelle Siegburg,12,37,25,2,4,2,Augustastraße 5B,Augustastr. 5 b,Siegburg,,insurance_agency,Business and Professional Services > Insurance Agency,0.9645127118644068,1.0,"[{""property"":"""",""dataset"":""meta"",""record_id"":""103731478128632"",""update_time"":""2025-01-06T08:00:00.000Z"",""confidence"":0.9645127118644068}]","[{""property"":"""",""dataset"":""FourSquare"",""record_id"":""5d11f069de944500231cfd3c"",""update_time"":""2024-10-08T00:00:00.000"",""confidence"":1.0}]",false,false,false,false,false,false,false,false
subset,descriptor,08f268526bb45af50340c28883fc0c36,Odell Brewing Co,Odell Brewing Co-Small Batch Revival 2011,16,41,25,3,6,3,800 E Lincoln Ave,800 E Lincoln Ave,Fort Collins,CO,brewery,Dining and Drinking > Bar > Beer Garden,0.9837452982267598,1.0,"[{""property"":"""",""dataset"":""meta"",""record_id"":""14729295602"",""update_time"":""2025-01-06T08:00:00.000Z"",""confidence"":0.9837452982267598}]","[{""property"":"""",""dataset"":""FourSquare"",""record_id"":""4de1377bd164e323c7c03030"",""update_time"":""2020-11-22T00:00:00.000"",""confidence"":1.0}]",false,true,false,false,false,false,false,false
subset,descriptor,08f26962083a02f40376a90056fc0453,Steve & Lori Robinson Realtors,Steve & Lori Robinson Realtors - BHHS Elite Real Estate,30,55,25,5,10,5,825 E 1180 S,825 E 1180 S Ste 300,American Fork,UT,real_estate_agent,real_estate_agent,0.9872500778573653,0.77,"[{""property"":"""",""dataset"":""meta"",""record_id"":""160492830773391"",""update_time"":""2025-01-06T00:00:00.000Z""},{""property"":""/properties/existence"",""dataset"":""msft"",""record_id"":""844424932249294"",""update_time"":""2025-01-06T00:00:00.000Z""},{""property"":""/properties/existence"",""dataset"":""msft"",""record_id"":""562949959132307"",""update_time"":""2025-01-06T00:00:00.000Z""}]","[{""dataset"":""Microsoft"",""record_id"":""844424932249294"",""update_time"":""2024-02-24T01:14:30.77"",""confidence"":0.77}]",false,false,false,false,false,false,false,true
subset,descriptor,08f28f01514b200203d6fc2e65ce45d4,Arthur Murray Dance Studio - Beaverton,Arthur Murray,38,13,-25,6,2,-4,10030 SW Beaverton Hillsdale Hwy,10030 SW Beaverton Hillsdale Highway,Beaverton,OR,dance_school,dance_wear,0.9962614185921548,0.77,"[{""property"":"""",""dataset"":""meta"",""record_id"":""140061542707081"",""update_time"":""2025-01-06T00:00:00.000Z""},{""property"":""/properties/existence"",""dataset"":""msft"",""record_id"":""562949964962158"",""update_time"":""2025-01-06T00:00:00.000Z""},{""property"":""/properties/existence"",""dataset"":""msft"",""record_id"":""1407374890526178"",""update_time"":""2025-01-06T00:00:00.000Z""}]","[{""dataset"":""Microsoft"",""record_id"":""1407374890526178"",""update_time"":""2024-12-05T17:25:45.72"",""confidence"":0.77}]",false,false,false,false,false,false,false,false
subset,descriptor,08f444057518baa8032e7995b4f5455b,Hanger Clinic,Hanger Clinic: Prosthetics & Orthotics,13,38,25,2,5,3,6363 Main St,6363 Main St Ste E,Zachary,LA,prosthetics,orthotics,0.9962614185921548,0.77,"[{""property"":"""",""dataset"":""meta"",""record_id"":""111048145203909"",""update_time"":""2025-01-06T00:00:00.000Z""},{""property"":""/properties/existence"",""dataset"":""msft"",""record_id"":""2251799814064033"",""update_time"":""2025-01-06T00:00:00.000Z""}]","[{""dataset"":""Microsoft"",""record_id"":""2251799814064033"",""update_time"":""2024-11-13T20:34:39.753"",""confidence"":0.77}]",false,false,false,false,false,false,false,false
subset,descriptor,08f46494a26a8a040329baa37a2b41af,Pieology Pizzeria,"Pieology Pizzeria Aina Haina, Honolulu, HI",17,42,25,2,6,4,820 W Hind Dr,820 W Hind Dr,Honolulu,HI,pizza_restaurant,fast_food_restaurant,0.9962614185921548,0.77,"[{""property"":"""",""dataset"":""meta"",""record_id"":""1507971792842608"",""update_time"":""2025-01-06T00:00:00.000Z""},{""property"":""/properties/existence"",""dataset"":""msft"",""record_id"":""562949962111825"",""update_time"":""2025-01-06T00:00:00.000Z""},{""property"":""/properties/existence"",""dataset"":""msft"",""record_id"":""281474979194177"",""update_time"":""2025-01-06T00:00:00.000Z""},{""property"":""/properties/existence"",""dataset"":""msft"",""record_id"":""1407374888272599"",""update_time"":""2025-01-06T00:00:00.000Z""},{""property"":""/properties/existence"",""dataset"":""msft"",""record_id"":""1125899911171169"",""update_time"":""2025-01-06T00:00:00.000Z""}]","[{""dataset"":""Microsoft"",""record_id"":""1407374888272599"",""update_time"":""2024-12-30T10:09:48.41"",""confidence"":0.77}]",false,false,false,false,false,false,false,false
subset,descriptor,08f650512ab02c2603d39e8e6b9c914a,"KLiA, Kuala Lumpur, Malaysia.",KLIA,29,4,-25,4,1,-3,,"KLIA , Kuala Lumpur",Sepang,,travel,airport,0.48103896103896104,0.28686635944700467,"[{""property"":"""",""dataset"":""meta"",""record_id"":""315682641781988"",""update_time"":""2025-01-06T00:00:00.000Z""}]","[{""property"":"""",""dataset"":""meta"",""record_id"":""304257756375804"",""update_time"":""2025-01-06T00:00:00.000Z""}]",false,false,false,false,false,false,false,false
subset,descriptor,08f1faea1a769db403fc9ae26e222fa5,PicturePeople Fotostudio,PicturePeople Fotostudio Frankfurt-Berger-Straße,24,48,24,2,3,1,Berger Straße 124A,Berger Str. 124A,Frankfurt am Main,,professional_services,session_photography,0.9962614185921548,0.77,"[{""property"":"""",""dataset"":""meta"",""record_id"":""222433414832461"",""update_time"":""2025-01-06T00:00:00.000Z""},{""property"":""/properties/existence"",""dataset"":""msft"",""record_id"":""1688849864274748"",""update_time"":""2025-01-06T00:00:00.000Z""},{""property"":""/properties/existence"",""dataset"":""msft"",""record_id"":""1407374890657243"",""update_time"":""2025-01-06T00:00:00.000Z""},{""property"":""/properties/existence"",""dataset"":""msft"",""record_id"":""1407374886536367"",""update_time"":""2025-01-06T00:00:00.000Z""}]","[{""dataset"":""Microsoft"",""record_id"":""1407374886536367"",""update_time"":""2024-12-30T00:49:24.973"",""confidence"":0.77}]",false,false,false,false,false,false,false,false
subset,descriptor,08f262198389e743030e805bc88aee13,Open Air - Power Bus Specialists,Open Air,32,8,-24,6,2,-4,100 Roosevelt Rd,100 Roosevelt Rd Ste A,St Cloud,MN,contractor,ice_supplier,0.9872500778573653,0.77,"[{""property"":"""",""dataset"":""meta"",""record_id"":""1550153701970056"",""update_time"":""2025-01-06T00:00:00.000Z""},{""property"":""/properties/existence"",""dataset"":""msft"",""record_id"":""844424931763778"",""update_time"":""2025-01-06T00:00:00.000Z""},{""property"":""/properties/existence"",""dataset"":""msft"",""record_id"":""844424931759690"",""update_time"":""2025-01-06T00:00:00.000Z""}]","[{""dataset"":""Microsoft"",""record_id"":""844424931759690"",""update_time"":""2016-12-12T14:11:28.817"",""confidence"":0.77}]",false,false,false,false,false,false,false,false
subset,descriptor,08f396cc46c748510304fccc9beb9081,MDA Electroménager Discount,MDA,27,3,-24,3,1,-2,54 Rue des Mésanges,54 Rue des Mésanges,Alès,,appliance_store,Retail > Computers and Electronics Retail > Electronics Store,0.9645127118644068,1.0,"[{""property"":"""",""dataset"":""meta"",""record_id"":""104474331222737"",""update_time"":""2025-01-06T08:00:00.000Z"",""confidence"":0.9645127118644068}]","[{""property"":"""",""dataset"":""FourSquare"",""record_id"":""5f85a97ff4403453745b638e"",""update_time"":""2024-07-03T00:00:00.000"",""confidence"":1.0}]",false,false,false,false,false,false,false,false
subset,descriptor,08f424b75d40d0cb03592d4b2fa75750,Apollo Tyres - Bhatia Tyre & Service,Apollo Tyres,36,12,-24,7,2,-5,"Shop No 233, Auto Market",Shop No 233,Fatehabad,Haryana,tire_shop,tire_dealer_and_repair,0.77,0.9467515923566879,"[{""property"":"""",""dataset"":""msft"",""record_id"":""1688849864325552"",""update_time"":""2025-01-06T00:00:00.000Z""}]","[{""property"":"""",""dataset"":""meta"",""record_id"":""110324074901544"",""update_time"":""2025-01-06T00:00:00.000Z""}]",false,false,false,false,false,false,false,false
subset,descriptor,08fa81955b34a9b303580e4545ded3f2,UBS Vila Elvira,UBS Vila Elvira - São José Do Rio Preto,15,39,24,3,9,6,,,,,health_and_medical,Health and Medicine > Emergency Service > Emergency Room,0.48103896103896104,1.0,"[{""property"":"""",""dataset"":""meta"",""record_id"":""936203839837757"",""update_time"":""2025-01-06T08:00:00.000Z"",""confidence"":0.48103896103896104}]","[{""property"":"""",""dataset"":""FourSquare"",""record_id"":""51ed2f0b498e8e7bde84b219"",""update_time"":""2021-08-15T00:00:00.000"",""confidence"":1.0}]",false,false,false,false,false,false,false,true
subset,descriptor,08f184585198e405031141d8c7cec342,Europcar,Europcar NANTES FORUM D'ORVAULT,8,31,23,1,4,3,310 Route de Vannes,"310 Rte De Vannes, Forum D'Orvault",Orvault,,car_rental_agency,Travel and Transportation > Transport Hub > Rental Car Location,0.9385113268608414,1.0,"[{""property"":"""",""dataset"":""meta"",""record_id"":""170734479646723"",""update_time"":""2025-01-06T08:00:00.000Z"",""confidence"":0.9385113268608414}]","[{""property"":"""",""dataset"":""FourSquare"",""record_id"":""5a2594ae32b61d11120025cc"",""update_time"":""2024-07-02T00:00:00.000"",""confidence"":1.0}]",false,false,false,false,false,false,false,false
subset,descriptor,08f1e805a9c6c76c0362cba6f29b724f,Toscano Tor de Cenci Spinaceto,Toscano,30,7,-23,5,1,-4,"Via di Mezzocammino, 197/199",Via di Mezzocammino 197 199,,,commercial_real_estate,,0.9918379237288135,1.0,"[{""property"":"""",""dataset"":""meta"",""record_id"":""110163922656221"",""update_time"":""2025-01-06T08:00:00.000Z"",""confidence"":0.9645127118644068},{""property"":""/properties/existence"",""dataset"":""Microsoft"",""record_id"":""1407374890604313"",""update_time"":""2024-10-06T02:25:43.680Z"",""confidence"":0.77}]","[{""property"":"""",""dataset"":""FourSquare"",""record_id"":""4f420a3e788b2895a16bac68"",""update_time"":""2024-07-03T00:00:00.000"",""confidence"":1.0}]",false,false,false,false,false,false,false,false
subset,descriptor,08f1fa19982ce06c03670f9ce05c2adc,Easylivin Coffee Brunch and Lunch,Easylivin',33,10,-23,5,1,-4,Thieboldsgasse 117,Thieboldsgasse 117,Köln,,cafe,"Dining and Drinking > Cafe, Coffee, and Tea House > Café",0.9837452982267598,1.0,"[{""property"":"""",""dataset"":""meta"",""record_id"":""105185511281725"",""update_time"":""2025-01-06T08:00:00.000Z"",""confidence"":0.9837452982267598}]","[{""property"":"""",""dataset"":""FourSquare"",""record_id"":""5cf96ec03fffb4003126f340"",""update_time"":""2024-10-08T00:00:00.000"",""confidence"":1.0}]",false,false,false,false,false,false,false,false
subset,descriptor,08f1fb616050426903dbc4e7d8f3fd21,Supplay Chartres BTP Transport,Supplay,30,7,-23,4,1,-3,21 Rue du Docteur Maunoury,21 rue du Docteur Gabriel Maunoury,Chartres,,employment_agencies,Business and Professional Services > Employment Agency,0.9467515923566879,1.0,"[{""property"":"""",""dataset"":""meta"",""record_id"":""421067127950378"",""update_time"":""2025-01-06T08:00:00.000Z"",""confidence"":0.9467515923566879}]","[{""property"":"""",""dataset"":""FourSquare"",""record_id"":""56ff4030d05e443d51a33c2e"",""update_time"":""2024-07-03T00:00:00.000"",""confidence"":1.0}]",false,false,false,false,false,false,false,false
subset,descriptor,08f2a13a949b18c203493817733d9e7d,Barnegat Bay Financial Group,Barnegat Bay Financial Group - Raymond James Office,28,51,23,4,8,4,929 Lacey Rd,929 Lacey Rd,Lacey,NJ,financial_advising,bank_credit_union,0.9872500778573653,0.77,"[{""property"":"""",""dataset"":""meta"",""record_id"":""429387640588855"",""update_time"":""2025-01-06T00:00:00.000Z""},{""property"":""/properties/existence"",""dataset"":""msft"",""record_id"":""562949962820161"",""update_time"":""2025-01-06T00:00:00.000Z""},{""property"":""/properties/existence"",""dataset"":""msft"",""record_id"":""1125899910853735"",""update_time"":""2025-01-06T00:00:00.000Z""},{""property"":""/properties/existence"",""dataset"":""meta"",""record_id"":""100186605644667"",""update_time"":""2025-01-06T00:00:00.000Z""}]","[{""dataset"":""Microsoft"",""record_id"":""562949962820161"",""update_time"":""2022-09-18T15:36:51.607"",""confidence"":0.77}]",false,false,false,false,false,false,false,false
subset,descriptor,08f39540a8951551033cd5c0b522f9b6,Operfín,Operfín: Servicios Financieros,7,30,23,1,3,2,"Avenida de Giorgeta, 4","Avenida Giorgeta, 4 Bajo",Valencia,,mortgage_broker,mortgage_broker,0.9872500778573653,0.77,"[{""property"":"""",""dataset"":""meta"",""record_id"":""110551861591590"",""update_time"":""2025-01-06T00:00:00.000Z""},{""property"":""/properties/existence"",""dataset"":""msft"",""record_id"":""1688849863718528"",""update_time"":""2025-01-06T00:00:00.000Z""}]","[{""dataset"":""Microsoft"",""record_id"":""1688849863718528"",""update_time"":""2024-12-24T02:41:26.063"",""confidence"":0.77}]",false,false,false,false,false,false,false,false
subset,descriptor,08f396c3817960da031b6881f73d4ee7,Brennus,Brennus Concept et Technologie,7,30,23,1,4,3,135 Avenue Pierre Semard,135 avenue Pierre Semard Min Bat V2,Avignon,,home_security,Retail,0.9467515923566879,1.0,"[{""property"":"""",""dataset"":""meta"",""record_id"":""533989716653595"",""update_time"":""2025-01-06T08:00:00.000Z"",""confidence"":0.9467515923566879}]","[{""property"":"""",""dataset"":""FourSquare"",""record_id"":""8520b74e172944f8d66bba0b"",""update_time"":""2024-07-03T00:00:00.000"",""confidence"":1.0}]",false,false,false,false,false,false,false,false
subset,descriptor,08f44a910b2f5a6503fa476a6c499b61,Amscot,Amscot - The Money Superstore,6,29,23,1,5,4,11500 Orange Blossom Trl S,11500 South Orange Blossom Trail,Orlando,FL,installment_loans,Business and Professional Services > Financial Service,0.9837452982267598,1.0,"[{""property"":"""",""dataset"":""meta"",""record_id"":""178060182829681"",""update_time"":""2025-01-06T08:00:00.000Z"",""confidence"":0.9837452982267598}]","[{""property"":"""",""dataset"":""FourSquare"",""record_id"":""5cdd3b92c876c8002cccd4a5"",""update_time"":""2024-10-13T00:00:00.000"",""confidence"":1.0}]",false,false,false,false,false,false,false,false
subset,descriptor,08f5d11406ada28603212c5a2e466291,First Hawaiian Bank ATM,"First Hawaiian Bank ATM, Minit Stop-Orchidland",23,46,23,4,6,2,"16-1119 Orchid Land Drive, Minit Stop-Orchidland",1119 Orchid Land Drive,Keaau,HI,atms,Business and Professional Services > Financial Service > Banking and Finance > ATM,0.77,1.0,"[{""property"":"""",""dataset"":""Microsoft"",""record_id"":""1407374887051728"",""update_time"":""2024-10-05T17:53:30.670Z"",""confidence"":0.77}]","[{""property"":"""",""dataset"":""FourSquare"",""record_id"":""5fdb5a034b288e7c4703dcf7"",""update_time"":""2024-10-15T00:00:00.000"",""confidence"":1.0}]",false,false,false,false,false,false,false,false
subset,descriptor,08f1f33366a0831003dbc94079ee198a,Sparkasse Hennstedt-Wesselburen,Sparkasse,31,9,-22,2,1,-1,Mühlenstraße 18,Mühlenstr. 18,Hennstedt,,atms,Business and Professional Services > Financial Service > Banking and Finance,0.9253962118283726,1.0,"[{""property"":"""",""dataset"":""meta"",""record_id"":""396638897085529"",""update_time"":""2025-01-06T08:00:00.000Z"",""confidence"":0.9253962118283726}]","[{""property"":"""",""dataset"":""FourSquare"",""record_id"":""4f2293cb182149c3e985ba40"",""update_time"":""2024-10-08T00:00:00.000"",""confidence"":1.0}]",false,false,false,false,false,false,false,false
subset,descriptor,08f2e614569a86580306294dc87fd829,京都御所 Kyoto Imperial Palace,京都御所,26,4,-22,4,1,-3,"京都市上京区京都御苑3 (3Kyotogyoen, Kamigyo Ward, Kyoto)nn",京都府京都市上京区京都御苑３,Kyoto-shi,26,palace,landmark_and_historical_building,0.6214335421016005,0.9645127118644068,"[{""property"":"""",""dataset"":""meta"",""record_id"":""109670610904898"",""update_time"":""2025-01-06T00:00:00.000Z""}]","[{""property"":"""",""dataset"":""meta"",""record_id"":""184353458311291"",""update_time"":""2025-01-06T00:00:00.000Z""}]",false,false,false,false,false,false,false,false
subset,descriptor,08fa810384d58c45034826da81df1a9e,Auto Stark,Auto Stark Acessórios Automotivo,10,32,22,2,4,2,"Rua Morganita, 52",rua morganita número 52,Osasco,SP,automotive_dealer,Business and Professional Services > Automotive Service > Automotive Repair Shop,0.3941504178272981,1.0,"[{""property"":"""",""dataset"":""meta"",""record_id"":""105947841665424"",""update_time"":""2025-01-06T08:00:00.000Z"",""confidence"":0.39415041782729804}]","[{""property"":"""",""dataset"":""FourSquare"",""record_id"":""640282a867858d00740d5664"",""update_time"":""2023-06-15T00:00:00.000"",""confidence"":1.0}]",false,false,false,false,false,false,false,false
subset,descriptor,1407374890510389,Extended Stay America,Extended Stay America Los Angeles / Arcadia,21,43,22,3,7,4,401 E Santa Clara St,401 E Santa Clara St,Arcadia,CA,resort,resort,0.77,0.77,"[{""dataset"":""Microsoft"",""record_id"":""1407374890510389"",""update_time"":""2023-09-05T10:10:32.3"",""confidence"":0.77}]","[{""dataset"":""Microsoft"",""record_id"":""562949955318733"",""update_time"":""2015-05-25T13:05:50.35"",""confidence"":0.77}]",false,false,false,false,false,false,false,false
subset,descriptor,08f1959b447aaa900389169fac74b366,Mirage Health and Wellbeing,Mirage,27,6,-21,4,1,-3,1 East Lake,"Lake House, 1 East Lake",Bognor Regis,ENG,naturopathic_holistic,doctor,0.9918379237288135,0.77,"[{""property"":"""",""dataset"":""meta"",""record_id"":""187045524676186"",""update_time"":""2025-01-06T00:00:00.000Z""},{""property"":""/properties/existence"",""dataset"":""msft"",""record_id"":""1125899908392726"",""update_time"":""2025-01-06T00:00:00.000Z""}]","[{""dataset"":""Microsoft"",""record_id"":""1125899908392726"",""update_time"":""2016-12-25T15:07:33.677"",""confidence"":0.77}]",false,false,false,false,false,false,false,false
subset,descriptor,08f195c16b7ada18034035220a9bdd25,Bluebird Care,Bluebird Care Tamworth & Lichfield,13,34,21,2,5,3,21 Lichfield Street,"Manor House, Lichfield Street",Tamworth,ENG,home_health_care,home_health_care,0.9803712632594022,0.77,"[{""property"":"""",""dataset"":""meta"",""record_id"":""101518291461888"",""update_time"":""2025-01-06T00:00:00.000Z""},{""property"":""/properties/existence"",""dataset"":""msft"",""record_id"":""844424933195832"",""update_time"":""2025-01-06T00:00:00.000Z""},{""property"":""/properties/existence"",""dataset"":""msft"",""record_id"":""1407374888190345"",""update_time"":""2025-01-06T00:00:00.000Z""}]","[{""dataset"":""Microsoft"",""record_id"":""844424933195832"",""update_time"":""2024-09-13T10:27:24.347"",""confidence"":0.77}]",false,false,false,false,false,false,false,false
subset,descriptor,08f1e8b215b9969603ab3bb9260c26a3,Romidò,Romidò Ingrosso e Dettaglio,6,27,21,1,4,3,"Via Nicola Stapane, 6","Via N. Stapane , Lotto 6",Galatone,75,beauty_salon,,0.9645127118644068,1.0,"[{""property"":"""",""dataset"":""meta"",""record_id"":""1201570973273554"",""update_time"":""2025-01-06T08:00:00.000Z"",""confidence"":0.9645127118644068}]","[{""property"":"""",""dataset"":""FourSquare"",""record_id"":""7c54fda507e01716de6190ab"",""update_time"":""2024-07-03T00:00:00.000"",""confidence"":1.0}]",false,false,false,false,false,false,false,false
subset,descriptor,08f1f895b1880a940382fd5955cc8c45,Ehstandhof Pension & Apartments,Ehstandhof,31,10,-21,4,1,-3,Ehstandweg 2,Ehstandweg 2,Uderns,,bed_and_breakfast,Travel and Transportation > Lodging > Hostel,0.7927927927927928,1.0,"[{""property"":"""",""dataset"":""meta"",""record_id"":""181545235286479"",""update_time"":""2025-01-06T08:00:00.000Z"",""confidence"":0.7927927927927928}]","[{""property"":"""",""dataset"":""FourSquare"",""record_id"":""e1780a4c4de9480125438b7c"",""update_time"":""2024-06-23T00:00:00.000"",""confidence"":1.0}]",false,false,false,false,false,false,false,false
subset,descriptor,08f1fa18b10096560307f7ed7f421854,Essbar 32 Inh. Zahide Kahraman,essbar 32,30,9,-21,5,2,-3,Maternusstraße 32,maternusstrasse 32,Köln,,fast_food_restaurant,Dining and Drinking > Restaurant > Hot Dog Joint,0.28671328671328666,1.0,"[{""property"":"""",""dataset"":""meta"",""record_id"":""734412846648954"",""update_time"":""2025-01-06T08:00:00.000Z"",""confidence"":0.2867132867132867}]","[{""property"":"""",""dataset"":""FourSquare"",""record_id"":""5485a894498e5509caab8eff"",""update_time"":""2024-10-08T00:00:00.000"",""confidence"":1.0}]",false,false,false,false,false,false,false,false
subset,descriptor,08f1fa52b061960a03e43f858d980cc0,LUSH Cosmetics Düsseldorf,LUSH,25,4,-21,3,1,-2,Schadowstr. 65,Schadowstr.,Düsseldorf,North Rhine-Westphalia,florist,Retail > Cosmetics Store,0.77,1.0,"[{""property"":"""",""dataset"":""Microsoft"",""record_id"":""562949961871266"",""update_time"":""2024-12-24T17:48:51.817Z"",""confidence"":0.77}]","[{""property"":"""",""dataset"":""FourSquare"",""record_id"":""629b6954de9a24312bac6328"",""update_time"":""2022-06-07T00:00:00.000"",""confidence"":1.0}]",false,false,false,false,false,false,false,false
subset,descriptor,08f1faeb9cc4ba1203638ba5e205c186,Debeka,Debeka Servicebüro Kelkheim,6,27,21,1,3,2,Weberstr. 4,Weberstr. 4,Kelkheim (Taunus),Hesse,bank_credit_union,Business and Professional Services > Financial Service,0.77,1.0,"[{""property"":"""",""dataset"":""Microsoft"",""record_id"":""1407374887608303"",""update_time"":""2024-09-09T16:29:12.720Z"",""confidence"":0.77}]","[{""property"":"""",""dataset"":""FourSquare"",""record_id"":""5eb1bb5737938c0008d119b3"",""update_time"":""2024-10-08T00:00:00.000"",""confidence"":1.0}]",false,false,false,false,false,false,false,false
subset,descriptor,08f260e2096121120300fe38e9d19185,Remington Heights Retirement Community,Remington Heights,38,17,-21,4,2,-2,12606 W Dodge Rd,12606 W Dodge Rd,Omaha,NE,retirement_home,Landmarks and Outdoors > States and Municipalities > Neighborhood,0.997898979043525,1.0,"[{""property"":"""",""dataset"":""meta"",""record_id"":""104467419641609"",""update_time"":""2025-01-06T08:00:00.000Z"",""confidence"":0.9908651262761956},{""property"":""/properties/existence"",""dataset"":""Microsoft"",""record_id"":""1407374887709248"",""update_time"":""2024-09-09T14:06:41.403Z"",""confidence"":0.77}]","[{""property"":"""",""dataset"":""FourSquare"",""record_id"":""4d4f6fb171548cfaaae2049a"",""update_time"":""2024-10-11T00:00:00.000"",""confidence"":1.0}]",false,false,false,false,false,false,false,false
subset,descriptor,08f4143696230cde032dc140c3f02fba,BFC Money Vay Nhanh Qua Icloud,BFC MONEY,30,9,-21,6,2,-4,25 Phố Nguyễn Hoàng,25 Phố Nguyễn Hoàng,Quận Nam Từ Liêm,,financial_advising,financial_service,0.6311475409836066,0.28686635944700467,"[{""property"":"""",""dataset"":""meta"",""record_id"":""112022281313774"",""update_time"":""2025-01-06T00:00:00.000Z""}]","[{""property"":"""",""dataset"":""meta"",""record_id"":""109519528493212"",""update_time"":""2025-01-06T00:00:00.000Z""}]",false,false,false,false,false,false,false,false
subset,descriptor,08fbee249bdb0db4032948c20a85120c,Waterquip Pumps and Irrigation,Waterquip,30,9,-21,4,1,-3,110 Gwydir St,110 Gwydir St,Moree,NSW,agricultural_service,industrial_equipment,0.3941504178272981,0.9895134099616858,"[{""property"":"""",""dataset"":""meta"",""record_id"":""530821950634978"",""update_time"":""2025-01-06T00:00:00.000Z""}]","[{""property"":"""",""dataset"":""meta"",""record_id"":""162474910454161"",""update_time"":""2025-01-06T00:00:00.000Z""},{""property"":""/properties/existence"",""dataset"":""msft"",""record_id"":""562949962521363"",""update_time"":""2025-01-06T00:00:00.000Z""},{""property"":""/properties/existence"",""dataset"":""msft"",""record_id"":""1407374887453220"",""update_time"":""2025-01-06T00:00:00.000Z""}]",false,false,false,false,false,false,false,false
subset,descriptor,1407374886424431,Carquest Auto Parts - Jerry's Auto Parts,Carquest Auto Parts,40,19,-21,7,3,-4,2001 10th St,2001 10th St,Rock Valley,IA,auto_parts_and_supply_store,auto_parts_and_supply_store,0.77,0.77,"[{""dataset"":""Microsoft"",""record_id"":""1407374886424431"",""update_time"":""2019-12-11T05:47:56.353"",""confidence"":0.77}]","[{""dataset"":""Microsoft"",""record_id"":""844424930372608"",""update_time"":""2016-12-16T19:49:21.79"",""confidence"":0.77}]",false,false,false,false,false,false,false,false
subset,descriptor,08f26692d90cb2ec03b6e9ab578fafc0,Albany Auto Color and Power Equipment,Albany Auto Color,37,17,-20,6,3,-3,1014 N Cross St,1014 N Cross St,Albany,KY,automotive_parts_and_accessories,industrial_equipment,0.9962614185921548,0.77,"[{""property"":"""",""dataset"":""meta"",""record_id"":""153059848062713"",""update_time"":""2025-01-06T00:00:00.000Z""},{""property"":""/properties/existence"",""dataset"":""msft"",""record_id"":""562949955248642"",""update_time"":""2025-01-06T00:00:00.000Z""}]","[{""dataset"":""Microsoft"",""record_id"":""562949955248642"",""update_time"":""2015-05-25T12:35:42.18"",""confidence"":0.77}]",false,false,false,false,false,false,false,false
subset,descriptor,08f26e859b15cc0a0323c755b218aeb7,Top Cut Family Hair Cutters,Top Cut,27,7,-20,5,2,-3,6424 S Elm Pl,6400 S Elm Pl,Broken Arrow,OK,hair_salon,Business and Professional Services > Health and Beauty Service > Hair Salon,0.9837452982267598,1.0,"[{""property"":"""",""dataset"":""meta"",""record_id"":""283622108641147"",""update_time"":""2025-01-06T08:00:00.000Z"",""confidence"":0.9837452982267598}]","[{""property"":"""",""dataset"":""FourSquare"",""record_id"":""4d6c334ba3916dcb9c49871e"",""update_time"":""2024-10-15T00:00:00.000"",""confidence"":1.0}]",false,false,false,false,false,false,false,false
subset,descriptor,08f2986b8089b2cb03220db3aa72c816,Miracle Mile Shops At Planet Hollywood,Miracle Mile Shops,38,18,-20,6,3,-3,3663 S Las Vegas Blvd,3663 Las Vegas Blvd South,Las Vegas,NV,parking,shopping_center,0.7927927927927928,0.77,"[{""property"":"""",""dataset"":""meta"",""record_id"":""453482551770102"",""update_time"":""2025-01-06T00:00:00.000Z""}]","[{""dataset"":""Microsoft"",""record_id"":""562949961268770"",""update_time"":""2024-09-15T06:08:05.933"",""confidence"":0.77}]",false,false,false,false,false,false,false,false
subset,descriptor,08f2a120ca2ae36c03063f6dab55a04b,Green Leaf's,Green Leaf's Beyond Great Salads,12,32,20,2,5,3,77 Sands Blvd,77 Sands Blvd,Bethlehem,PA,salad_bar,Dining and Drinking > Restaurant > Salad Restaurant,0.77,1.0,"[{""property"":"""",""dataset"":""Microsoft"",""record_id"":""844424933952524"",""update_time"":""2024-12-21T20:16:44.850Z"",""confidence"":0.77}]","[{""property"":"""",""dataset"":""FourSquare"",""record_id"":""4e3b26e0e4cdab9b9324d1b3"",""update_time"":""2024-10-25T00:00:00.000"",""confidence"":1.0}]",false,false,false,false,false,false,false,false
subset,descriptor,08f441a4340f371803f7a1498d47efc1,T-Mobile,T-Mobile Authorized Retailer,8,28,20,1,3,2,3800 US Highway 98 N Ste 136,3800 US Highway 98 N Ste 704,Lakeland,FL,mobile_phone_store,mobile_phone_store,0.77,0.77,"[{""property"":"""",""dataset"":""msft"",""record_id"":""2251799819887966"",""update_time"":""2025-01-06T00:00:00.000Z""}]","[{""dataset"":""Microsoft"",""record_id"":""2251799819887965"",""update_time"":""2024-12-31T06:28:54.47"",""confidence"":0.77}]",false,false,false,false,false,false,false,false
subset,descriptor,08f446c25679a70e03572240a924ba2c,Chick-fil-A Grand Parkway North,Chick-fil-A,31,11,-20,4,1,-3,3195 Riley Fuzzel Rd,3195 Riley Fuzzel Rd,Spring,TX,fast_food_restaurant,fast_food_restaurant,0.9962614185921548,0.77,"[{""property"":"""",""dataset"":""meta"",""record_id"":""1554426481243514"",""update_time"":""2025-01-06T00:00:00.000Z""},{""property"":""/properties/existence"",""dataset"":""msft"",""record_id"":""562949959114717"",""update_time"":""2025-01-06T00:00:00.000Z""},{""property"":""/properties/existence"",""dataset"":""msft"",""record_id"":""2251799818786011"",""update_time"":""2025-01-06T00:00:00.000Z""},{""property"":""/properties/existence"",""dataset"":""msft"",""record_id"":""1125899912994964"",""update_time"":""2025-01-06T00:00:00.000Z""}]","[{""dataset"":""Microsoft"",""record_id"":""1125899912994964"",""update_time"":""2024-08-04T22:08:34.917"",""confidence"":0.77}]",false,false,false,false,false,false,false,false
subset,descriptor,08f44ced69d6e2010308e0e270d2fde2,Boot Barn Hall,Boot Barn Hall at Bourbon Brothers,14,34,20,3,6,3,312 Jesse Jewell Pkwy,312 Jesse Jewell,Gainesville,GA,music_venue,venue_and_event_space,0.997898979043525,0.77,"[{""property"":"""",""dataset"":""meta"",""record_id"":""108569898195627"",""update_time"":""2025-01-06T00:00:00.000Z""},{""property"":""/properties/existence"",""dataset"":""msft"",""record_id"":""844424934248095"",""update_time"":""2025-01-06T00:00:00.000Z""}]","[{""dataset"":""Microsoft"",""record_id"":""844424934248095"",""update_time"":""2023-04-10T16:56:04.36"",""confidence"":0.77}]",false,false,false,false,false,false,false,false
subset,descriptor,08fa8100cdaee1ae0395ad79d4166c65,Ortolapa Moveis Hospitalares,Ortolapa,28,8,-20,3,1,-2,"Rua Roma, 561","Rua Roma, 561",São Paulo,SP,shopping,Retail > Miscellaneous Store,0.6214335421016005,1.0,"[{""property"":"""",""dataset"":""meta"",""record_id"":""109656177081171"",""update_time"":""2025-01-06T08:00:00.000Z"",""confidence"":0.6214335421016005}]","[{""property"":"""",""dataset"":""FourSquare"",""record_id"":""4d5bbe76b9b2a143214e6d8c"",""update_time"":""2021-08-12T00:00:00.000"",""confidence"":1.0}]",false,false,false,false,false,false,false,false
subset,descriptor,08fa83120535a54b03b3b2e5732f7962,SuporteGames Assistência Técnica,Suportegames,32,12,-20,3,1,-2,"Rua Lucídio Florêncio Ribeiro, 325",Rua Lucidio Florencio Ribeiro 325 Loja 03,Campina Grande do Sul,PR,shopping,Business and Professional Services > Repair Service,0.7927927927927928,1.0,"[{""property"":"""",""dataset"":""meta"",""record_id"":""448591288616473"",""update_time"":""2025-01-06T08:00:00.000Z"",""confidence"":0.7927927927927928}]","[{""property"":"""",""dataset"":""FourSquare"",""record_id"":""63853c8843eec94742344a42"",""update_time"":""2022-11-28T00:00:00.000"",""confidence"":1.0}]",false,false,false,false,false,false,false,false
subset,descriptor,08fa87694d79878b03248275fa0bff04,Araken Choperia e Pizzaria,Araken,26,6,-20,4,1,-3,"Avenida Dourados, 356",Av. Dourados,Naviraí,MS,pizza_restaurant,Dining and Drinking > Bar,0.9908651262761956,1.0,"[{""property"":"""",""dataset"":""meta"",""record_id"":""798301063678071"",""update_time"":""2025-01-06T08:00:00.000Z"",""confidence"":0.9908651262761956}]","[{""property"":"""",""dataset"":""FourSquare"",""record_id"":""4e8a6d899a524097dc1f2b49"",""update_time"":""2020-11-23T00:00:00.000"",""confidence"":1.0}]",false,false,false,false,false,false,false,false
subset,descriptor,08fa88cd98806c2503508be454babf9f,Dog's Shop Pampulha - Pet Shop,Dog's Shop,30,10,-20,6,2,-4,Av. Portugal 4273,"Av. Portugal, 4297",Belo Horizonte,MG,pet_store,Retail > Pet Supplies Store,0.77,1.0,"[{""property"":"""",""dataset"":""Microsoft"",""record_id"":""281474979863898"",""update_time"":""2023-06-09T06:56:56.580Z"",""confidence"":0.77}]","[{""property"":"""",""dataset"":""FourSquare"",""record_id"":""5980af0c95da0c5aa5d3ff76"",""update_time"":""2021-08-16T00:00:00.000"",""confidence"":1.0}]",false,false,false,false,false,false,false,false
subset,descriptor,1125899911665302,Walmart,Walmart Neighborhood Market,7,27,20,1,3,2,15240 E Iliff Ave,15240 E Iliff Ave,Aurora,CO,restaurant,department_store,0.77,0.77,"[{""dataset"":""Microsoft"",""record_id"":""1125899911665302"",""update_time"":""2023-05-10T01:36:28.58"",""confidence"":0.77}]","[{""dataset"":""Microsoft"",""record_id"":""1407374885198890"",""update_time"":""2024-12-30T18:17:56.433"",""confidence"":0.77}]",false,false,false,false,false,false,false,false
subset,descriptor,08f1ea295430d7ad03093e966e6cc128,NaturE' di Rasia Stefania,Naturè,25,6,-19,4,1,-3,"Via Aldo Moro, 6B",Via Aldo Moro 6 B,Marzabotto,45,organic_grocery_store,Health and Medicine > Alternative Medicine Clinic,0.7927927927927928,1.0,"[{""property"":"""",""dataset"":""meta"",""record_id"":""301056836750377"",""update_time"":""2025-01-06T08:00:00.000Z"",""confidence"":0.7927927927927928}]","[{""property"":"""",""dataset"":""FourSquare"",""record_id"":""dfeaddda5add44c55af6b19e"",""update_time"":""2024-07-03T00:00:00.000"",""confidence"":1.0}]",false,false,false,false,false,false,false,false
subset,descriptor,08f1eb1929c8604503e5996883859eec,Service Neon,Service Neon di Cateni Riccardo,12,31,19,2,5,3,"Via Cava, 257",Via della Cava 257,Rosignano Solvay,LI,building_supply_store,,0.77,1.0,"[{""property"":"""",""dataset"":""Microsoft"",""record_id"":""562949961904103"",""update_time"":""2024-11-15T15:13:20.350Z"",""confidence"":0.77}]","[{""property"":"""",""dataset"":""FourSquare"",""record_id"":""9ce23c10558e4307ae8243ed"",""update_time"":""2024-07-03T00:00:00.000"",""confidence"":1.0}]",false,false,false,false,false,false,false,false
subset,descriptor,08f1fa922392688e03d8578ed1da3368,Wohnungsauflösungen Schenk,Wohnungsauflösungen Schenk Ankauf und Verkauf,26,45,19,2,5,3,Ludwigstraße 38,Ludwigstr. 38,Selb,,garbage_collection_service,Business and Professional Services > Recycling Facility,0.9828411287205256,1.0,"[{""property"":"""",""dataset"":""meta"",""record_id"":""156401261693789"",""update_time"":""2025-01-06T08:00:00.000Z"",""confidence"":0.9253962118283726},{""property"":""/properties/existence"",""dataset"":""Microsoft"",""record_id"":""1407374887656750"",""update_time"":""2024-12-22T07:44:54.810Z"",""confidence"":0.77}]","[{""property"":"""",""dataset"":""FourSquare"",""record_id"":""5c755c341ffe97002cfe4ae3"",""update_time"":""2024-10-08T00:00:00.000"",""confidence"":1.0}]",false,false,false,false,false,false,false,false
subset,descriptor,08f1fb475942326103be119f5f142984,Parc Clichy-Batignolles,Parc Clichy-Batignolles Martin Luther King,23,42,19,2,5,3,147 Rue Cardinet,Rue Cardinet,Paris,,park,Landmarks and Outdoors > Park,0.9645127118644068,1.0,"[{""property"":"""",""dataset"":""meta"",""record_id"":""161838490495485"",""update_time"":""2025-01-06T08:00:00.000Z"",""confidence"":0.9645127118644068}]","[{""property"":"""",""dataset"":""FourSquare"",""record_id"":""4b9f357bf964a520fe1737e3"",""update_time"":""2024-10-30T00:00:00.000"",""confidence"":1.0}]",false,false,false,false,false,false,false,false
subset,descriptor,08f266212e0ed51a03fa92d069b6fc20,The Vineyard Church,The Vineyard Church Bloomington-Normal,19,38,19,3,4,1,380 Wylie Dr,380 Wylie Dr Ste 650,Normal,IL,church_cathedral,Community and Government > Spiritual Center > Church,0.9908651262761956,1.0,"[{""property"":"""",""dataset"":""meta"",""record_id"":""139827189361726"",""update_time"":""2025-01-06T08:00:00.000Z"",""confidence"":0.9908651262761956}]","[{""property"":"""",""dataset"":""FourSquare"",""record_id"":""225be5c60c324e9a8fa65ec1"",""update_time"":""2024-10-14T00:00:00.000"",""confidence"":1.0}]",false,false,false,false,false,false,false,false
subset,descriptor,08f274ca76c9c9810323067e2b9f2f53,Olive Garden,Olive Garden Italian Restaurant,12,31,19,2,4,2,6803 Eastman Ave,6803 Eastman Avenue,Midland,MI,italian_restaurant,salad_bar,0.9962614185921548,0.77,"[{""property"":"""",""dataset"":""meta"",""record_id"":""304422283015870"",""update_time"":""2025-01-06T00:00:00.000Z""},{""property"":""/properties/existence"",""dataset"":""msft"",""record_id"":""562949962084228"",""update_time"":""2025-01-06T00:00:00.000Z""},{""property"":""/properties/existence"",""dataset"":""msft"",""record_id"":""562949958207475"",""update_time"":""2025-01-06T00:00:00.000Z""},{""property"":""/properties/existence"",""dataset"":""msft"",""record_id"":""562949956830220"",""update_time"":""2025-01-06T00:00:00.000Z""},{""property"":""/properties/existence"",""dataset"":""msft"",""record_id"":""562949955233331"",""update_time"":""2025-01-06T00:00:00.000Z""},{""property"":""/properties/existence"",""dataset"":""msft"",""record_id"":""562949955022660"",""update_time"":""2025-01-06T00:00:00.000Z""},{""property"":""/properties/existence"",""dataset"":""msft"",""record_id"":""1970324837250877"",""update_time"":""2025-01-06T00:00:00.000Z""},{""property"":""/properties/existence"",""dataset"":""msft"",""record_id"":""1688849863196984"",""update_time"":""2025-01-06T00:00:00.000Z""}]","[{""dataset"":""Microsoft"",""record_id"":""562949958207475"",""update_time"":""2021-02-05T19:11:21.387"",""confidence"":0.77}]",false,false,false,false,false,false,false,false
subset,descriptor,08f29a0ade58944c0388ba4b6839fe2d,Olive Garden,Olive Garden Italian Restaurant,12,31,19,2,4,2,9251 Monte Vista Ave,9251 Monte Vista Ave,Montclair,CA,italian_restaurant,salad_bar,0.9962614185921548,0.77,"[{""property"":"""",""dataset"":""meta"",""record_id"":""123743601029213"",""update_time"":""2025-01-06T00:00:00.000Z""},{""property"":""/properties/existence"",""dataset"":""msft"",""record_id"":""562949962083807"",""update_time"":""2025-01-06T00:00:00.000Z""},{""property"":""/properties/existence"",""dataset"":""msft"",""record_id"":""562949958222740"",""update_time"":""2025-01-06T00:00:00.000Z""},{""property"":""/properties/existence"",""dataset"":""msft"",""record_id"":""562949956830139"",""update_time"":""2025-01-06T00:00:00.000Z""},{""property"":""/properties/existence"",""dataset"":""msft"",""record_id"":""562949955231089"",""update_time"":""2025-01-06T00:00:00.000Z""},{""property"":""/properties/existence"",""dataset"":""msft"",""record_id"":""562949955022827"",""update_time"":""2025-01-06T00:00:00.000Z""},{""property"":""/properties/existence"",""dataset"":""msft"",""record_id"":""1970324837250128"",""update_time"":""2025-01-06T00:00:00.000Z""},{""property"":""/properties/existence"",""dataset"":""msft"",""record_id"":""1688849863196251"",""update_time"":""2025-01-06T00:00:00.000Z""},{""property"":""/properties/existence"",""dataset"":""msft"",""record_id"":""1407374890346509"",""update_time"":""2025-01-06T00:00:00.000Z""}]","[{""dataset"":""Microsoft"",""record_id"":""1688849863196251"",""update_time"":""2024-01-29T21:06:06.63"",""confidence"":0.77}]",false,false,false,false,false,false,false,false
subset,descriptor,08f29a56e9b8250903db13b0cdb9d5fe,The Flying Locksmiths,The Flying Locksmiths - Los Angeles West,21,40,19,3,7,4,11222 S La Cienega Blvd,11222 S La Cienega Blvd Ste 254,Inglewood,CA,professional_services,key_and_locksmith,0.9763829787234043,0.77,"[{""property"":"""",""dataset"":""meta"",""record_id"":""100215869181239"",""update_time"":""2025-01-06T00:00:00.000Z""},{""property"":""/properties/existence"",""dataset"":""msft"",""record_id"":""844424933314381"",""update_time"":""2025-01-06T00:00:00.000Z""},{""property"":""/properties/existence"",""dataset"":""msft"",""record_id"":""281474978119279"",""update_time"":""2025-01-06T00:00:00.000Z""},{""property"":""/properties/existence"",""dataset"":""msft"",""record_id"":""1407374885829538"",""update_time"":""2025-01-06T00:00:00.000Z""},{""property"":""/properties/existence"",""dataset"":""msft"",""record_id"":""1125899910686815"",""update_time"":""2025-01-06T00:00:00.000Z""}]","[{""dataset"":""Microsoft"",""record_id"":""1407374885829538"",""update_time"":""2019-01-15T15:07:37.213"",""confidence"":0.77}]",false,false,false,false,false,false,false,false
subset,descriptor,08f1eda74599a62e03a1da7207c21064,Cirocco,cirocco Αγιων Αναργυρων 1,7,25,18,1,4,3,Κύρου Αχιλ. 23,Κύπρου 23,Αθήνα,,women's_clothing_store,Retail > Fashion Retail > Women's Store,0.9467515923566879,1.0,"[{""property"":"""",""dataset"":""meta"",""record_id"":""368900153242282"",""update_time"":""2025-01-06T08:00:00.000Z"",""confidence"":0.9467515923566879}]","[{""property"":"""",""dataset"":""FourSquare"",""record_id"":""533e867b498e36e90756a53e"",""update_time"":""2021-08-11T00:00:00.000"",""confidence"":1.0}]",false,false,false,false,false,false,false,false
subset,descriptor,08f1f9b08e92a8ed03863143cbe743b8,Si-Like Ristorante Cinese,Si-Like,25,7,-18,3,1,-2,"Piazza Montano Nicolo', 24/R",Piazza Nicolò Montano 24 R,Genova,GE,restaurant,Dining and Drinking > Restaurant,0.77,1.0,"[{""property"":"""",""dataset"":""Microsoft"",""record_id"":""562949966403867"",""update_time"":""2024-10-10T18:12:45.573Z"",""confidence"":0.77}]","[{""property"":"""",""dataset"":""FourSquare"",""record_id"":""869a3068cd664522605a8e3c"",""update_time"":""2024-09-19T00:00:00.000"",""confidence"":1.0}]",false,false,false,false,false,false,false,false
subset,descriptor,08f1fa1126d21243033eb427e7682275,Aldak GmbH,ALDAK GmbH VIBRATIONSTECHNIK,10,28,18,2,3,1,Redcarstr. 18,Redcarstr. 18,Troisdorf,Nordrhein-Westfalen,industrial_equipment,Business and Professional Services > Business Service,0.77,1.0,"[{""property"":"""",""dataset"":""Microsoft"",""record_id"":""1688849863212655"",""update_time"":""2017-11-23T18:29:37.120Z"",""confidence"":0.77}]","[{""property"":"""",""dataset"":""FourSquare"",""record_id"":""5a096178fd9d734c68acc97b"",""update_time"":""2024-10-08T00:00:00.000"",""confidence"":1.0}]",false,false,true,false,false,false,false,false
subset,descriptor,08f2aac22b2ad5a4030cd86c18d3c250,Mid County Lanes and Entertainment,MID COUNTY LANES,34,16,-18,5,3,-2,875 N Broad St,875 N BROAD St,Middletown,DE,bowling_alley,fair,0.9962614185921548,0.77,"[{""property"":"""",""dataset"":""meta"",""record_id"":""183107965050569"",""update_time"":""2025-01-06T00:00:00.000Z""},{""property"":""/properties/existence"",""dataset"":""msft"",""record_id"":""844424931997494"",""update_time"":""2025-01-06T00:00:00.000Z""},{""property"":""/properties/existence"",""dataset"":""msft"",""record_id"":""562949964061493"",""update_time"":""2025-01-06T00:00:00.000Z""}]","[{""dataset"":""Microsoft"",""record_id"":""562949964061493"",""update_time"":""2024-10-18T16:22:55.46"",""confidence"":0.77}]",false,false,false,false,false,false,false,false
subset,descriptor,08f8a0593381158b031ab2f66b35731c,Comercial Mariano de Porto Velho-Ro,Comercial Mariano,35,17,-18,5,2,-3,"Rua da Beira, 7420",Rua da Beira,Porto Velho,RO,retail,Retail > Miscellaneous Store,0.6214335421016005,1.0,"[{""property"":"""",""dataset"":""meta"",""record_id"":""180192045493525"",""update_time"":""2025-01-06T08:00:00.000Z"",""confidence"":0.6214335421016005}]","[{""property"":"""",""dataset"":""FourSquare"",""record_id"":""50b4fc07498e0d947942d2b8"",""update_time"":""2020-11-24T00:00:00.000"",""confidence"":1.0}]",false,false,false,false,false,false,false,false
subset,descriptor,1407374885778830,Fitness Together,Fitness Together - Jenks Riverside,16,34,18,2,5,3,9708 Riverside Pkwy Ste D,9708 Riverside Pkwy Ste D,Tulsa,OK,gym,gym,0.77,0.77,"[{""dataset"":""Microsoft"",""record_id"":""1407374885778830"",""update_time"":""2018-12-17T08:42:33.47"",""confidence"":0.77}]","[{""dataset"":""Microsoft"",""record_id"":""1407374885928947"",""update_time"":""2020-01-24T04:53:58.447"",""confidence"":0.77}]",false,false,false,false,false,false,false,false
subset,descriptor,08f194655d62401d03ba5556da58e115,Dreams,Dreams Stockton-on-Tees,6,23,17,1,2,1,Portrack Ln,Portrack Lane,,,mattress_store,retail,0.9962614185921548,0.77,"[{""property"":"""",""dataset"":""meta"",""record_id"":""191525931581767"",""update_time"":""2025-01-06T00:00:00.000Z""},{""property"":""/properties/existence"",""dataset"":""msft"",""record_id"":""562949959002874"",""update_time"":""2025-01-06T00:00:00.000Z""}]","[{""dataset"":""Microsoft"",""record_id"":""1970324838441436"",""update_time"":""2019-01-29T14:57:10.023"",""confidence"":0.77}]",false,false,false,false,false,false,false,false
subset,descriptor,08f194aca194e89603c38201fdeb8229,Bluebird Care,Bluebird Care Epsom & Kingston,13,30,17,2,5,3,1 Blenheim Road,"Unit E Blenheim House, 1 Blenheim Road",Epsom,ENG,home_health_care,home_health_care,0.9895134099616858,0.77,"[{""property"":"""",""dataset"":""meta"",""record_id"":""513357922131054"",""update_time"":""2025-01-06T00:00:00.000Z""},{""property"":""/properties/existence"",""dataset"":""msft"",""record_id"":""844424932064481"",""update_time"":""2025-01-06T00:00:00.000Z""},{""property"":""/properties/existence"",""dataset"":""msft"",""record_id"":""1970324839958984"",""update_time"":""2025-01-06T00:00:00.000Z""},{""property"":""/properties/existence"",""dataset"":""msft"",""record_id"":""1970324839639206"",""update_time"":""2025-01-06T00:00:00.000Z""},{""property"":""/properties/existence"",""dataset"":""msft"",""record_id"":""1688849866526912"",""update_time"":""2025-01-06T00:00:00.000Z""},{""property"":""/properties/existence"",""dataset"":""msft"",""record_id"":""1407374890479049"",""update_time"":""2025-01-06T00:00:00.000Z""},{""property"":""/properties/existence"",""dataset"":""msft"",""record_id"":""1407374888911440"",""update_time"":""2025-01-06T00:00:00.000Z""}]","[{""dataset"":""Microsoft"",""record_id"":""1407374888911440"",""update_time"":""2022-06-20T09:00:44.477"",""confidence"":0.77}]",false,false,false,false,false,false,false,false
subset,descriptor,08f195c82d04140003820a083e057706,IMLI Restaurant Derby,Imli,21,4,-17,3,1,-2,17-19 Curzon Street,17-19 Curzon St.,Derby,ENG,indian_restaurant,Dining and Drinking > Restaurant > Indian Restaurant,0.23154848046309695,1.0,"[{""property"":"""",""dataset"":""meta"",""record_id"":""132027000256186"",""update_time"":""2025-01-06T08:00:00.000Z"",""confidence"":0.23154848046309695}]","[{""property"":"""",""dataset"":""FourSquare"",""record_id"":""505caf44e4b0ef5c5516dd9c"",""update_time"":""2024-10-09T00:00:00.000"",""confidence"":1.0}]",false,false,false,false,false,false,false,false
subset,descriptor,08f1969045565263037bc7b1b7bf1e37,SPEYK nieuwerwetse ICT,Speyk,22,5,-17,3,1,-2,Plesmanstraat 60,62 Plesmanstraat,Veenendaal,,information_technology_company,Business and Professional Services > Business Center,0.9467515923566879,1.0,"[{""property"":"""",""dataset"":""meta"",""record_id"":""540092029411006"",""update_time"":""2025-01-06T08:00:00.000Z"",""confidence"":0.9467515923566879}]","[{""property"":"""",""dataset"":""FourSquare"",""record_id"":""63217c2380f6143280002c27"",""update_time"":""2024-04-17T00:00:00.000"",""confidence"":1.0}]",false,false,false,false,false,false,false,false
subset,descriptor,08f1e33450db537303a4d343dac8ccdc,Cella Café,Cella Café Bar & Restaurant,10,27,17,2,5,3,"Kurhotel Bad Zell, Kurhausstraße 9","Kurhausstraße 9, Bad Zell",Bad Zell,4,cafe,coffee_shop,0.9962614185921548,0.77,"[{""property"":"""",""dataset"":""meta"",""record_id"":""956930584392166"",""update_time"":""2025-01-06T00:00:00.000Z""},{""property"":""/properties/existence"",""dataset"":""msft"",""record_id"":""844424934132353"",""update_time"":""2025-01-06T00:00:00.000Z""}]","[{""dataset"":""Microsoft"",""record_id"":""844424934132353"",""update_time"":""2023-02-04T12:58:30.233"",""confidence"":0.77}]",false,false,false,false,false,false,false,false
subset,descriptor,08f1e819a260b74d031a7c47fed5a746,Hotel Olimpia  Silvi Marina TE,Hotel Olimpia,30,13,-17,6,2,-4,"Via Giovanni Pascoli, 16",Via Giovanni Pascoli 18,Silvi,65,hotel,Travel and Transportation > Lodging > Hotel,0.48103896103896104,1.0,"[{""property"":"""",""dataset"":""meta"",""record_id"":""757499937608229"",""update_time"":""2025-01-06T08:00:00.000Z"",""confidence"":0.48103896103896104}]","[{""property"":"""",""dataset"":""FourSquare"",""record_id"":""4c3f1f72a08e4cb8c103e9d6"",""update_time"":""2024-07-03T00:00:00.000"",""confidence"":1.0}]",false,false,false,false,false,false,false,false
subset,descriptor,08f2834711c6c6c803ba1d051d973707,San Jose Airport,San Jose Airport - DUP DO NOT USE,16,33,17,3,8,5,1701 Airport Blvd,Airport Blvd.,San Jose,CA,airport,Travel and Transportation > Transport Hub > Airport,0.6214335421016005,1.0,"[{""property"":"""",""dataset"":""meta"",""record_id"":""115756655163285"",""update_time"":""2025-01-06T08:00:00.000Z"",""confidence"":0.6214335421016005}]","[{""property"":"""",""dataset"":""FourSquare"",""record_id"":""4bedd8f9767dc9b68894d3e9"",""update_time"":""2020-11-23T00:00:00.000"",""confidence"":1.0}]",false,false,false,false,false,false,false,false
subset,descriptor,08f2a1072c13201003d56e737f5a64a5,Safavieh,Safavieh Home Furnishings,8,25,17,1,3,2,150 Thompson St,150 Thompson St,New York,NY,furniture_store,antique_store,0.9962614185921548,0.77,"[{""property"":"""",""dataset"":""meta"",""record_id"":""106609977555447"",""update_time"":""2025-01-06T00:00:00.000Z""},{""property"":""/properties/existence"",""dataset"":""msft"",""record_id"":""1125899910853966"",""update_time"":""2025-01-06T00:00:00.000Z""}]","[{""dataset"":""Microsoft"",""record_id"":""1125899910853966"",""update_time"":""2024-03-25T04:17:29.49"",""confidence"":0.77}]",false,false,false,false,false,false,false,false
subset,descriptor,08f2aa56ccd0d68e03ba7e02c03f8543,Blue Rhino Propane Exchange,Blue Rhino,27,10,-17,4,2,-2,11831 State Route 118,"11831 Rt 118 Hwy # PO",Unityville,PA,propane_supplier,Business and Professional Services > Chemicals and Gasses Manufacturer,0.77,1.0,"[{""property"":"""",""dataset"":""Microsoft"",""record_id"":""562949960468733"",""update_time"":""2024-12-06T15:56:32.440Z"",""confidence"":0.77}]","[{""property"":"""",""dataset"":""FourSquare"",""record_id"":""11adc0a29da64f325ffe18d0"",""update_time"":""2024-10-14T00:00:00.000"",""confidence"":1.0}]",false,false,false,false,false,false,false,false
subset,descriptor,08f44c174c09444103c4be2cf2199428,Tiger Rock Martial Arts,Tiger Rock Martial Arts of Lawrenceville,23,40,17,4,6,2,1404 Lawrenceville Suwanee Rd,1404 Lawrenceville Suwanee Rd Ste 104,Lawrenceville,GA,martial_arts_club,martial_arts_club,0.997898979043525,0.77,"[{""property"":"""",""dataset"":""meta"",""record_id"":""225104434186345"",""update_time"":""2025-01-06T00:00:00.000Z""},{""property"":""/properties/existence"",""dataset"":""msft"",""record_id"":""281474978255681"",""update_time"":""2025-01-06T00:00:00.000Z""},{""property"":""/properties/existence"",""dataset"":""msft"",""record_id"":""1970324838552618"",""update_time"":""2025-01-06T00:00:00.000Z""},{""property"":""/properties/existence"",""dataset"":""msft"",""record_id"":""1407374883853945"",""update_time"":""2025-01-06T00:00:00.000Z""}]","[{""dataset"":""Microsoft"",""record_id"":""281474978255681"",""update_time"":""2017-06-20T20:24:26.573"",""confidence"":0.77}]",false,false,false,false,false,false,false,false
subset,descriptor,08f44c22860ee72203de832ef8d0362c,Electrolux,Electrolux Major Appliances,10,27,17,1,3,2,250 Bobby Jones Expy,250 Bobby Jones Expy,Augusta,GA,appliance_store,Business and Professional Services > Office,0.23154848046309695,1.0,"[{""property"":"""",""dataset"":""meta"",""record_id"":""111376635593731"",""update_time"":""2025-01-06T08:00:00.000Z"",""confidence"":0.23154848046309695}]","[{""property"":"""",""dataset"":""FourSquare"",""record_id"":""4c404020da3dc928af00c7b9"",""update_time"":""2020-11-25T00:00:00.000"",""confidence"":1.0}]",false,false,false,false,false,false,false,false
subset,descriptor,08f4995a00851355035d75b7ee9cb8a7,City Center Bosque Esmeralda,City Center,28,11,-17,4,2,-2,Calle Bosque Esmeralda 2,Bosques de Arrayán 1 Mza. 5,Atizapán de Zaragoza,,shopping_center,Retail > Shopping Mall,0.9908651262761956,1.0,"[{""property"":"""",""dataset"":""meta"",""record_id"":""415920821855594"",""update_time"":""2025-01-06T08:00:00.000Z"",""confidence"":0.9908651262761956}]","[{""property"":"""",""dataset"":""FourSquare"",""record_id"":""4bdc98bfafe8c9b6b52a5085"",""update_time"":""2023-06-15T00:00:00.000"",""confidence"":1.0}]",false,false,false,false,false,false,false,false
subset,descriptor,08f4995b926ea6030351c7cdf039096d,Black Mamba Barbershop & Tattoo | Nezahualcóyotl,Black Mamba Barber Shop & Tatto,48,31,-17,7,6,-1,Avenida Central 117,"Av. Central #117 local B",Nezahualcóyotl,MEX,barber,Business and Professional Services > Health and Beauty Service > Hair Salon,0.9837452982267598,1.0,"[{""property"":"""",""dataset"":""meta"",""record_id"":""122229015119171"",""update_time"":""2025-01-06T08:00:00.000Z"",""confidence"":0.9837452982267598}]","[{""property"":"""",""dataset"":""FourSquare"",""record_id"":""59f1279add70c55c269213ec"",""update_time"":""2020-11-25T00:00:00.000"",""confidence"":1.0}]",false,false,false,false,false,false,false,false
subset,descriptor,08f64a4b1158e39603642fcf610deeb0,ปืนเนรมิต-Neramit Firearms,ปืนเนรมิต,26,9,-17,2,1,-1,ซอยหน้าวัง,ซอยหน้าวัง,Bangkok,,gun_and_ammo,Retail > Sporting Goods Retail > Gun Store,0.3941504178272981,1.0,"[{""property"":"""",""dataset"":""meta"",""record_id"":""188802024626266"",""update_time"":""2025-01-06T08:00:00.000Z"",""confidence"":0.39415041782729804}]","[{""property"":"""",""dataset"":""FourSquare"",""record_id"":""517e35a6e4b0a28573a68376"",""update_time"":""2024-02-07T00:00:00.000"",""confidence"":1.0}]",false,false,false,false,false,false,false,false
subset,descriptor,08fa8c0ce6c8e6eb035c624cc5d8ca4d,Studio D Espaço de Beleza,Studio D,25,8,-17,5,2,-3,"Avenida Albert Einstein Quadra 10, 13",Avenida Albert Eintein Qd 13 Lt 21,Goiânia,GO,beauty_salon,Business and Professional Services > Health and Beauty Service > Hair Salon,0.3941504178272981,1.0,"[{""property"":"""",""dataset"":""meta"",""record_id"":""126172238288833"",""update_time"":""2025-01-06T08:00:00.000Z"",""confidence"":0.39415041782729804}]","[{""property"":"""",""dataset"":""FourSquare"",""record_id"":""5bf4a8c9dd8442002cb1915a"",""update_time"":""2020-11-30T00:00:00.000"",""confidence"":1.0}]",false,false,false,false,false,false,false,false
subset,descriptor,08fbe0e35d9928b503a627126ac33fbe,F45,F45 Training Pyrmont,3,20,17,1,3,2,55 Pyrmont Bridge Road,17 Pyrmont Bridge Road,Pyrmont,New South Wales,gym,gym,0.77,0.77,"[{""property"":"""",""dataset"":""msft"",""record_id"":""1407374890193779"",""update_time"":""2025-01-06T00:00:00.000Z""}]","[{""dataset"":""Microsoft"",""record_id"":""1970324838151293"",""update_time"":""2015-07-20T13:46:41.627"",""confidence"":0.77}]",false,false,false,false,false,false,false,false
subset,descriptor,08f1e84ab2d6836603e90f7b6c5c44ff,Bindocci Shop Multibrand,Bindocci,24,8,-16,3,1,-2,"Via Romeo Gallenga, 36","Via Romeo Gallenga, 36/40",Perugia,55,flowers_and_gifts_shop,Retail > Gift Store,0.9908651262761956,1.0,"[{""property"":"""",""dataset"":""meta"",""record_id"":""250562251760566"",""update_time"":""2025-01-06T08:00:00.000Z"",""confidence"":0.9908651262761956}]","[{""property"":"""",""dataset"":""FourSquare"",""record_id"":""4eeb71be0e01fb1a3f5634f4"",""update_time"":""2024-07-03T00:00:00.000"",""confidence"":1.0}]",false,false,false,false,false,false,false,false
subset,descriptor,08f1ea4c402c36690356e3ca028ae6f9,Residence Malcesine,RESIDENCE MALCESINE Active & Family,19,35,16,2,5,3,"Via Navene Vecchia, 135","Via Navene Vecchia, 135",Malcesine,34,hotel,hotel,0.9962614185921548,0.77,"[{""property"":"""",""dataset"":""meta"",""record_id"":""166746674998394"",""update_time"":""2025-01-06T00:00:00.000Z""},{""property"":""/properties/existence"",""dataset"":""msft"",""record_id"":""844424933022864"",""update_time"":""2025-01-06T00:00:00.000Z""},{""property"":""/properties/existence"",""dataset"":""msft"",""record_id"":""1125899910261508"",""update_time"":""2025-01-06T00:00:00.000Z""},{""property"":""/properties/existence"",""dataset"":""msft"",""record_id"":""1125899910260202"",""update_time"":""2025-01-06T00:00:00.000Z""},{""property"":""/properties/existence"",""dataset"":""msft"",""record_id"":""1125899910246569"",""update_time"":""2025-01-06T00:00:00.000Z""}]","[{""dataset"":""Microsoft"",""record_id"":""1125899910260202"",""update_time"":""2021-06-25T15:34:18.657"",""confidence"":0.77}]",false,false,false,false,false,false,false,false
subset,descriptor,08f1eb5ba816144903b0fcb227e14e49,Studio Odontoiatrico Borgioli Dr. Andrea,Studio Odontoiatrico Borgioli Dr. Andrea Medico Chirurgo,40,56,16,5,7,2,"Piazza Gino Menconi, 13","Piazza G. Menconi, 13",Carrara,52,dentist,Health and Medicine > Dentist,0.9523423423423424,1.0,"[{""property"":"""",""dataset"":""meta"",""record_id"":""173720766151092"",""update_time"":""2025-01-06T08:00:00.000Z"",""confidence"":0.7927927927927928},{""property"":""/properties/existence"",""dataset"":""Microsoft"",""record_id"":""562949961852875"",""update_time"":""2024-10-09T18:37:54.480Z"",""confidence"":0.77}]","[{""property"":"""",""dataset"":""FourSquare"",""record_id"":""59eeb00b95da0c7c4ff9b389"",""update_time"":""2024-07-03T00:00:00.000"",""confidence"":1.0}]",false,false,false,false,false,false,false,false
subset,descriptor,08f1f9ed91650d5c03d6422709e042e1,Hexagone,Hexagone Scène Nationale,8,24,16,1,3,2,24 Rue des Aiguinards,24 rue des Aiguinards,Meylan,,theatre,Arts and Entertainment > Performing Arts Venue > Concert Hall,0.9837452982267598,1.0,"[{""property"":"""",""dataset"":""meta"",""record_id"":""221801681173655"",""update_time"":""2025-01-06T08:00:00.000Z"",""confidence"":0.9837452982267598}]","[{""property"":"""",""dataset"":""FourSquare"",""record_id"":""9aac75d9e5544fa680c0ec7e"",""update_time"":""2024-07-10T00:00:00.000"",""confidence"":1.0}]",false,false,false,false,false,false,false,false
subset,descriptor,08f1fb4084c42340038af719372c4e42,Maison du Parc de Themericourt,Maison du Parc,30,14,-16,5,3,-2,rue du Fléau des Mers,Rue du Fléau des Mers,,,landmark_and_historical_building,Landmarks and Outdoors > Garden,0.6214335421016005,1.0,"[{""property"":"""",""dataset"":""meta"",""record_id"":""1923694321007323"",""update_time"":""2025-01-06T08:00:00.000Z"",""confidence"":0.6214335421016005}]","[{""property"":"""",""dataset"":""FourSquare"",""record_id"":""4c39ad3618e72d7fc2911af5"",""update_time"":""2024-07-03T00:00:00.000"",""confidence"":1.0}]",false,false,false,false,false,false,false,false
subset,descriptor,08f29a199eaf25a603a95d490f36ddce,Cookie Cutters Haircuts for Kids,Cookie Cutters Haircuts for Kids - Beverly Hills,32,48,16,5,8,3,266 S Beverly Dr,266 S Beverly Dr,Beverly Hills,CA,beauty_salon,kids_hair_salon,0.997898979043525,0.77,"[{""property"":"""",""dataset"":""meta"",""record_id"":""169529167094526"",""update_time"":""2025-01-06T00:00:00.000Z""},{""property"":""/properties/existence"",""dataset"":""msft"",""record_id"":""1970324839033685"",""update_time"":""2025-01-06T00:00:00.000Z""},{""property"":""/properties/existence"",""dataset"":""msft"",""record_id"":""1688849866381641"",""update_time"":""2025-01-06T00:00:00.000Z""},{""property"":""/properties/existence"",""dataset"":""msft"",""record_id"":""1125899910310972"",""update_time"":""2025-01-06T00:00:00.000Z""}]","[{""dataset"":""Microsoft"",""record_id"":""1125899910310972"",""update_time"":""2024-02-01T10:32:58.497"",""confidence"":0.77}]",false,false,false,false,false,false,false,false
subset,descriptor,08f2a9370c8a005a03ef10a30f50345f,Raising Cane's,Raising Cane's Chicken Fingers,14,30,16,2,4,2,8020 Burlington Pike,8020 Burlington Pike,Florence,KY,fast_food_restaurant,chicken_wings_restaurant,0.9962614185921548,0.77,"[{""property"":"""",""dataset"":""meta"",""record_id"":""168340240194048"",""update_time"":""2025-01-06T00:00:00.000Z""},{""property"":""/properties/existence"",""dataset"":""msft"",""record_id"":""562949965508687"",""update_time"":""2025-01-06T00:00:00.000Z""},{""property"":""/properties/existence"",""dataset"":""msft"",""record_id"":""1125899912023997"",""update_time"":""2025-01-06T00:00:00.000Z""}]","[{""dataset"":""Microsoft"",""record_id"":""1125899912023997"",""update_time"":""2023-05-10T18:27:53.49"",""confidence"":0.77}]",false,false,false,false,false,false,false,false
subset,descriptor,08f3922211a9429003d34a89765a66c1,Fidelidade Marco Canaveses,FIDELIDADE,26,10,-16,3,1,-2,Avenida do Futebol Clube do Porto 779,Avenida Futebol Clube do Porto 779,Marco de Canaveses,,insurance_agency,shopping_center,0.9872500778573653,0.77,"[{""property"":"""",""dataset"":""meta"",""record_id"":""111231205247343"",""update_time"":""2025-01-06T00:00:00.000Z""},{""property"":""/properties/existence"",""dataset"":""msft"",""record_id"":""1407374890312959"",""update_time"":""2025-01-06T00:00:00.000Z""}]","[{""dataset"":""Microsoft"",""record_id"":""1407374890312959"",""update_time"":""2024-10-07T08:55:49.033"",""confidence"":0.77}]",false,false,false,false,false,false,false,false
subset,descriptor,08f3969a692aca2403ec11d5ba7b829b,Prestige de Menton - Eau de Menton,Prestige de Menton,34,18,-16,7,3,-4,19 Rue Saint-Michel,"19, Rue Saint Michel",Menton,,cosmetic_and_beauty_supplies,Retail > Perfume Store,0.9837452982267598,1.0,"[{""property"":"""",""dataset"":""meta"",""record_id"":""770876209778444"",""update_time"":""2025-01-06T08:00:00.000Z"",""confidence"":0.9837452982267598}]","[{""property"":"""",""dataset"":""FourSquare"",""record_id"":""56fa87c9498e90e4819fec90"",""update_time"":""2024-10-09T00:00:00.000"",""confidence"":1.0}]",false,false,false,false,false,false,false,false
subset,descriptor,08f64a4a728c04f303683f7ce94ba32b,โตโยต้าดิสคัฟเวอรี่ Byเซลล์นิ้วก้อย,โตโยต้าดิสคัฟเวอรี่,35,19,-16,2,1,-1,,,,,car_dealer,Retail > Automotive Retail > Car Dealership,0.9142857142857143,1.0,"[{""property"":"""",""dataset"":""meta"",""record_id"":""338211532704086"",""update_time"":""2025-01-06T08:00:00.000Z"",""confidence"":0.9142857142857143}]","[{""property"":"""",""dataset"":""FourSquare"",""record_id"":""55cd6844498e015b5dab93bb"",""update_time"":""2023-11-07T00:00:00.000"",""confidence"":1.0}]",false,false,false,false,false,false,false,false
subset,descriptor,08fc203609766b2e03adc81852d54f07,"Maria Bonita, Maria del Alma",Maria Bonita,28,12,-16,5,2,-3,Alvarado 2085,Alvarado 2085,Mar del Plata,B,mexican_restaurant,Dining and Drinking > Restaurant > Mexican Restaurant,0.9908651262761956,1.0,"[{""property"":"""",""dataset"":""meta"",""record_id"":""247467498691674"",""update_time"":""2025-01-06T08:00:00.000Z"",""confidence"":0.9908651262761956}]","[{""property"":"""",""dataset"":""FourSquare"",""record_id"":""4c5b59406ebe2d7f9e4dcd2e"",""update_time"":""2020-11-17T00:00:00.000"",""confidence"":1.0}]",false,false,false,false,false,false,false,false
subset,descriptor,1407374888391139,Agip,Agip Service Station,4,20,16,1,3,2,Schmarler Damm 9,Schmarler Damm 9,Rostock,Mecklenburg-Vorpommern,gas_station,gas_station,0.77,0.77,"[{""dataset"":""Microsoft"",""record_id"":""1407374888391139"",""update_time"":""2024-12-04T05:18:03.237"",""confidence"":0.77}]","[{""dataset"":""Microsoft"",""record_id"":""562949965615806"",""update_time"":""2024-01-26T09:45:57.467"",""confidence"":0.77}]",false,false,false,false,false,false,false,false
subset,descriptor,2251799818930678,ColourFence Garden Fencing - Isle Of Wight,Colourfence Garden Fencing,42,26,-16,7,3,-4,"Bridgecourt House, Whitwell Road","Bridgecourt House, Whitwell Road, Godshill",Godshill,Isle Of Wight,fence_and_gate_sales_service,fence_and_gate_sales_service,0.77,0.77,"[{""dataset"":""Microsoft"",""record_id"":""2251799818930678"",""update_time"":""2019-07-10T10:43:47.87"",""confidence"":0.77}]","[{""dataset"":""Microsoft"",""record_id"":""2251799819293830"",""update_time"":""2024-11-16T01:11:29.037"",""confidence"":0.77}]",false,false,false,false,false,false,false,false
subset,descriptor,2251799819231247,Petco,Petco Animal Supplies,5,21,16,1,3,2,2565 NE 10th Ct,2565 NE 10th Ct,Homestead,FL,pet_groomer,pet_groomer,0.77,0.77,"[{""dataset"":""Microsoft"",""record_id"":""2251799819231247"",""update_time"":""2019-11-13T21:49:55.12"",""confidence"":0.77}]","[{""dataset"":""Microsoft"",""record_id"":""562949961557145"",""update_time"":""2021-02-24T22:26:28.45"",""confidence"":0.77}]",false,false,false,false,false,false,false,false
subset,descriptor,562949958207347,Miller's Ale House - Tampa Airport,Miller's Ale House,34,18,-16,6,3,-3,"3860 West Columbus Drive, Tampa Airport",3860 W Columbus Dr,Tampa,FL,sports_bar,sports_bar,0.77,0.77,"[{""dataset"":""Microsoft"",""record_id"":""562949958207347"",""update_time"":""2021-02-04T15:53:08.143"",""confidence"":0.77}]","[{""dataset"":""Microsoft"",""record_id"":""562949965558668"",""update_time"":""2024-12-27T14:38:04.26"",""confidence"":0.77}]",false,false,false,false,false,false,false,false
subset,descriptor,08f1e15b0b2cbc5303c99047c56c8812,Bauhaus Wien Hödlgasse,BAUHAUS,22,7,-15,3,1,-2,Hödlgasse 10,Hödlgasse 10,Wien,Vienna,retail,Retail > Hardware Store,0.77,1.0,"[{""property"":"""",""dataset"":""Microsoft"",""record_id"":""1407374888023756"",""update_time"":""2021-06-17T19:00:32.883Z"",""confidence"":0.77}]","[{""property"":"""",""dataset"":""FourSquare"",""record_id"":""4d317f5c2c76a143fe0866c7"",""update_time"":""2024-05-20T00:00:00.000"",""confidence"":1.0}]",false,false,false,false,false,false,false,false
subset,descriptor,08f1ea541825054a03e000f89601f94c,Mezzopieno,Mezzopieno Bacaro Venezia,10,25,15,1,3,2,"Fondamenta dei Ormesini, Sestiere Cannaregio, 2831","Fondamenta dei Ormesini, 2831",Venezia,34,winery,Dining and Drinking > Winery,0.9645127118644068,1.0,"[{""property"":"""",""dataset"":""meta"",""record_id"":""331274477242258"",""update_time"":""2025-01-06T08:00:00.000Z"",""confidence"":0.9645127118644068}]","[{""property"":"""",""dataset"":""FourSquare"",""record_id"":""5686c138498ebdabbcf89149"",""update_time"":""2024-07-03T00:00:00.000"",""confidence"":1.0}]",false,false,false,false,false,false,false,false
subset,descriptor,08f1f8c1194184f0035178d382da29d2,Zahnärzte in der F16,ZAHNÄRZTE in der f16 ZAHNGESUNDHEIT,20,35,15,4,5,1,Filchnerstraße 16,Filchnerstr. 16,Neu-Ulm,,dentist,dentist,0.9918379237288135,0.77,"[{""property"":"""",""dataset"":""meta"",""record_id"":""114298487366273"",""update_time"":""2025-01-06T00:00:00.000Z""},{""property"":""/properties/existence"",""dataset"":""msft"",""record_id"":""844424932415584"",""update_time"":""2025-01-06T00:00:00.000Z""},{""property"":""/properties/existence"",""dataset"":""msft"",""record_id"":""562949962203865"",""update_time"":""2025-01-06T00:00:00.000Z""}]","[{""dataset"":""Microsoft"",""record_id"":""844424932415584"",""update_time"":""2024-12-20T09:28:46.56"",""confidence"":0.77}]",false,false,false,false,false,false,false,false
subset,descriptor,08f1f8d44a649a0a03126a38b4d53620,Lodenfrey,LODENFREY München am Dom,9,24,15,1,4,3,Maffeistraße 7,Maffeistraße 7,München,,clothing_store,Retail > Fashion Retail > Clothing Store,0.9908651262761956,1.0,"[{""property"":"""",""dataset"":""meta"",""record_id"":""152115445476"",""update_time"":""2025-01-06T08:00:00.000Z"",""confidence"":0.9908651262761956}]","[{""property"":"""",""dataset"":""FourSquare"",""record_id"":""4bd5ae106f64952191706fec"",""update_time"":""2024-10-29T00:00:00.000"",""confidence"":1.0}]",false,false,false,false,false,false,false,false
subset,descriptor,08f1f9b76a9252050316e85338ec5664,Tecnocasa Studio Rapallo,Tecnocasa,24,9,-15,3,1,-2,"Corso Goffredo Mameli, 231",Via Mameli 229,Rapallo,42,real_estate_agent,,0.9645127118644068,1.0,"[{""property"":"""",""dataset"":""meta"",""record_id"":""990941857737363"",""update_time"":""2025-01-06T08:00:00.000Z"",""confidence"":0.9645127118644068}]","[{""property"":"""",""dataset"":""FourSquare"",""record_id"":""d504163f7ff34cdee90f674c"",""update_time"":""2024-07-03T00:00:00.000"",""confidence"":1.0}]",false,false,false,false,false,false,false,false
subset,descriptor,08f1fb475b40b129036fb048b3d564e0,Tumi,TUMI Champs-Élysées,4,19,15,1,2,1,63 Avenue des Champs-Élysées,63 Avenue des Champs-Élysées,Paris,,luggage_store,Retail > Luggage Store,0.9645127118644068,1.0,"[{""property"":"""",""dataset"":""meta"",""record_id"":""255800961628725"",""update_time"":""2025-01-06T08:00:00.000Z"",""confidence"":0.9645127118644068}]","[{""property"":"""",""dataset"":""FourSquare"",""record_id"":""5c2a2a2093bd63002c1f9072"",""update_time"":""2024-07-03T00:00:00.000"",""confidence"":1.0}]",false,false,false,false,false,false,false,false
subset,descriptor,08f266daddb24aaa03e644de71b831ee,CHI Saint Joseph Medical Group,CHI Saint Joseph Medical Group - Primary Care,30,45,15,5,8,3,211 Fountain Ct,211 Fountain Ct Ste 340,Lexington,KY,hospital,health_and_medical,0.9962614185921548,0.77,"[{""property"":"""",""dataset"":""meta"",""record_id"":""111917611258095"",""update_time"":""2025-01-06T00:00:00.000Z""},{""property"":""/properties/existence"",""dataset"":""meta"",""record_id"":""111490061302209"",""update_time"":""2025-01-06T00:00:00.000Z""},{""property"":""/properties/existence"",""dataset"":""meta"",""record_id"":""100277295772902"",""update_time"":""2025-01-06T00:00:00.000Z""},{""property"":""/properties/existence"",""dataset"":""meta"",""record_id"":""290267052781539"",""update_time"":""2025-01-06T00:00:00.000Z""},{""property"":""/properties/existence"",""dataset"":""msft"",""record_id"":""1970324842396395"",""update_time"":""2025-01-06T00:00:00.000Z""},{""property"":""/properties/existence"",""dataset"":""msft"",""record_id"":""1970324842119818"",""update_time"":""2025-01-06T00:00:00.000Z""},{""property"":""/properties/existence"",""dataset"":""msft"",""record_id"":""1970324842043449"",""update_time"":""2025-01-06T00:00:00.000Z""},{""property"":""/properties/existence"",""dataset"":""msft"",""record_id"":""1970324842043448"",""update_time"":""2025-01-06T00:00:00.000Z""},{""property"":""/properties/existence"",""dataset"":""msft"",""record_id"":""1970324842043446"",""update_time"":""2025-01-06T00:00:00.000Z""},{""property"":""/properties/existence"",""dataset"":""msft"",""record_id"":""1970324842043445"",""update_time"":""2025-01-06T00:00:00.000Z""},{""property"":""/properties/existence"",""dataset"":""msft"",""record_id"":""1970324842043444"",""update_time"":""2025-01-06T00:00:00.000Z""},{""property"":""/properties/existence"",""dataset"":""msft"",""record_id"":""1970324842043443"",""update_time"":""2025-01-06T00:00:00.000Z""},{""property"":""/properties/existence"",""dataset"":""msft"",""record_id"":""1125899909060123"",""update_time"":""2025-01-06T00:00:00.000Z""},{""property"":""/properties/existence"",""dataset"":""msft"",""record_id"":""1125899909060100"",""update_time"":""2025-01-06T00:00:00.000Z""},{""property"":""/properties/existence"",""dataset"":""msft"",""record_id"":""1125899908997866"",""update_time"":""2025-01-06T00:00:00.000Z""},{""property"":""/properties/existence"",""dataset"":""msft"",""record_id"":""1125899908997859"",""update_time"":""2025-01-06T00:00:00.000Z""}]","[{""dataset"":""Microsoft"",""record_id"":""1970324842043452"",""update_time"":""2024-12-29T12:11:37.233"",""confidence"":0.77}]",false,false,false,false,false,false,false,false
subset,descriptor,08f2690db4b4288203675416dd188148,Black Bear Lodge,Black Bear Lodge at Deer Valley,16,31,15,3,6,3,7447 Royal St,7447 Royal St E Unit 251,Park City,UT,holiday_rental_home,Travel and Transportation > Lodging > Lodge,0.9918379237288135,1.0,"[{""property"":"""",""dataset"":""meta"",""record_id"":""101074795249503"",""update_time"":""2025-01-06T08:00:00.000Z"",""confidence"":0.9645127118644068},{""property"":""/properties/existence"",""dataset"":""Microsoft"",""record_id"":""2251799819509623"",""update_time"":""2020-12-18T22:04:38.240Z"",""confidence"":0.77}]","[{""property"":"""",""dataset"":""FourSquare"",""record_id"":""8ffb6e5729954274150a35fc"",""update_time"":""2024-10-12T00:00:00.000"",""confidence"":1.0}]",false,false,false,false,false,false,false,false
subset,descriptor,08f274bb8102019303cb6740dcb7885e,"Culligan Water Conditioning of Sturgis, MI",Culligan Water Conditioning,42,27,-15,6,3,-3,26341 Us Highway 12,26341 US Highway 12,Sturgis,MI,water_treatment_equipment_and_services,water_treatment_equipment_and_services,0.77,0.77,"[{""property"":"""",""dataset"":""msft"",""record_id"":""562949956264183"",""update_time"":""2025-01-06T00:00:00.000Z""},{""property"":""/properties/existence"",""dataset"":""msft"",""record_id"":""562949955306207"",""update_time"":""2025-01-06T00:00:00.000Z""},{""property"":""/properties/existence"",""dataset"":""msft"",""record_id"":""562949954976751"",""update_time"":""2025-01-06T00:00:00.000Z""}]","[{""dataset"":""Microsoft"",""record_id"":""562949955306207"",""update_time"":""2015-05-25T13:00:10.943"",""confidence"":0.77}]",false,false,false,false,false,false,false,false
subset,descriptor,08f274e2c50a00ae0386ed65974359d1,Looking Glass Beachfront Inn,LOOKING GLASS,28,13,-15,4,2,-2,1100 S Harbor Dr,1100 S Harbor Dr,Grand Haven,MI,hotel,bed_and_breakfast,0.9962614185921548,0.77,"[{""property"":"""",""dataset"":""meta"",""record_id"":""116395961718148"",""update_time"":""2025-01-06T00:00:00.000Z""},{""property"":""/properties/existence"",""dataset"":""msft"",""record_id"":""1970324838864531"",""update_time"":""2025-01-06T00:00:00.000Z""},{""property"":""/properties/existence"",""dataset"":""msft"",""record_id"":""1407374887310867"",""update_time"":""2025-01-06T00:00:00.000Z""}]","[{""dataset"":""Microsoft"",""record_id"":""1407374887310867"",""update_time"":""2021-03-02T19:13:01.707"",""confidence"":0.77}]",false,false,false,false,false,false,false,false
subset,descriptor,08f28f08aa61e45d032ffca2f3c02a41,Wayne Cooley - COUNTRY Financial,Wayne Cooley - COUNTRY Financial representative,32,47,15,5,6,1,380 NW 1st Ave,380 NW 1st Ave,Canby,OR,insurance_agency,auto_insurance,0.9919372693726938,0.77,"[{""property"":"""",""dataset"":""meta"",""record_id"":""452758854847176"",""update_time"":""2025-01-06T00:00:00.000Z""},{""property"":""/properties/existence"",""dataset"":""msft"",""record_id"":""562949956048419"",""update_time"":""2025-01-06T00:00:00.000Z""},{""property"":""/properties/existence"",""dataset"":""msft"",""record_id"":""1688849864187771"",""update_time"":""2025-01-06T00:00:00.000Z""},{""property"":""/properties/existence"",""dataset"":""msft"",""record_id"":""1125899908886437"",""update_time"":""2025-01-06T00:00:00.000Z""}]","[{""dataset"":""Microsoft"",""record_id"":""562949956048419"",""update_time"":""2018-09-11T17:38:23.513"",""confidence"":0.77}]",false,false,false,false,false,false,false,false
subset,descriptor,08f2a106d34a4cf203d9fcde81ae8136,Fox Trail Memory Care Living at South River,Fox Trail Memory Care Living,43,28,-15,8,5,-3,69 Burton Ave,69 Burton Ave,South River,NJ,retirement_home,assisted_living_facility,0.9962614185921548,0.77,"[{""property"":"""",""dataset"":""meta"",""record_id"":""203681293903927"",""update_time"":""2025-01-06T00:00:00.000Z""},{""property"":""/properties/existence"",""dataset"":""msft"",""record_id"":""1407374891368290"",""update_time"":""2025-01-06T00:00:00.000Z""},{""property"":""/properties/existence"",""dataset"":""msft"",""record_id"":""1125899908994858"",""update_time"":""2025-01-06T00:00:00.000Z""}]","[{""dataset"":""Microsoft"",""record_id"":""1407374891368290"",""update_time"":""2024-10-08T01:36:49.03"",""confidence"":0.77}]",false,false,false,false,false,false,false,false
subset,descriptor,08f2a89646788ce103bbc825196e3aa1,JE Carriers,JE Carriers Auto Transport,11,26,15,2,4,2,6320 Capital Blvd,6320 Capital Blvd,Raleigh,NC,freight_and_cargo_service,travel,0.8973172987974098,0.77,"[{""property"":"""",""dataset"":""meta"",""record_id"":""818658091634929"",""update_time"":""2025-01-06T00:00:00.000Z""}]","[{""property"":"""",""dataset"":""msft"",""record_id"":""1970324837567092"",""update_time"":""2025-01-06T00:00:00.000Z""}]",false,false,false,false,false,false,false,false
subset,descriptor,08f2a9150cd0508003581d4a8325cdc4,Craig's,Craig's Shoes & Sports,7,22,15,1,4,3,1270 US 22 W,"1270 US Rt. 22 NW, Suite 9",Washington Court House,OH,sports_wear,Retail > Sporting Goods Retail,0.9837452982267598,1.0,"[{""property"":"""",""dataset"":""meta"",""record_id"":""1491407381158402"",""update_time"":""2025-01-06T08:00:00.000Z"",""confidence"":0.9837452982267598}]","[{""property"":"""",""dataset"":""FourSquare"",""record_id"":""4c329b7b09a99c74609b0b2a"",""update_time"":""2024-10-11T00:00:00.000"",""confidence"":1.0}]",false,false,false,false,false,false,false,false
subset,descriptor,08f2aa6ce15a18c903e7ee69db302e3e,West Herr Cadillac,West Herr Cadillac of East Aurora,18,33,15,3,6,3,535 Main St,535 Main St,East Aurora,NY,automotive,automotive,0.77,0.77,"[{""property"":"""",""dataset"":""msft"",""record_id"":""844424934972351"",""update_time"":""2025-01-06T00:00:00.000Z""},{""property"":""/properties/existence"",""dataset"":""msft"",""record_id"":""1407374885732897"",""update_time"":""2025-01-06T00:00:00.000Z""},{""property"":""/properties/existence"",""dataset"":""msft"",""record_id"":""1125899912159810"",""update_time"":""2025-01-06T00:00:00.000Z""},{""property"":""/properties/existence"",""dataset"":""msft"",""record_id"":""1125899912158903"",""update_time"":""2025-01-06T00:00:00.000Z""}]","[{""dataset"":""Microsoft"",""record_id"":""1407374885732897"",""update_time"":""2018-10-20T17:54:14.843"",""confidence"":0.77}]",false,false,false,false,false,false,false,false
subset,descriptor,08f2af62655ad02303c1c002aed33a25,Code Ninjas,Code Ninjas Virginia Beach,11,26,15,2,4,2,3300 Princess Anne Rd,3300 Princess Anne Rd Ste 739,Virginia Beach,VA,education,kids_recreation_and_party,0.997898979043525,0.77,"[{""property"":"""",""dataset"":""meta"",""record_id"":""198036551121671"",""update_time"":""2025-01-06T00:00:00.000Z""},{""property"":""/properties/existence"",""dataset"":""msft"",""record_id"":""1407374888662920"",""update_time"":""2025-01-06T00:00:00.000Z""},{""property"":""/properties/existence"",""dataset"":""msft"",""record_id"":""1407374886825926"",""update_time"":""2025-01-06T00:00:00.000Z""}]","[{""dataset"":""Microsoft"",""record_id"":""1407374888662920"",""update_time"":""2024-03-20T16:29:12.31"",""confidence"":0.77}]",false,false,false,false,false,false,false,false
subset,descriptor,08f44d075801305e03fe2c0f3f1ad2d8,Roper St. Francis Physician Partners,Roper St. Francis Physician Partners - Primary Care,36,51,15,5,8,3,5133 Rivers Ave,5133 Rivers Ave,North Charleston,SC,hospital,health_and_medical,0.9918379237288135,0.77,"[{""property"":"""",""dataset"":""meta"",""record_id"":""205860863499887"",""update_time"":""2025-01-06T00:00:00.000Z""},{""property"":""/properties/existence"",""dataset"":""meta"",""record_id"":""309832209732495"",""update_time"":""2025-01-06T00:00:00.000Z""},{""property"":""/properties/existence"",""dataset"":""msft"",""record_id"":""1407374886193582"",""update_time"":""2025-01-06T00:00:00.000Z""}]","[{""dataset"":""Microsoft"",""record_id"":""1407374886193582"",""update_time"":""2024-12-27T02:47:10.683"",""confidence"":0.77}]",false,false,false,false,false,false,false,false
subset,descriptor,08f44dd11acb10b203ecb9e5f4add0fa,Cashwell consumer Loans,Cashwell,23,8,-15,3,1,-2,6811 Calhoun Memorial Hwy,6811 Calhoun Memorial Hwy Ste C,Easley,SC,installment_loans,Business and Professional Services > Financial Service > Check Cashing Service,0.9146576663452266,1.0,"[{""property"":"""",""dataset"":""meta"",""record_id"":""106244505636194"",""update_time"":""2025-01-06T08:00:00.000Z"",""confidence"":0.9146576663452266}]","[{""property"":"""",""dataset"":""FourSquare"",""record_id"":""bda96615a9d24b261394a618"",""update_time"":""2024-10-14T00:00:00.000"",""confidence"":1.0}]",false,false,false,false,false,false,false,false
subset,descriptor,08f44f01b002bae60364d7d499412a15,Family Practice Associates of Orange Park Fleming Island,Family Practice Associates of Orange Park,56,41,-15,8,6,-2,4711 US Highway 17,4689 US Highway 17 Ste 14,Fleming Island,FL,family_practice,Health and Medicine > Physician > Doctor's Office,0.48103896103896104,1.0,"[{""property"":"""",""dataset"":""meta"",""record_id"":""215312208499276"",""update_time"":""2025-01-06T08:00:00.000Z"",""confidence"":0.48103896103896104}]","[{""property"":"""",""dataset"":""FourSquare"",""record_id"":""4e0deb6bd164fff335a5bc10"",""update_time"":""2024-10-15T00:00:00.000"",""confidence"":1.0}]",false,false,false,false,false,false,false,false
subset,descriptor,08f64a092264037403b6ae22af2381c1,ปิ้งจีน หม่าล่า,ปิ้งจีน หม่าล่า เผ็ดซ่า ชาลิ้น,15,30,15,2,4,2,ตรงข้ามศาลตายาย,ตรงข้ามศาลตายาย,Suphan Buri,,fast_food_restaurant,Dining and Drinking > Restaurant > Fast Food Restaurant,0.6214335421016005,1.0,"[{""property"":"""",""dataset"":""meta"",""record_id"":""1895264914074892"",""update_time"":""2025-01-06T08:00:00.000Z"",""confidence"":0.6214335421016005}]","[{""property"":"""",""dataset"":""FourSquare"",""record_id"":""5c8cce60aa6c95002c75411e"",""update_time"":""2024-02-07T00:00:00.000"",""confidence"":1.0}]",false,false,false,false,false,false,false,false
subset,descriptor,08fa8100ae892ba6038bdb6e49bbe7a3,Dias Park,Dias Park Estacionamento,9,24,15,2,3,1,"Rua Guilherme Marconi, 149","Rua Guilherme Marconi, 149",Santo André,SP,automotive_repair,Travel and Transportation > RV Park,0.48103896103896104,1.0,"[{""property"":"""",""dataset"":""meta"",""record_id"":""551732691643133"",""update_time"":""2025-01-06T08:00:00.000Z"",""confidence"":0.48103896103896104}]","[{""property"":"""",""dataset"":""FourSquare"",""record_id"":""5600432c498effa725bc7507"",""update_time"":""2020-11-23T00:00:00.000"",""confidence"":1.0}]",false,false,false,false,false,false,false,false
subset,descriptor,08fa810394ce9a0003eabeff0516b3b1,Esfiha Chic - Vila Arcádia,Esfiha Chic,26,11,-15,5,2,-3,"Avenida General Edgard Facó, 2002","Av. Gal. Edgard Faccó, 2002",São Paulo,SP,fast_food_restaurant,Dining and Drinking > Restaurant > Mediterranean Restaurant,0.48103896103896104,1.0,"[{""property"":"""",""dataset"":""meta"",""record_id"":""100430302778457"",""update_time"":""2025-01-06T08:00:00.000Z"",""confidence"":0.48103896103896104}]","[{""property"":"""",""dataset"":""FourSquare"",""record_id"":""4bae285af964a5204d8b3be3"",""update_time"":""2021-08-12T00:00:00.000"",""confidence"":1.0}]",false,false,false,false,false,false,false,false
subset,descriptor,08fa8c241822e42503ab5d13ab28882d,Igreja Batista Vale De Benção - Águas Claras,Igreja Batista Vale de Bênção,44,29,-15,8,5,-3,"Av. Vereda da Cruz, Lt. 17","Av. Vereda da Cruz, Lt. 17",Taguatinga,DF,church_cathedral,Community and Government > Spiritual Center > Church,0.48103896103896104,1.0,"[{""property"":"""",""dataset"":""meta"",""record_id"":""191695158075192"",""update_time"":""2025-01-06T08:00:00.000Z"",""confidence"":0.48103896103896104}]","[{""property"":"""",""dataset"":""FourSquare"",""record_id"":""4eb6ab0b8b81a81f910f7673"",""update_time"":""2024-07-02T00:00:00.000"",""confidence"":1.0}]",false,false,false,false,false,false,false,false
subset,descriptor,08fbe0e2492734ca03900a655bf5d9be,Bed Bath N Table,Bed Bath N' Table Winston Hills,16,31,15,4,6,2,56 Caroline Chisholm Dr,"Shop 56 Winston Hills Mall (Shop 56), Caroline Chisholm Drive",Sydney,NSW,home_goods_store,home_goods_store,0.9918379237288135,0.77,"[{""property"":"""",""dataset"":""meta"",""record_id"":""1768535423448075"",""update_time"":""2025-01-06T00:00:00.000Z""},{""property"":""/properties/existence"",""dataset"":""msft"",""record_id"":""844424934990105"",""update_time"":""2025-01-06T00:00:00.000Z""}]","[{""dataset"":""Microsoft"",""record_id"":""844424934990105"",""update_time"":""2024-12-30T01:48:20.55"",""confidence"":0.77}]",false,false,false,false,false,false,false,false
subset,descriptor,1125899911187949,See's Candies Chocolate Shop,See's Candies,28,13,-15,4,2,-2,"6205 Pats Ranch Road, Unit Ste G","6461 Pats Ranch Road, Vernola Marketplace",Jurupa Valley,CA,candy_store,candy_store,0.77,0.77,"[{""dataset"":""Microsoft"",""record_id"":""1125899911187949"",""update_time"":""2024-12-30T19:34:48.183"",""confidence"":0.77}]","[{""dataset"":""Microsoft"",""record_id"":""281474978371258"",""update_time"":""2019-12-03T20:25:58.467"",""confidence"":0.77}]",false,false,false,false,false,false,false,false
subset,descriptor,2251799813795942,"Planet Fitness - Manassas, VA",Planet Fitness,29,14,-15,5,2,-3,7680 Stream Walk Ln,7680 Stream Walk Ln,Manassas,VA,gym,gym,0.77,0.77,"[{""dataset"":""Microsoft"",""record_id"":""2251799813795942"",""update_time"":""2013-01-28T00:47:36.28"",""confidence"":0.77}]","[{""dataset"":""Microsoft"",""record_id"":""562949956158927"",""update_time"":""2017-12-05T19:24:07.683"",""confidence"":0.77}]",false,false,false,false,false,false,false,false
subset,descriptor,08f194e2c3d7578e03f5d53edb82bf97,Marshalls plc (Marshalls Mono Ltd.) Sittingbourne,Marshalls plc (Marshalls Mono Ltd.),49,35,-14,6,5,-1,Castle Road,Castle Road,Sittingbourne,Kent,cement_supplier,cement_supplier,0.77,0.77,"[{""property"":"""",""dataset"":""msft"",""record_id"":""844424932287350"",""update_time"":""2025-01-06T00:00:00.000Z""},{""property"":""/properties/existence"",""dataset"":""msft"",""record_id"":""281474978532947"",""update_time"":""2025-01-06T00:00:00.000Z""},{""property"":""/properties/existence"",""dataset"":""msft"",""record_id"":""1688849863480587"",""update_time"":""2025-01-06T00:00:00.000Z""}]","[{""dataset"":""Microsoft"",""record_id"":""281474978532947"",""update_time"":""2019-04-09T13:32:47.823"",""confidence"":0.77}]",false,false,false,false,false,false,false,false
subset,descriptor,08f1e84ab06b5a88032fba924b9dab12,Coop Centro Italia,Coop,18,4,-14,3,1,-2,Pizza Matteotti,"Piazza Giacomo Matteotti, 15",Perugia,,grocery_store,Retail > Food and Beverage Retail > Supermarket,0.9837452982267598,1.0,"[{""property"":"""",""dataset"":""meta"",""record_id"":""275849789255142"",""update_time"":""2025-01-06T08:00:00.000Z"",""confidence"":0.9837452982267598}]","[{""property"":"""",""dataset"":""FourSquare"",""record_id"":""4d5542b5611aa35dd6b93239"",""update_time"":""2024-07-03T00:00:00.000"",""confidence"":1.0}]",false,false,false,false,false,false,false,false
subset,descriptor,08f1fa5362b859a803ed45df6695e1e3,Rossmann,ROSSMANN Drogeriemarkt,8,22,14,1,2,1,Markenstraße 22,Markenstr. 22-24,Gelsenkirchen,,shopping,drugstore,0.9523423423423424,0.77,"[{""property"":"""",""dataset"":""meta"",""record_id"":""146778449336681"",""update_time"":""2025-01-06T00:00:00.000Z""},{""property"":""/properties/existence"",""dataset"":""msft"",""record_id"":""1970324839476592"",""update_time"":""2025-01-06T00:00:00.000Z""}]","[{""dataset"":""Microsoft"",""record_id"":""1970324839476592"",""update_time"":""2024-12-26T05:55:44.463"",""confidence"":0.77}]",false,false,false,false,false,false,false,false
subset,descriptor,08f2a95633c2bb9003cff09de0014d1e,Easton Town Center Columbus Ohio,Easton Town Center,32,18,-14,5,3,-2,,160 Easton Town Ctr,Columbus,OH,,hotel,0.48103896103896104,0.77,"[{""property"":"""",""dataset"":""meta"",""record_id"":""205066622863097"",""update_time"":""2025-01-06T00:00:00.000Z""}]","[{""property"":"""",""dataset"":""msft"",""record_id"":""562949966417396"",""update_time"":""2025-01-06T00:00:00.000Z""}]",false,false,false,false,false,false,false,false
subset,descriptor,08f2aac8315132a2030282f2103c82da,Kumon Math and Reading Center,Kumon Math and Reading Center of Royersford,29,43,14,5,7,2,329 10th Ave,"329 10TH Ave Ste #135",Limerick Twp,PA,tutoring_center,tutoring_center,0.9919372693726938,0.77,"[{""property"":"""",""dataset"":""meta"",""record_id"":""503654069657672"",""update_time"":""2025-01-06T00:00:00.000Z""},{""property"":""/properties/existence"",""dataset"":""msft"",""record_id"":""1688849861160807"",""update_time"":""2025-01-06T00:00:00.000Z""},{""property"":""/properties/existence"",""dataset"":""msft"",""record_id"":""1407374888295083"",""update_time"":""2025-01-06T00:00:00.000Z""}]","[{""dataset"":""Microsoft"",""record_id"":""1407374888295083"",""update_time"":""2024-12-30T13:29:46.56"",""confidence"":0.77}]",false,false,false,false,false,false,false,false
subset,descriptor,08f2b9bd1dd0cc0c0315d662bff28bda,Virtual Sting,Virtual Sting Richmond Hill,13,27,14,2,4,2,"9737 Yonge St. #204","9737 Yonge street, #204",Richmond Hill,ON,fair,fair,0.8806389610389611,0.77,"[{""property"":"""",""dataset"":""msft"",""record_id"":""844424934362075"",""update_time"":""2025-01-06T00:00:00.000Z""},{""property"":""/properties/existence"",""dataset"":""msft"",""record_id"":""1970324838636800"",""update_time"":""2025-01-06T00:00:00.000Z""},{""property"":""/properties/existence"",""dataset"":""meta"",""record_id"":""274816099596219"",""update_time"":""2025-01-06T00:00:00.000Z""}]","[{""dataset"":""Microsoft"",""record_id"":""1970324838636800"",""update_time"":""2018-07-22T00:52:36.773"",""confidence"":0.77}]",false,false,false,false,false,false,false,false
subset,descriptor,08f39680682a12a303e3d51c798cbf98,Origine,Origine Professionnel,7,21,14,1,2,1,800 Avenue du Château de Jouques,800 avenue du Château de Jouques,Gémenos,,cosmetic_and_beauty_supplies,,0.9467515923566879,1.0,"[{""property"":"""",""dataset"":""meta"",""record_id"":""114338730294871"",""update_time"":""2025-01-06T08:00:00.000Z"",""confidence"":0.9467515923566879}]","[{""property"":"""",""dataset"":""FourSquare"",""record_id"":""d85d706672db1bead3ac6f31"",""update_time"":""2024-07-03T00:00:00.000"",""confidence"":1.0}]",false,false,false,false,false,false,false,false
subset,descriptor,1125899909063562,JOE & THE JUICE - Schifflände,JOE & THE JUICE,29,15,-14,6,4,-2,Schifflände 26,Schifflände 26,Zürich,Zürich,smoothie_juice_bar,smoothie_juice_bar,0.77,0.77,"[{""dataset"":""Microsoft"",""record_id"":""1125899909063562"",""update_time"":""2018-04-20T08:43:35.09"",""confidence"":0.77}]","[{""dataset"":""Microsoft"",""record_id"":""1688849863580830"",""update_time"":""2024-12-20T13:31:37.99"",""confidence"":0.77}]",false,false,false,false,false,false,false,false
subset,descriptor,1125899912398662,ATP Flight School,ATP,17,3,-14,3,1,-2,1624 Aviation Center Pkwy,1624 Aviation Center Pkwy,Daytona Beach,FL,vocational_and_technical_school,specialty_school,0.77,0.77,"[{""dataset"":""Microsoft"",""record_id"":""1125899912398662"",""update_time"":""2024-12-08T05:38:37.28"",""confidence"":0.77}]","[{""dataset"":""Microsoft"",""record_id"":""1407374887741238"",""update_time"":""2024-09-09T08:08:56.363"",""confidence"":0.77}]",false,false,false,false,false,false,false,false
subset,descriptor,1407374885933937,"Red Wing - Roswell, GA",Red Wing,22,8,-14,5,2,-3,875 Mansell Rd B1,875 Mansell Rd Ste B1,Roswell,GA,shoe_store,shoe_store,0.77,0.77,"[{""dataset"":""Microsoft"",""record_id"":""1407374885933937"",""update_time"":""2023-10-25T21:57:20.357"",""confidence"":0.77}]","[{""dataset"":""Microsoft"",""record_id"":""844424932146366"",""update_time"":""2018-02-24T07:57:49.547"",""confidence"":0.77}]",false,false,false,false,false,false,false,false
subset,descriptor,08f186549e3445160349ba90d3aa7e20,Vesqual,Vesqual Constructeur,7,20,13,1,2,1,35 Rue des Prairies Saint-Gilles,35 rue des Prairies Saint-Gilles,Caen,,construction_services,Business and Professional Services,0.9445655559015883,1.0,"[{""property"":"""",""dataset"":""meta"",""record_id"":""1220835768019051"",""update_time"":""2025-01-06T08:00:00.000Z"",""confidence"":0.9445655559015883}]","[{""property"":"""",""dataset"":""FourSquare"",""record_id"":""a3cb0b4e7cfd4724893c921c"",""update_time"":""2023-10-22T00:00:00.000"",""confidence"":1.0}]",false,false,false,false,false,false,false,false
subset,descriptor,08f194ad1c4c5ae603cdd1ba54b83902,Monkey Puzzle Day Nursery,Monkey Puzzle Day Nursery West Norwood,25,38,13,4,6,2,445 Norwood Road,445 Norwood Road,London,ENG,day_care_preschool,preschool,0.997898979043525,0.77,"[{""property"":"""",""dataset"":""meta"",""record_id"":""401172030251807"",""update_time"":""2025-01-06T00:00:00.000Z""},{""property"":""/properties/existence"",""dataset"":""msft"",""record_id"":""844424932616562"",""update_time"":""2025-01-06T00:00:00.000Z""},{""property"":""/properties/existence"",""dataset"":""msft"",""record_id"":""1407374890995589"",""update_time"":""2025-01-06T00:00:00.000Z""}]","[{""dataset"":""Microsoft"",""record_id"":""1407374890995589"",""update_time"":""2024-11-28T08:15:54.12"",""confidence"":0.77}]",false,false,false,false,false,false,false,false
subset,descriptor,08f1ea3496a5164d03d849108a98dfbc,Gala Supermercato,Gala,17,4,-13,2,1,-1,Via P. Togliatti,Viale Palmiro Togliatti 2,Città Di Castello,PG,supermarket,,0.77,1.0,"[{""property"":"""",""dataset"":""Microsoft"",""record_id"":""844424933493906"",""update_time"":""2024-12-27T18:15:17.247Z"",""confidence"":0.77}]","[{""property"":"""",""dataset"":""FourSquare"",""record_id"":""58b00f20e35245734790ee67"",""update_time"":""2024-07-03T00:00:00.000"",""confidence"":1.0}]",false,false,false,false,false,false,false,false
subset,descriptor,08f2661858d5b60e03221c6e69eb8a5f,Qdoba,QDOBA Mexican Eats,5,18,13,1,3,2,6196 Whitestown Pkwy,6196 Whitestown Pkwy,Whitestown,IN,mexican_restaurant,fast_food_restaurant,0.9962614185921548,0.77,"[{""property"":"""",""dataset"":""meta"",""record_id"":""465781060581986"",""update_time"":""2025-01-06T00:00:00.000Z""},{""property"":""/properties/existence"",""dataset"":""msft"",""record_id"":""844424932500567"",""update_time"":""2025-01-06T00:00:00.000Z""},{""property"":""/properties/existence"",""dataset"":""msft"",""record_id"":""844424932500024"",""update_time"":""2025-01-06T00:00:00.000Z""},{""property"":""/properties/existence"",""dataset"":""msft"",""record_id"":""844424932499035"",""update_time"":""2025-01-06T00:00:00.000Z""},{""property"":""/properties/existence"",""dataset"":""msft"",""record_id"":""562949958461509"",""update_time"":""2025-01-06T00:00:00.000Z""}]","[{""dataset"":""Microsoft"",""record_id"":""844424932499035"",""update_time"":""2019-08-30T19:07:04.723"",""confidence"":0.77}]",false,false,false,false,false,false,false,false
subset,descriptor,08f267011d11c593039518ff98ae8bd4,Hy-Vee Fast & Fresh,Hy-Vee,19,6,-13,4,1,-3,1702 E Washington St,1702 E Washington St,Mount Pleasant,IA,newspaper_and_magazines_store,newspaper_and_magazines_store,0.77,0.77,"[{""property"":"""",""dataset"":""msft"",""record_id"":""281474980699602"",""update_time"":""2025-01-06T00:00:00.000Z""},{""property"":""/properties/existence"",""dataset"":""msft"",""record_id"":""1407374888750359"",""update_time"":""2025-01-06T00:00:00.000Z""},{""property"":""/properties/existence"",""dataset"":""msft"",""record_id"":""1125899911631598"",""update_time"":""2025-01-06T00:00:00.000Z""},{""property"":""/properties/existence"",""dataset"":""msft"",""record_id"":""1125899911623906"",""update_time"":""2025-01-06T00:00:00.000Z""}]","[{""dataset"":""Microsoft"",""record_id"":""1125899911623906"",""update_time"":""2022-12-17T10:17:20.433"",""confidence"":0.77}]",false,false,false,false,false,false,false,false
subset,descriptor,08f2675c165825450328dce4ea9f6a2c,Boost Mobile Local Moline,Boost Mobile,25,12,-13,4,2,-2,1998 1st Street A,1998 1st St,Moline,IL,mobile_phone_store,mobile_phone_accessories,0.997898979043525,0.77,"[{""property"":"""",""dataset"":""meta"",""record_id"":""1257704134363164"",""update_time"":""2025-01-06T00:00:00.000Z""},{""property"":""/properties/existence"",""dataset"":""msft"",""record_id"":""2251799821144307"",""update_time"":""2025-01-06T00:00:00.000Z""}]","[{""dataset"":""Microsoft"",""record_id"":""2251799821144307"",""update_time"":""2024-12-31T04:47:41.23"",""confidence"":0.77}]",false,false,false,false,false,false,false,false
subset,descriptor,08f2ab174c13156b0390efabde69bef7,PNC,PNC Private Bank,3,16,13,1,3,2,100 W Federal St,"100 E Federal St, Suite 700",Youngstown,OH,bank_credit_union,bank_credit_union,0.9962614185921548,0.77,"[{""property"":"""",""dataset"":""meta"",""record_id"":""136385827230366"",""update_time"":""2025-01-06T00:00:00.000Z""},{""property"":""/properties/existence"",""dataset"":""msft"",""record_id"":""562949965474003"",""update_time"":""2025-01-06T00:00:00.000Z""},{""property"":""/properties/existence"",""dataset"":""msft"",""record_id"":""562949959295664"",""update_time"":""2025-01-06T00:00:00.000Z""},{""property"":""/properties/existence"",""dataset"":""msft"",""record_id"":""562949957764515"",""update_time"":""2025-01-06T00:00:00.000Z""},{""property"":""/properties/existence"",""dataset"":""msft"",""record_id"":""1125899910517107"",""update_time"":""2025-01-06T00:00:00.000Z""},{""property"":""/properties/existence"",""dataset"":""msft"",""record_id"":""1125899907115363"",""update_time"":""2025-01-06T00:00:00.000Z""}]","[{""dataset"":""Microsoft"",""record_id"":""562949959295664"",""update_time"":""2024-10-01T17:36:25.38"",""confidence"":0.77}]",false,false,false,false,false,false,false,false
subset,descriptor,08f446dca490656503921b2b396e5017,Village Medical,Village Medical at Walgreens,15,28,13,2,4,2,14317 Cypress Rosehill Rd,14317 Cypress Rosehill Rd,Cypress,TX,medical_center,medical_center,0.77,0.77,"[{""property"":"""",""dataset"":""msft"",""record_id"":""562949962111050"",""update_time"":""2025-01-06T00:00:00.000Z""},{""property"":""/properties/existence"",""dataset"":""msft"",""record_id"":""1407374890657481"",""update_time"":""2025-01-06T00:00:00.000Z""},{""property"":""/properties/existence"",""dataset"":""msft"",""record_id"":""1407374888860062"",""update_time"":""2025-01-06T00:00:00.000Z""}]","[{""dataset"":""Microsoft"",""record_id"":""1407374888860062"",""update_time"":""2023-10-11T17:13:23.813"",""confidence"":0.77}]",false,false,false,false,false,false,false,false
subset,descriptor,08f499584096653303edab0db7e2b9ab,Sushi Itto Tlalpan,Sushi,18,5,-13,3,1,-2,Avenida Insurgentes Sur 4184,Calle Avenida Insurgentes Sur 4184,Tlalpan,CMX,restaurant,,0.9645127118644068,1.0,"[{""property"":"""",""dataset"":""meta"",""record_id"":""106625166550467"",""update_time"":""2025-01-06T08:00:00.000Z"",""confidence"":0.9645127118644068}]","[{""property"":"""",""dataset"":""FourSquare"",""record_id"":""216c596f190d4676eb17e313"",""update_time"":""2023-12-06T00:00:00.000"",""confidence"":1.0}]",false,false,false,false,false,false,false,false
subset,descriptor,08f4995b8c8e572103a6b2d5f746203d,APEC Hospital de la Ceguera,Apec Hospital De La Ceguera Azcapotzalco,27,40,13,5,6,1,Av. Azcapotzalco 552,Manuel Acuña 3,,,eyewear_and_optician,Health and Medicine > Optometrist,0.9146576663452266,1.0,"[{""property"":"""",""dataset"":""meta"",""record_id"":""114451934201980"",""update_time"":""2025-01-06T08:00:00.000Z"",""confidence"":0.9146576663452266}]","[{""property"":"""",""dataset"":""FourSquare"",""record_id"":""627d5214e6e729364cafeb6e"",""update_time"":""2022-05-15T00:00:00.000"",""confidence"":1.0}]",false,false,false,false,false,false,false,false
subset,descriptor,08f4cee794ada052038e889f077842df,PenFed,PenFed Credit Union,6,19,13,1,3,2,7 Calle Tabonuco,Calle Tabonuco,Guaynabo,,financial_service,credit_union,0.9523423423423424,0.77,"[{""property"":"""",""dataset"":""meta"",""record_id"":""456574684700308"",""update_time"":""2025-01-06T00:00:00.000Z""},{""property"":""/properties/existence"",""dataset"":""msft"",""record_id"":""1407374887719684"",""update_time"":""2025-01-06T00:00:00.000Z""},{""property"":""/properties/existence"",""dataset"":""msft"",""record_id"":""1125899908573474"",""update_time"":""2025-01-06T00:00:00.000Z""}]","[{""dataset"":""Microsoft"",""record_id"":""1407374887719684"",""update_time"":""2023-05-27T13:47:45.293"",""confidence"":0.77}]",false,false,false,false,false,false,false,false
subset,descriptor,1125899907087450,First National Bank - Pottsville,First National Bank,32,19,-13,5,3,-2,396 S Centre St,396 S Centre St,Pottsville,PA,bank_credit_union,bank_credit_union,0.77,0.77,"[{""dataset"":""Microsoft"",""record_id"":""1125899907087450"",""update_time"":""2014-01-10T19:19:21.31"",""confidence"":0.77}]","[{""dataset"":""Microsoft"",""record_id"":""2251799819954445"",""update_time"":""2024-12-26T10:33:05.693"",""confidence"":0.77}]",false,false,false,false,false,false,false,false
subset,descriptor,1407374886630445,Heartland Mortgage Inc - Bobbie Jo Haggard,"Heartland Mortgage Inc. / Bobbie Jo Haggard, NMLS 92472",42,55,13,7,9,2,30 S Palouse St,30 S Palouse St,Walla Walla,WA,mortgage_lender,mortgage_lender,0.77,0.77,"[{""dataset"":""Microsoft"",""record_id"":""1407374886630445"",""update_time"":""2020-12-02T00:01:00.977"",""confidence"":0.77}]","[{""dataset"":""Microsoft"",""record_id"":""562949956278891"",""update_time"":""2016-07-05T18:51:44.057"",""confidence"":0.77}]",false,true,false,false,false,false,false,true
subset,descriptor,1407374889653539,"Eric Cohen, MD","Eric Cohen, MD - ENT Doctor",14,27,13,3,6,3,620 Columbus Ave 2nd Fl,620 Columbus Ave 2nd Fl,New York,NY,ear_nose_and_throat,ear_nose_and_throat,0.77,0.77,"[{""dataset"":""Microsoft"",""record_id"":""1407374889653539"",""update_time"":""2024-11-26T23:02:08.963"",""confidence"":0.77}]","[{""dataset"":""Microsoft"",""record_id"":""2251799820996387"",""update_time"":""2024-12-25T16:23:43.81"",""confidence"":0.77}]",false,false,false,false,false,false,false,false
subset,descriptor,562949955293136,Goodyear,Goodyear Auto Service,8,21,13,1,3,2,1001 W 15th St,1001 West 15th Street,Panama City,FL,tire_shop,tire_shop,0.77,0.77,"[{""dataset"":""Microsoft"",""record_id"":""562949955293136"",""update_time"":""2015-05-25T12:56:24.097"",""confidence"":0.77}]","[{""dataset"":""Microsoft"",""record_id"":""562949960129808"",""update_time"":""2024-10-08T08:24:10.343"",""confidence"":0.77}]",false,false,false,false,false,false,false,false
subset,descriptor,08f194ada05a3a6003b9a28bab309ec8,Kip McGrath Hammersmith,Kip McGrath,23,11,-12,3,2,-1,165 King Street,165 King St 1st Floor,London,ENG,tutoring_center,Community and Government > Education > Private School,0.9962614185921548,1.0,"[{""property"":"""",""dataset"":""meta"",""record_id"":""684454328320720"",""update_time"":""2025-01-06T08:00:00.000Z"",""confidence"":0.9837452982267598},{""property"":""/properties/existence"",""dataset"":""Microsoft"",""record_id"":""1688849864083306"",""update_time"":""2024-12-26T02:23:56.510Z"",""confidence"":0.77}]","[{""property"":"""",""dataset"":""FourSquare"",""record_id"":""b770d012207646bea366d001"",""update_time"":""2024-05-19T00:00:00.000"",""confidence"":1.0}]",false,false,false,false,false,false,false,false
subset,descriptor,08f1f8120960ecb603778517e167edf6,Volksbank Bad Saulgau,Volksbank,21,9,-12,3,1,-2,Hauptstr. 46,Hauptstr. 46,Sigmaringen,Baden-Wurttemberg,bank_credit_union,Business and Professional Services > Financial Service > Banking and Finance > Credit Union,0.77,1.0,"[{""property"":"""",""dataset"":""Microsoft"",""record_id"":""1407374887644073"",""update_time"":""2024-09-09T16:50:31.030Z"",""confidence"":0.77}]","[{""property"":"""",""dataset"":""FourSquare"",""record_id"":""4f50fa3ce4b0daf96d29d243"",""update_time"":""2024-11-22T00:00:00.000"",""confidence"":1.0}]",false,false,false,false,false,false,false,false
subset,descriptor,08f1faeab62d943503ef95d39fa13b13,Lidl Deutschland,Lidl,16,4,-12,2,1,-1,Im Boden 19,Im Boden 19,Hattersheim am Main,,supermarket,Retail > Food and Beverage Retail > Supermarket,0.9837452982267598,1.0,"[{""property"":"""",""dataset"":""meta"",""record_id"":""111888293901137"",""update_time"":""2025-01-06T08:00:00.000Z"",""confidence"":0.9837452982267598}]","[{""property"":"""",""dataset"":""FourSquare"",""record_id"":""4d56b26ecf1b37042bccc13f"",""update_time"":""2024-01-19T00:00:00.000"",""confidence"":1.0}]",false,false,false,false,false,false,false,false
subset,descriptor,08f274d2ee0deca803fbeaa15840ec3d,Gary Ritter Violin,Gary Ritter Violin Viola Cello,18,30,12,3,5,2,2525 7 Mile Rd,2525 7 Mile Rd,Northfield Twp,MI,musical_instrument_store,Retail > Music Store,0.9097222222222222,1.0,"[{""property"":"""",""dataset"":""meta"",""record_id"":""606473576145835"",""update_time"":""2025-01-06T08:00:00.000Z"",""confidence"":0.9097222222222222}]","[{""property"":"""",""dataset"":""FourSquare"",""record_id"":""456797c256824f5f89ead2ae"",""update_time"":""2024-10-14T00:00:00.000"",""confidence"":1.0}]",false,false,false,false,false,false,false,false
subset,descriptor,08f29a1baeb2832203e9d467f859f591,Home Instead,Home Instead Senior Care,12,24,12,2,4,2,6593 Collins Dr,6593 Collins Dr Ste D-10,Moorpark,CA,home_health_care,home_health_care,0.9962614185921548,0.77,"[{""property"":"""",""dataset"":""meta"",""record_id"":""128351630528919"",""update_time"":""2025-01-06T00:00:00.000Z""},{""property"":""/properties/existence"",""dataset"":""msft"",""record_id"":""562949966198909"",""update_time"":""2025-01-06T00:00:00.000Z""},{""property"":""/properties/existence"",""dataset"":""msft"",""record_id"":""1125899909541224"",""update_time"":""2025-01-06T00:00:00.000Z""}]","[{""dataset"":""Microsoft"",""record_id"":""1970324837157532"",""update_time"":""2013-01-29T01:48:28.89"",""confidence"":0.77}]",false,false,false,false,false,false,false,false
subset,descriptor,08f29a4c74384c8003621001ebd68dce,KOOL Restaurante,Kool,16,4,-12,2,1,-1,Miguel Alemán Valdez 2612,Miguel Alemán Valdez 2612,,,fast_food_restaurant,Dining and Drinking > Restaurant > Mexican Restaurant,0.9837452982267598,1.0,"[{""property"":"""",""dataset"":""meta"",""record_id"":""881545768715516"",""update_time"":""2025-01-06T08:00:00.000Z"",""confidence"":0.9837452982267598}]","[{""property"":"""",""dataset"":""FourSquare"",""record_id"":""598d37bb86f4cc10e25a5225"",""update_time"":""2024-02-04T00:00:00.000"",""confidence"":1.0}]",false,false,false,false,false,false,false,false
subset,descriptor,08f2a143a2aea428033ac8f069c43517,Waterbury Career Academy,Waterbury Career Academy High School,24,36,12,3,5,2,175 Birch St,,Waterbury,CT,high_school,Community and Government > Education > Trade School,0.9837452982267598,1.0,"[{""property"":"""",""dataset"":""meta"",""record_id"":""421371817934079"",""update_time"":""2025-01-06T08:00:00.000Z"",""confidence"":0.9837452982267598}]","[{""property"":"""",""dataset"":""FourSquare"",""record_id"":""51e40b62498e9a066f1fa11d"",""update_time"":""2024-10-11T00:00:00.000"",""confidence"":1.0}]",false,false,false,false,false,false,false,false
subset,descriptor,08f2ab2c0298828b039141c3ac9fc73f,Jax Kar Wash,Jax Kar Wash - Royal Oak,12,24,12,3,6,3,27054 Woodward Ave,27054 Woodward Ave,Royal Oak,MI,car_wash,auto_detailing,0.9962614185921548,0.77,"[{""property"":"""",""dataset"":""meta"",""record_id"":""219296594748467"",""update_time"":""2025-01-06T00:00:00.000Z""},{""property"":""/properties/existence"",""dataset"":""msft"",""record_id"":""844424934817200"",""update_time"":""2025-01-06T00:00:00.000Z""},{""property"":""/properties/existence"",""dataset"":""msft"",""record_id"":""562949965951656"",""update_time"":""2025-01-06T00:00:00.000Z""},{""property"":""/properties/existence"",""dataset"":""msft"",""record_id"":""562949963436028"",""update_time"":""2025-01-06T00:00:00.000Z""},{""property"":""/properties/existence"",""dataset"":""msft"",""record_id"":""1407374891442051"",""update_time"":""2025-01-06T00:00:00.000Z""},{""property"":""/properties/existence"",""dataset"":""msft"",""record_id"":""1125899912953742"",""update_time"":""2025-01-06T00:00:00.000Z""}]","[{""dataset"":""Microsoft"",""record_id"":""562949965951656"",""update_time"":""2024-05-10T15:53:34.62"",""confidence"":0.77}]",false,false,false,false,false,false,false,false
subset,descriptor,08f2b9b300ac3b5003982a60b3545314,American Legion NY Post 381,American Legion,27,15,-12,5,2,-3,923 Niagara Ave,923 Niagara Ave,Niagara Falls,NY,community_services_non_profits,Community and Government > Organization,0.9837452982267598,1.0,"[{""property"":"""",""dataset"":""meta"",""record_id"":""847740538624807"",""update_time"":""2025-01-06T08:00:00.000Z"",""confidence"":0.9837452982267598}]","[{""property"":"""",""dataset"":""FourSquare"",""record_id"":""19db98f50bbc4811478bc4a0"",""update_time"":""2024-10-14T00:00:00.000"",""confidence"":1.0}]",true,false,false,false,false,false,false,false
subset,descriptor,08f3c5a1526168d103616326f788b671,Renault,"Renault, Margherita",7,19,12,1,2,1,"No 1, Lazum Block, Tiniali","No 1, Lazum Block, Tiniali",Tinsukia,,car_dealer,automotive,0.282258064516129,0.77,"[{""property"":"""",""dataset"":""meta"",""record_id"":""104323901836567"",""update_time"":""2025-01-06T00:00:00.000Z""}]","[{""property"":"""",""dataset"":""msft"",""record_id"":""1688849864078877"",""update_time"":""2025-01-06T00:00:00.000Z""}]",false,false,false,false,false,false,false,false
subset,descriptor,08f445c0410468040344947a33820152,Roosters,Rooster's Restaurant,8,20,12,1,2,1,2906 N State St,2906 N State St,Jackson,MS,american_restaurant,burger_restaurant,0.9962614185921548,0.77,"[{""property"":"""",""dataset"":""meta"",""record_id"":""160956173940444"",""update_time"":""2025-01-06T00:00:00.000Z""},{""property"":""/properties/existence"",""dataset"":""msft"",""record_id"":""562949958448565"",""update_time"":""2025-01-06T00:00:00.000Z""},{""property"":""/properties/existence"",""dataset"":""msft"",""record_id"":""562949956808327"",""update_time"":""2025-01-06T00:00:00.000Z""}]","[{""dataset"":""Microsoft"",""record_id"":""562949956808327"",""update_time"":""2019-12-31T06:00:53.177"",""confidence"":0.77}]",false,false,false,false,false,false,false,false
subset,descriptor,08f44a10427aa30403ae784f848c6402,KIDZ Pediatric Gastroenterology & Nutrition,KIDZ Pediatric Gastroenterology,43,31,-12,5,3,-2,3800 Johnson St Ste J,3800 Johnson St Ste J,Hollywood,FL,pediatrician,pediatrician,0.77,0.77,"[{""property"":"""",""dataset"":""msft"",""record_id"":""562949962386335"",""update_time"":""2025-01-06T00:00:00.000Z""},{""property"":""/properties/existence"",""dataset"":""msft"",""record_id"":""1125899910497659"",""update_time"":""2025-01-06T00:00:00.000Z""}]","[{""dataset"":""Microsoft"",""record_id"":""1125899910497659"",""update_time"":""2024-05-14T16:21:01.103"",""confidence"":0.77}]",false,false,false,false,false,false,false,false
subset,descriptor,08f498c9acd70c4003a8557a61210d68,Casa de la Cultura,Casa de la Cultura Zapotlanejo,18,30,12,4,5,1,Porfirio Díaz 40,Porfirio Díaz,,,cultural_center,Community and Government > Cultural Center,0.9645127118644068,1.0,"[{""property"":"""",""dataset"":""meta"",""record_id"":""183193062222446"",""update_time"":""2025-01-06T08:00:00.000Z"",""confidence"":0.9645127118644068}]","[{""property"":"""",""dataset"":""FourSquare"",""record_id"":""4ee2dab5e30005f8b6561af8"",""update_time"":""2020-11-25T00:00:00.000"",""confidence"":1.0}]",false,false,false,false,false,false,false,false
subset,descriptor,08f4995aa84f0d75038401e2fa4a691c,EUCOMEX | Tultitlán,Eucomex,19,7,-12,3,1,-2,Vía José López Portillo 69,Lopez Portillo 69,Tultitlán,,building_supply_store,Business and Professional Services > Distribution Center,0.9908651262761956,1.0,"[{""property"":"""",""dataset"":""meta"",""record_id"":""1066103496733169"",""update_time"":""2025-01-06T08:00:00.000Z"",""confidence"":0.9908651262761956}]","[{""property"":"""",""dataset"":""FourSquare"",""record_id"":""53ee3c31498ebbbeb837bf71"",""update_time"":""2024-01-03T00:00:00.000"",""confidence"":1.0}]",false,false,false,false,false,false,false,false
subset,descriptor,08f49a2aca01963603f875250041dd50,El marlin isla ixtapa,El Marlin,21,9,-12,4,2,-2,,,,,seafood_restaurant,Dining and Drinking > Restaurant > Seafood Restaurant,0.9837452982267598,1.0,"[{""property"":"""",""dataset"":""meta"",""record_id"":""398328466967506"",""update_time"":""2025-01-06T08:00:00.000Z"",""confidence"":0.9837452982267598}]","[{""property"":"""",""dataset"":""FourSquare"",""record_id"":""524f056111d2d6ad072a9e88"",""update_time"":""2021-08-13T00:00:00.000"",""confidence"":1.0}]",false,false,false,false,false,false,false,false
subset,descriptor,08f4cc5509061ad303a7130f7c630b8f,Rent-A-Center Puerto Rico,Rent-A-Center,25,13,-12,3,1,-2,685 Avenida Emerito Estrada Rivera,"1300 Avenida Emerito Estrada Rivera, N 685",San Sebastián,,furniture_store,retail,0.9523423423423424,0.77,"[{""property"":"""",""dataset"":""meta"",""record_id"":""506500350152936"",""update_time"":""2025-01-06T00:00:00.000Z""},{""property"":""/properties/existence"",""dataset"":""msft"",""record_id"":""2251799821385266"",""update_time"":""2025-01-06T00:00:00.000Z""},{""property"":""/properties/existence"",""dataset"":""msft"",""record_id"":""2251799821383746"",""update_time"":""2025-01-06T00:00:00.000Z""},{""property"":""/properties/existence"",""dataset"":""msft"",""record_id"":""2251799821382856"",""update_time"":""2025-01-06T00:00:00.000Z""},{""property"":""/properties/existence"",""dataset"":""msft"",""record_id"":""2251799821377894"",""update_time"":""2025-01-06T00:00:00.000Z""},{""property"":""/properties/existence"",""dataset"":""msft"",""record_id"":""2251799821374863"",""update_time"":""2025-01-06T00:00:00.000Z""}]","[{""dataset"":""Microsoft"",""record_id"":""2251799821383746"",""update_time"":""2024-11-28T07:32:09.75"",""confidence"":0.77}]",false,false,false,false,false,false,false,false
subset,descriptor,08f651b06c358dad03681f7c98304824,บ้านพักชายทุ่งรีสอร์ท ตรัง,บ้านพักชายทุ่ง,26,14,-12,2,1,-1,,,,,resort,Travel and Transportation > Lodging > Resort,0.7927927927927928,1.0,"[{""property"":"""",""dataset"":""meta"",""record_id"":""159451550899040"",""update_time"":""2025-01-06T08:00:00.000Z"",""confidence"":0.7927927927927928}]","[{""property"":"""",""dataset"":""FourSquare"",""record_id"":""514911d0e4b04f83fefab8a0"",""update_time"":""2020-11-30T00:00:00.000"",""confidence"":1.0}]",false,false,false,false,false,false,false,false
subset,descriptor,08f8046b33a19034031f037413034d3f,Hotel Farol - Mosqueiro,Hotel Farol,23,11,-12,4,2,-2,"Pç. Princesa Izabel, 3295","Pç. Princesa Izabel, 3295",Belém,PA,hotel,Travel and Transportation > Lodging > Hotel,0.7927927927927928,1.0,"[{""property"":"""",""dataset"":""meta"",""record_id"":""225539320838865"",""update_time"":""2025-01-06T08:00:00.000Z"",""confidence"":0.7927927927927928}]","[{""property"":"""",""dataset"":""FourSquare"",""record_id"":""4bb779a6314e9521bd25479d"",""update_time"":""2024-07-02T00:00:00.000"",""confidence"":1.0}]",false,false,false,false,false,false,false,false
subset,descriptor,08fa8100cea2451403ce0228989da067,Combat Club - São Paulo,Combat Club,23,11,-12,5,2,-3,"Rua Brigadeiro Galvão, 854","Rua Brigadeiro Galvão, 454",São Paulo,SP,martial_arts_club,Sports and Recreation > Martial Arts Dojo,0.6214335421016005,1.0,"[{""property"":"""",""dataset"":""meta"",""record_id"":""108335945900234"",""update_time"":""2025-01-06T08:00:00.000Z"",""confidence"":0.6214335421016005}]","[{""property"":"""",""dataset"":""FourSquare"",""record_id"":""550756bb498ec569ec7d3d8d"",""update_time"":""2024-07-02T00:00:00.000"",""confidence"":1.0}]",false,false,false,false,false,false,false,false
subset,descriptor,08fc99348d15b1b60334905403e7ce3d,West Coast Hifi,West Coast Hi-Fi Rockingham,15,27,12,3,4,1,4-6 Commodore Dr,4/4 Cessnock Way,Rockingham,WA,home_theater_systems_stores,home_theater_systems_stores,0.9962614185921548,0.77,"[{""property"":"""",""dataset"":""meta"",""record_id"":""259778574896440"",""update_time"":""2025-01-06T00:00:00.000Z""},{""property"":""/properties/existence"",""dataset"":""msft"",""record_id"":""844424932908666"",""update_time"":""2025-01-06T00:00:00.000Z""},{""property"":""/properties/existence"",""dataset"":""msft"",""record_id"":""1688849865762582"",""update_time"":""2025-01-06T00:00:00.000Z""},{""property"":""/properties/existence"",""dataset"":""msft"",""record_id"":""1407374888328241"",""update_time"":""2025-01-06T00:00:00.000Z""}]","[{""dataset"":""Microsoft"",""record_id"":""1407374888328241"",""update_time"":""2021-11-22T06:42:32.003"",""confidence"":0.77}]",false,false,false,false,false,false,false,false
subset,descriptor,1125899910750863,Uptown Cheapskate Johns Creek,Uptown Cheapskate,29,17,-12,4,2,-2,5900 State Bridge Rd Ste A1,5900 State Bridge Rd Ste A1,Johns Creek,GA,t_shirt_store,t_shirt_store,0.77,0.77,"[{""dataset"":""Microsoft"",""record_id"":""1125899910750863"",""update_time"":""2024-03-25T09:35:05.34"",""confidence"":0.77}]","[{""dataset"":""Microsoft"",""record_id"":""844424933293355"",""update_time"":""2022-04-06T10:40:41.32"",""confidence"":0.77}]",false,false,false,false,false,false,false,false
subset,descriptor,1125899911628345,Walmart Supercenter,Walmart,19,7,-12,2,1,-1,7075 W Wheatland Rd,7075 W Wheatland Rd,Dallas,TX,department_store,mobile_phone_repair,0.77,0.77,"[{""dataset"":""Microsoft"",""record_id"":""1125899911628345"",""update_time"":""2023-05-10T00:53:08.66"",""confidence"":0.77}]","[{""dataset"":""Microsoft"",""record_id"":""1125899911672521"",""update_time"":""2023-05-10T01:56:04.923"",""confidence"":0.77}]",false,false,false,false,false,false,false,false
subset,descriptor,1125899911666117,Walmart,Walmart Supercenter,7,19,12,1,2,1,730 US Highway 66 E,730 US Highway 66 E,Tell City,IN,restaurant,department_store,0.77,0.77,"[{""dataset"":""Microsoft"",""record_id"":""1125899911666117"",""update_time"":""2023-05-10T01:16:23.467"",""confidence"":0.77}]","[{""dataset"":""Microsoft"",""record_id"":""1407374885201017"",""update_time"":""2024-12-30T18:52:44.01"",""confidence"":0.77}]",false,false,false,false,false,false,false,false
subset,descriptor,1407374885189080,Walmart,Walmart Supercenter,7,19,12,1,2,1,5730 W Amarillo Blvd,5730 W Amarillo Blvd,Amarillo,TX,photography_store_and_services,department_store,0.77,0.77,"[{""dataset"":""Microsoft"",""record_id"":""1407374885189080"",""update_time"":""2024-12-30T18:18:22.57"",""confidence"":0.77}]","[{""dataset"":""Microsoft"",""record_id"":""562949955142957"",""update_time"":""2015-05-15T09:03:24.05"",""confidence"":0.77}]",false,false,false,false,false,false,false,false
subset,descriptor,1407374885201144,Walmart Supercenter,Walmart,19,7,-12,2,1,-1,2525 US Highway 70 SE,2525 US Highway 70 SE,Hickory,NC,department_store,restaurant,0.77,0.77,"[{""dataset"":""Microsoft"",""record_id"":""1407374885201144"",""update_time"":""2024-12-30T18:47:48.927"",""confidence"":0.77}]","[{""dataset"":""Microsoft"",""record_id"":""1407374885272353"",""update_time"":""2024-12-30T17:32:46.077"",""confidence"":0.77}]",false,false,false,false,false,false,false,false
subset,descriptor,1407374888896049,Walmart,Walmart Supercenter,7,19,12,1,2,1,135 Stoneridge Dr,135 Stoneridge Dr,Ruckersville,VA,retail,department_store,0.77,0.77,"[{""dataset"":""Microsoft"",""record_id"":""1407374888896049"",""update_time"":""2024-12-12T07:47:22.16"",""confidence"":0.77}]","[{""dataset"":""Microsoft"",""record_id"":""562949955141094"",""update_time"":""2015-05-15T09:02:00.91"",""confidence"":0.77}]",false,false,false,false,false,false,false,false
subset,descriptor,1407374889079603,Walmart,Walmart Supercenter,7,19,12,1,2,1,1913 Highway 45 N,1913 Highway 45 N,Columbus,MS,automotive,department_store,0.77,0.77,"[{""dataset"":""Microsoft"",""record_id"":""1407374889079603"",""update_time"":""2024-02-12T07:18:08.367"",""confidence"":0.77}]","[{""dataset"":""Microsoft"",""record_id"":""562949955141571"",""update_time"":""2015-05-15T09:02:18.477"",""confidence"":0.77}]",false,false,false,false,false,false,false,false
subset,descriptor,1407374891120618,Norfolk Royale Hotel,Norfolk Royale Hotel Bournemouth,20,32,12,3,4,1,Richmond Hill,Richmond Hill,Bournemouth,Bournemouth,resort,resort,0.77,0.77,"[{""dataset"":""Microsoft"",""record_id"":""1407374891120618"",""update_time"":""2024-12-25T07:18:46.173"",""confidence"":0.77}]","[{""dataset"":""Microsoft"",""record_id"":""844424934871469"",""update_time"":""2024-09-13T10:19:41.61"",""confidence"":0.77}]",false,false,false,false,false,false,false,false
subset,descriptor,2251799814046837,Applebee's,Applebee's Grill + Bar,10,22,12,1,4,3,4203 Winnetka Ave N,4203 Winnetka Ave N,New Hope,MN,pub,pub,0.77,0.77,"[{""dataset"":""Microsoft"",""record_id"":""2251799814046837"",""update_time"":""2015-04-15T21:05:50.753"",""confidence"":0.77}]","[{""dataset"":""Microsoft"",""record_id"":""844424932275445"",""update_time"":""2024-12-27T20:10:54.637"",""confidence"":0.77}]",false,false,false,false,false,false,false,false
subset,descriptor,2251799821514759,Giant Eagle,Giant Eagle Supermarket,11,23,12,2,3,1,3701 State Route 88,3701 State Route 88,Finleyville,PA,pharmacy,supermarket,0.77,0.77,"[{""dataset"":""Microsoft"",""record_id"":""2251799821514759"",""update_time"":""2024-12-27T12:51:46.003"",""confidence"":0.77}]","[{""dataset"":""Microsoft"",""record_id"":""844424932099356"",""update_time"":""2022-12-22T13:53:52.09"",""confidence"":0.77}]",false,false,false,false,false,false,false,false
subset,descriptor,2251799821514825,Giant Eagle,Giant Eagle Supermarket,11,23,12,2,3,1,9805 Mcknight Rd,9805 Mcknight Rd,Pittsburgh,PA,pharmacy,drugstore,0.77,0.77,"[{""dataset"":""Microsoft"",""record_id"":""2251799821514825"",""update_time"":""2024-12-27T12:52:09.537"",""confidence"":0.77}]","[{""dataset"":""Microsoft"",""record_id"":""844424930416697"",""update_time"":""2012-02-08T11:16:36.03"",""confidence"":0.77}]",false,false,false,false,false,false,false,false
subset,descriptor,08f194a820c80805034a0e3999914078,St Michaels Church of England Infant School,St Michael's Church of England Infant School Maidstone,43,54,11,7,8,1,Douglas Rd,Douglas Rd,,,elementary_school,Community and Government > Education > Primary and Secondary School > Elementary School,0.9837452982267598,1.0,"[{""property"":"""",""dataset"":""meta"",""record_id"":""148087752198109"",""update_time"":""2025-01-06T08:00:00.000Z"",""confidence"":0.9837452982267598}]","[{""property"":"""",""dataset"":""FourSquare"",""record_id"":""1184b102c26c4e490f69a4b2"",""update_time"":""2024-10-09T00:00:00.000"",""confidence"":1.0}]",false,false,false,false,false,false,false,false
subset,descriptor,08f1e8047491b82203dfd0297fbad6de,Cacciani Ristorante,Cacciani,19,8,-11,2,1,-1,"Via Armando Diaz, 13",Via Armando Diaz 15 15,Frascati,62,italian_restaurant,Dining and Drinking > Restaurant > Fast Food Restaurant,0.9645127118644068,1.0,"[{""property"":"""",""dataset"":""meta"",""record_id"":""126292367428855"",""update_time"":""2025-01-06T08:00:00.000Z"",""confidence"":0.9645127118644068}]","[{""property"":"""",""dataset"":""FourSquare"",""record_id"":""b24f2d863f814ff8ff3ea757"",""update_time"":""2024-07-03T00:00:00.000"",""confidence"":1.0}]",false,false,false,false,false,false,false,false
subset,descriptor,08f1f03b0dc94056035f06ff7b194d4a,Innovent GmbH Greifswald,Innovent GmbH,24,13,-11,3,2,-1,Baustraße 32,Baustr. 32,Greifswald,,information_technology_company,Business and Professional Services > Security and Safety,0.9467515923566879,1.0,"[{""property"":"""",""dataset"":""meta"",""record_id"":""100846832237221"",""update_time"":""2025-01-06T08:00:00.000Z"",""confidence"":0.9467515923566879}]","[{""property"":"""",""dataset"":""FourSquare"",""record_id"":""8529e582c7f641aedce40af2"",""update_time"":""2023-12-03T00:00:00.000"",""confidence"":1.0}]",false,false,false,true,false,false,false,false
subset,descriptor,08f1f1a9ab72151e0395f93e968c61b9,Aral,ARAL Tankstelle,4,15,11,1,2,1,Volkmannstraße 19,Volkmannstr. 19,Halle (Saale),,gas_station,gas_station,0.9918379237288135,0.77,"[{""property"":"""",""dataset"":""meta"",""record_id"":""214555258574811"",""update_time"":""2025-01-06T00:00:00.000Z""},{""property"":""/properties/existence"",""dataset"":""msft"",""record_id"":""1407374889539614"",""update_time"":""2025-01-06T00:00:00.000Z""},{""property"":""/properties/existence"",""dataset"":""msft"",""record_id"":""1407374884707818"",""update_time"":""2025-01-06T00:00:00.000Z""}]","[{""dataset"":""Microsoft"",""record_id"":""1407374889539614"",""update_time"":""2024-12-21T19:15:49.953"",""confidence"":0.77}]",false,false,false,false,false,false,false,false
subset,descriptor,08f1f8eb30a4962d0314c131404d68cc,Hauptfriedhof Ravensburg,Hauptfriedhof,24,13,-11,2,1,-1,Friedhofstraße 37,Friedhofstrasse,Ravensburg,,public_service_and_government,Community and Government > Cemetery,0.9467515923566879,1.0,"[{""property"":"""",""dataset"":""meta"",""record_id"":""280941475685489"",""update_time"":""2025-01-06T08:00:00.000Z"",""confidence"":0.9467515923566879}]","[{""property"":"""",""dataset"":""FourSquare"",""record_id"":""4c0a2a64a1b32d7f05de98f0"",""update_time"":""2020-11-25T00:00:00.000"",""confidence"":1.0}]",false,false,false,false,false,false,false,false
subset,descriptor,08f1f91ac245659b038927a04bb21a00,Victoria coiffure,Victoria Coiffure Florissant,17,28,11,2,3,1,Route de Florissant 62,Route de Florissant 62,Genève,Geneva,beauty_product_supplier,beauty_product_supplier,0.77,0.77,"[{""property"":"""",""dataset"":""msft"",""record_id"":""562949963851999"",""update_time"":""2025-01-06T00:00:00.000Z""},{""property"":""/properties/existence"",""dataset"":""msft"",""record_id"":""281474980816525"",""update_time"":""2025-01-06T00:00:00.000Z""}]","[{""dataset"":""Microsoft"",""record_id"":""281474980816525"",""update_time"":""2024-10-02T11:46:27.713"",""confidence"":0.77}]",false,false,false,false,false,false,false,false
subset,descriptor,08f2661b2228b3990350416b04e58e61,Hollyhock Hill,Hollyhock Hill Restaurant,14,25,11,2,3,1,8110 N College Ave,8110 N College Ave,Indianapolis,IN,chicken_restaurant,chicken_restaurant,0.9962614185921548,0.77,"[{""property"":"""",""dataset"":""meta"",""record_id"":""142551169910"",""update_time"":""2025-01-06T00:00:00.000Z""},{""property"":""/properties/existence"",""dataset"":""msft"",""record_id"":""1125899907016311"",""update_time"":""2025-01-06T00:00:00.000Z""}]","[{""dataset"":""Microsoft"",""record_id"":""1125899907016311"",""update_time"":""2013-01-29T01:11:28.203"",""confidence"":0.77}]",false,false,false,false,false,false,false,false
subset,descriptor,08f268cc1bab618403bf8f2c6e189353,En-spire Nutrition,En-spire Nutrition Centennial,18,29,11,2,3,1,8168 S Holly St,8168 S Holly St Ste B,Centennial,CO,cafe,cafe,0.9962614185921548,0.77,"[{""property"":"""",""dataset"":""meta"",""record_id"":""116862824320609"",""update_time"":""2025-01-06T00:00:00.000Z""},{""property"":""/properties/existence"",""dataset"":""msft"",""record_id"":""1688849865659825"",""update_time"":""2025-01-06T00:00:00.000Z""}]","[{""dataset"":""Microsoft"",""record_id"":""1688849865659825"",""update_time"":""2024-12-13T19:18:25.907"",""confidence"":0.77}]",false,false,false,false,false,false,false,false
subset,descriptor,08f274dac432a46d0350a0c30ee88636,Clarkston High School Natatorium,Clarkston High School,32,21,-11,4,3,-1,6093 Flemings Lake Rd,6093 Fleming Lake Rd,Clarkston,MI,swimming_pool,Community and Government > Education > Primary and Secondary School > High School,0.6214335421016005,1.0,"[{""property"":"""",""dataset"":""meta"",""record_id"":""198840453989327"",""update_time"":""2025-01-06T08:00:00.000Z"",""confidence"":0.6214335421016005}]","[{""property"":"""",""dataset"":""FourSquare"",""record_id"":""4ba8c0e4f964a52049ec39e3"",""update_time"":""2024-10-25T00:00:00.000"",""confidence"":1.0}]",false,false,false,false,false,false,false,false
subset,descriptor,08f29a5792d46a5d0335edaa218f3095,The Breakwater,The Breakwater Apartments,14,25,11,2,3,1,16761 Viewpoint Ln,16761 Viewpoint Ln,Huntington Beach,CA,landmark_and_historical_building,rental_services,0.9919372693726938,0.77,"[{""property"":"""",""dataset"":""meta"",""record_id"":""158643730834811"",""update_time"":""2025-01-06T00:00:00.000Z""},{""property"":""/properties/existence"",""dataset"":""msft"",""record_id"":""2251799820734206"",""update_time"":""2025-01-06T00:00:00.000Z""},{""property"":""/properties/existence"",""dataset"":""msft"",""record_id"":""1688849866346899"",""update_time"":""2025-01-06T00:00:00.000Z""},{""property"":""/properties/existence"",""dataset"":""msft"",""record_id"":""1407374885860410"",""update_time"":""2025-01-06T00:00:00.000Z""}]","[{""dataset"":""Microsoft"",""record_id"":""1407374885860410"",""update_time"":""2019-02-05T20:45:00.563"",""confidence"":0.77}]",false,false,false,false,false,false,false,false
subset,descriptor,08f3c0acd08b018503aa77c1d93d56e0,Sikkim Lit Travel,Sikkim,17,6,-11,3,1,-2,"Tibet Rd, above Mahatma Gandhi Marg",gangtok,,,travel_services,tours,0.9445655559015883,0.23154848046309695,"[{""property"":"""",""dataset"":""meta"",""record_id"":""100327638250551"",""update_time"":""2025-01-06T00:00:00.000Z""}]","[{""property"":"""",""dataset"":""meta"",""record_id"":""259752750897236"",""update_time"":""2025-01-06T00:00:00.000Z""}]",false,false,false,false,false,false,false,false
subset,descriptor,08f441a5a3b7474903f72b79ec32b831,Presto! ATM,Presto! ATM at Publix®,11,22,11,2,4,2,1617 US Hwy 98 S,1617 Bartow Rd,Lakeland,FL,atms,Business and Professional Services > Financial Service > Banking and Finance > ATM,0.77,1.0,"[{""property"":"""",""dataset"":""Microsoft"",""record_id"":""562949966594361"",""update_time"":""2024-11-29T16:44:20.250Z"",""confidence"":0.77}]","[{""property"":"""",""dataset"":""FourSquare"",""record_id"":""605a0e9304ef614ce768607a"",""update_time"":""2024-10-11T00:00:00.000"",""confidence"":1.0}]",false,false,false,false,false,false,false,false
subset,descriptor,08f441ac5028341503f0b847ac0f6f93,AdventHealth Medical Group Primary Care,AdventHealth Medical Group Primary Care at Brandon,39,50,11,5,7,2,428 W Brandon Blvd,428 W Brandon Blvd,Brandon,FL,hospital,hospital,0.9895134099616858,0.77,"[{""property"":"""",""dataset"":""meta"",""record_id"":""1503174613272807"",""update_time"":""2025-01-06T00:00:00.000Z""},{""property"":""/properties/existence"",""dataset"":""msft"",""record_id"":""844424932700862"",""update_time"":""2025-01-06T00:00:00.000Z""},{""property"":""/properties/existence"",""dataset"":""msft"",""record_id"":""281474980447971"",""update_time"":""2025-01-06T00:00:00.000Z""},{""property"":""/properties/existence"",""dataset"":""msft"",""record_id"":""1970324841335065"",""update_time"":""2025-01-06T00:00:00.000Z""},{""property"":""/properties/existence"",""dataset"":""msft"",""record_id"":""1688849864431644"",""update_time"":""2025-01-06T00:00:00.000Z""},{""property"":""/properties/existence"",""dataset"":""msft"",""record_id"":""1688849864427556"",""update_time"":""2025-01-06T00:00:00.000Z""}]","[{""dataset"":""Microsoft"",""record_id"":""1688849864427556"",""update_time"":""2022-03-10T18:26:34.967"",""confidence"":0.77}]",false,false,false,false,false,false,false,false
subset,descriptor,08f44d54214c0cce03e447f9267ba21c,Doctors Care,Doctors Care - Bluffton,12,23,11,2,4,2,64 Bluffton Rd,64 Bluffton Rd,Bluffton,SC,family_practice,doctor,0.9962614185921548,0.77,"[{""property"":"""",""dataset"":""meta"",""record_id"":""152179564821842"",""update_time"":""2025-01-06T00:00:00.000Z""},{""property"":""/properties/existence"",""dataset"":""msft"",""record_id"":""844424930353633"",""update_time"":""2025-01-06T00:00:00.000Z""},{""property"":""/properties/existence"",""dataset"":""msft"",""record_id"":""1125899908250074"",""update_time"":""2025-01-06T00:00:00.000Z""}]","[{""dataset"":""Microsoft"",""record_id"":""1125899908250074"",""update_time"":""2019-06-19T17:05:59.55"",""confidence"":0.77}]",false,false,false,false,false,false,false,false
subset,descriptor,08f44dab6089a75303af67f5476d3276,United Promotions Inc,United Promotions Inc. Photo Lab,21,32,11,3,5,2,433 Lawton Rd,433 Lawton Rd,Charlotte,NC,event_photography,session_photography,0.9918379237288135,0.77,"[{""property"":"""",""dataset"":""meta"",""record_id"":""261683670573"",""update_time"":""2025-01-06T00:00:00.000Z""},{""property"":""/properties/existence"",""dataset"":""msft"",""record_id"":""281474978289920"",""update_time"":""2025-01-06T00:00:00.000Z""}]","[{""dataset"":""Microsoft"",""record_id"":""281474978289920"",""update_time"":""2017-09-18T15:53:25.677"",""confidence"":0.77}]",false,false,true,false,false,false,false,false
subset,descriptor,08f44dd56d43591603a452809d5404e8,Mint House Greenville,Mint House Greenville - West End,21,32,11,3,6,3,366 Field St,366 Field St,Greenville,SC,accommodation,resort,0.9962614185921548,0.77,"[{""property"":"""",""dataset"":""meta"",""record_id"":""113490525127143"",""update_time"":""2025-01-06T00:00:00.000Z""},{""property"":""/properties/existence"",""dataset"":""msft"",""record_id"":""562949964771610"",""update_time"":""2025-01-06T00:00:00.000Z""},{""property"":""/properties/existence"",""dataset"":""msft"",""record_id"":""1407374890284560"",""update_time"":""2025-01-06T00:00:00.000Z""}]","[{""dataset"":""Microsoft"",""record_id"":""1407374890284560"",""update_time"":""2024-04-03T16:26:21.47"",""confidence"":0.77}]",false,false,false,false,false,false,false,false
subset,descriptor,08f480ed2a9104a5037b439530e74fc0,Circo Rolex los Mochis,Circo Rolex,22,11,-11,4,2,-2,,,,,circus,Arts and Entertainment > Circus,0.23154848046309695,1.0,"[{""property"":"""",""dataset"":""meta"",""record_id"":""555120988255665"",""update_time"":""2025-01-06T08:00:00.000Z"",""confidence"":0.23154848046309695}]","[{""property"":"""",""dataset"":""FourSquare"",""record_id"":""53700f44498eea7a96a1ebae"",""update_time"":""2021-08-13T00:00:00.000"",""confidence"":1.0}]",false,false,false,false,false,false,false,false
subset,descriptor,08f485e72235e01c030884cbad7f7a27,Florería Rosa Pastel,Florería Rosa Pastel P. Peñasco,20,31,11,3,5,2,"Calle Constitución, De la Reforma,",avenida Constitución,Puerto Peñasco,,flowers_and_gifts_shop,Retail > Flower Store,0.48103896103896104,1.0,"[{""property"":"""",""dataset"":""meta"",""record_id"":""431247873396014"",""update_time"":""2025-01-06T08:00:00.000Z"",""confidence"":0.48103896103896104}]","[{""property"":"""",""dataset"":""FourSquare"",""record_id"":""66fa4659bf5ec137c2b2bfd5"",""update_time"":""2024-09-30T00:00:00.000"",""confidence"":1.0}]",false,false,false,false,false,false,false,false
subset,descriptor,08f48ebb4851970903f9e70e6c491185,Indigo,Indigo Apartments,6,17,11,1,2,1,16160 S 50th St,16160 S 50th St,Phoenix,AZ,accommodation,rental_services,0.997898979043525,0.77,"[{""property"":"""",""dataset"":""meta"",""record_id"":""353329834853141"",""update_time"":""2025-01-06T00:00:00.000Z""},{""property"":""/properties/existence"",""dataset"":""msft"",""record_id"":""1407374886861755"",""update_time"":""2025-01-06T00:00:00.000Z""},{""property"":""/properties/existence"",""dataset"":""msft"",""record_id"":""1407374886832278"",""update_time"":""2025-01-06T00:00:00.000Z""}]","[{""dataset"":""Microsoft"",""record_id"":""1407374886832278"",""update_time"":""2020-08-17T17:54:35.247"",""confidence"":0.77}]",false,false,false,false,false,false,false,false
subset,descriptor,08f4994ad3c503850306c9d333477529,Suspensiones México Semi Nuevo,Suspensiones México,30,19,-11,4,2,-2,Avenida Reforma Sur 2512,Av. Reforma,Puebla,,automotive_parts_and_accessories,Business and Professional Services > Automotive Service > Automotive Repair Shop,0.9837452982267598,1.0,"[{""property"":"""",""dataset"":""meta"",""record_id"":""161825457210071"",""update_time"":""2025-01-06T08:00:00.000Z"",""confidence"":0.9837452982267598}]","[{""property"":"""",""dataset"":""FourSquare"",""record_id"":""514c84cbe4b087f8f6420720"",""update_time"":""2023-12-21T00:00:00.000"",""confidence"":1.0}]",false,false,false,false,false,false,false,false
subset,descriptor,08f4995b8b14a09003421c303ebeea28,Servicio Condesa de Zacatecas,Servicio Condesa de Zacatecas Est. 13915,29,40,11,4,6,2,Avenida Santa Rosa 3,Av. Santa Rosa 1,Tlalnepantla de Baz,,gas_station,Travel and Transportation > Fuel Station,0.6214335421016005,1.0,"[{""property"":"""",""dataset"":""meta"",""record_id"":""115131333721771"",""update_time"":""2025-01-06T08:00:00.000Z"",""confidence"":0.6214335421016005}]","[{""property"":"""",""dataset"":""FourSquare"",""record_id"":""4eaedd324690615f2730ed1b"",""update_time"":""2023-09-13T00:00:00.000"",""confidence"":1.0}]",false,true,false,false,false,false,false,false
subset,descriptor,08f8c1079ca48d89034fc39344737333,PT. Bayu Maritim Berkah - Offshore,PT. Bayu Maritim Berkah,34,23,-11,6,4,-2,"21, Jalan Tambak",Jalan Tambak No. 21A-B,Jakarta,,event_planning,Business and Professional Services > Office,0.6214335421016005,1.0,"[{""property"":"""",""dataset"":""meta"",""record_id"":""1605013296496039"",""update_time"":""2025-01-06T08:00:00.000Z"",""confidence"":0.6214335421016005}]","[{""property"":"""",""dataset"":""FourSquare"",""record_id"":""53dafe2b498e688828eeaeca"",""update_time"":""2024-07-15T00:00:00.000"",""confidence"":1.0}]",false,false,false,false,false,false,false,false
subset,descriptor,08fa81025946ecc103d1b16a27945070,Vepakum Embalagens,Vepakum,18,7,-11,2,1,-1,"Rua Solaris, 265",Rua Solaris,Cabreúva,SP,industrial_company,Landmarks and Outdoors > Structure,0.9385113268608414,1.0,"[{""property"":"""",""dataset"":""meta"",""record_id"":""436034693165157"",""update_time"":""2025-01-06T08:00:00.000Z"",""confidence"":0.9385113268608414}]","[{""property"":"""",""dataset"":""FourSquare"",""record_id"":""5213b89511d2600b0c5d8bfd"",""update_time"":""2024-02-28T00:00:00.000"",""confidence"":1.0}]",false,false,false,false,false,false,false,false
subset,descriptor,08fa81070968a62c03384b06a272951c,Recolast Ambiental Engenharia,Recolast Ambiental,29,18,-11,3,2,-1,"Rua São Paulo de Oliveira, 587","Rua do Gaivota Preta, 201",Guarulhos,SP,industrial_equipment,Business and Professional Services > Factory,0.48103896103896104,1.0,"[{""property"":"""",""dataset"":""meta"",""record_id"":""215829951894870"",""update_time"":""2025-01-06T08:00:00.000Z"",""confidence"":0.48103896103896104}]","[{""property"":"""",""dataset"":""FourSquare"",""record_id"":""5124a8b5e4b04323e3dc2fa4"",""update_time"":""2024-02-28T00:00:00.000"",""confidence"":1.0}]",false,false,false,false,false,false,false,false
subset,descriptor,08fa813a58cca8cc03eb835705351e93,Pilequinho Pizza Lego,Pilequinho,21,10,-11,3,1,-2,"Rua Adhemar de Barros, 923","R. Dr. Adhemar de Barros, 923",Artur Nogueira,SP,pizza_restaurant,Dining and Drinking > Restaurant,0.2009132420091324,1.0,"[{""property"":"""",""dataset"":""meta"",""record_id"":""236229283174170"",""update_time"":""2025-01-06T08:00:00.000Z"",""confidence"":0.2009132420091324}]","[{""property"":"""",""dataset"":""FourSquare"",""record_id"":""4d4b4495f077a0938957ff86"",""update_time"":""2023-06-15T00:00:00.000"",""confidence"":1.0}]",false,false,false,false,false,false,false,false
subset,descriptor,08fa822010a830b2037f3c0c62de33fa,Cantão do Garimpo,Cantão,17,6,-11,3,1,-2,"Rua Antônio José Corrêa, 366",Rua Antônio José Corrêa 366,Rio Negro,PR,furniture_store,retail,0.9858576051779935,0.77,"[{""property"":"""",""dataset"":""meta"",""record_id"":""677348206069591"",""update_time"":""2025-01-06T00:00:00.000Z""},{""property"":""/properties/existence"",""dataset"":""msft"",""record_id"":""844424931207386"",""update_time"":""2025-01-06T00:00:00.000Z""}]","[{""dataset"":""Microsoft"",""record_id"":""1688849863534097"",""update_time"":""2024-12-23T17:06:24.763"",""confidence"":0.77}]",false,false,false,false,false,false,false,false
subset,descriptor,1125899908355011,The Fairways at San Marcos,The Fairways at San Marcos Apartments,26,37,11,5,6,1,777 W Chandler Blvd,777 W Chandler Blvd,Chandler,AZ,apartments,apartments,0.77,0.77,"[{""dataset"":""Microsoft"",""record_id"":""1125899908355011"",""update_time"":""2017-07-21T16:32:45.707"",""confidence"":0.77}]","[{""dataset"":""Microsoft"",""record_id"":""1688849865602441"",""update_time"":""2024-08-16T00:50:45.017"",""confidence"":0.77}]",false,false,false,false,false,false,false,false
subset,descriptor,1125899909228789,Abbington Landing Apartments,Abbington Landing,28,17,-11,3,2,-1,961 Marcus Dr,961 Marcus Dr,Newport News,VA,rental_services,rental_services,0.77,0.77,"[{""dataset"":""Microsoft"",""record_id"":""1125899909228789"",""update_time"":""2019-01-10T18:39:51.81"",""confidence"":0.77}]","[{""dataset"":""Microsoft"",""record_id"":""1970324837308203"",""update_time"":""2016-07-18T17:49:59.74"",""confidence"":0.77}]",false,false,false,false,false,false,false,false
subset,descriptor,1125899909900384,Mail Boxes Etc. Greenwich,Mail Boxes Etc,25,14,-11,4,3,-1,151 Trafalgar Rd,151 Trafalgar Rd,London,"",courier_and_delivery_services,courier_and_delivery_services,0.77,0.77,"[{""dataset"":""Microsoft"",""record_id"":""1125899909900384"",""update_time"":""2024-12-27T23:48:51.493"",""confidence"":0.77}]","[{""dataset"":""Microsoft"",""record_id"":""2251799818810366"",""update_time"":""2018-09-19T13:14:10.297"",""confidence"":0.77}]",false,false,false,false,false,false,false,false
subset,descriptor,1407374888623548,Elk River Medical,Elk River Medical Associates,17,28,11,3,4,1,150 Park Ave,150 Park Ave,Banner Elk,NC,internal_medicine,internal_medicine,0.77,0.77,"[{""dataset"":""Microsoft"",""record_id"":""1407374888623548"",""update_time"":""2024-12-03T18:04:04.767"",""confidence"":0.77}]","[{""dataset"":""Microsoft"",""record_id"":""2251799819242241"",""update_time"":""2021-05-31T19:40:16.93"",""confidence"":0.77}]",false,false,false,false,false,false,false,false
subset,descriptor,1970324837316343,"Fossil Store, Markville",Fossil Store,23,12,-11,3,2,-1,5000 Highway 7 East,"5000 Highway 7 East, #2125",Markham,ON,fashion_accessories_store,fashion_accessories_store,0.77,0.77,"[{""dataset"":""Microsoft"",""record_id"":""1970324837316343"",""update_time"":""2014-04-07T16:44:35.217"",""confidence"":0.77}]","[{""dataset"":""Microsoft"",""record_id"":""2251799819263615"",""update_time"":""2022-09-27T09:44:58.45"",""confidence"":0.77}]",false,false,false,false,false,false,false,false
subset,descriptor,08f08996aa19640503998575bf5e624f,Työväen Akatemia,Työväen Akatemian kirjasto,16,26,10,2,3,1,Vanha Turuntie 14,Vanha Turuntie 14,Kauniainen,,college_university,Community and Government > Education > Primary and Secondary School > High School,0.9962614185921548,1.0,"[{""property"":"""",""dataset"":""meta"",""record_id"":""126684400693040"",""update_time"":""2025-01-06T08:00:00.000Z"",""confidence"":0.9837452982267598},{""property"":""/properties/existence"",""dataset"":""Microsoft"",""record_id"":""562949961221561"",""update_time"":""2024-09-13T02:44:57.593Z"",""confidence"":0.77}]","[{""property"":"""",""dataset"":""FourSquare"",""record_id"":""5241491d2fc6be7c2d386bce"",""update_time"":""2024-07-11T00:00:00.000"",""confidence"":1.0}]",false,false,false,false,false,false,false,false
subset,descriptor,08f194814a0e6c5003fece081f4261a9,Le Buzz Sportsbar,le buzz,17,7,-10,3,2,-1,45 Rue Royale,45 rue Royale,Calais,,sports_bar,Dining and Drinking > Bar > Sports Bar,0.6214335421016005,1.0,"[{""property"":"""",""dataset"":""meta"",""record_id"":""190864437761582"",""update_time"":""2025-01-06T08:00:00.000Z"",""confidence"":0.6214335421016005}]","[{""property"":"""",""dataset"":""FourSquare"",""record_id"":""5373cf4b11d299bce1d15b7a"",""update_time"":""2024-07-02T00:00:00.000"",""confidence"":1.0}]",false,false,false,false,false,false,false,false
subset,descriptor,08f1ef5104568ad603ef63e57f135953,Auto Klinika d.o.o.,Auto Klinika doo Arandjelovac,19,29,10,3,4,1,Vozda Karadjordja 97,Улица Вожда Карађорђа 97,Aranđelovac,,auto_detailing,automotive_repair,0.48103896103896104,0.7927927927927928,"[{""property"":"""",""dataset"":""meta"",""record_id"":""247333218711303"",""update_time"":""2025-01-06T00:00:00.000Z""}]","[{""property"":"""",""dataset"":""meta"",""record_id"":""1804584599821796"",""update_time"":""2025-01-06T00:00:00.000Z""}]",false,false,false,false,false,false,false,false
subset,descriptor,08f1f1046938a0020354dde363732179,Die Goldschmiede,"Die Goldschmiede, Kaufmann",16,26,10,2,3,1,Scharrnstraße 4,Lange Str. 31,Lübbecke,,jewelry_store,Retail > Fashion Retail > Jewelry Store,0.9649446494464945,1.0,"[{""property"":"""",""dataset"":""meta"",""record_id"":""114852517451606"",""update_time"":""2025-01-06T08:00:00.000Z"",""confidence"":0.9649446494464945}]","[{""property"":"""",""dataset"":""FourSquare"",""record_id"":""a96f13dabde247918de3a821"",""update_time"":""2024-10-08T00:00:00.000"",""confidence"":1.0}]",false,false,false,false,false,false,false,false
subset,descriptor,08f1f66a8a38dac2031104017635f17c,Īriss Talsi SIA,Īriss,15,5,-10,3,1,-2,Jaunā iela 19,Jaunā iela 19,Talsi,,flowers_and_gifts_shop,Retail > Flower Store,0.48103896103896104,1.0,"[{""property"":"""",""dataset"":""meta"",""record_id"":""106706988043984"",""update_time"":""2025-01-06T08:00:00.000Z"",""confidence"":0.48103896103896104}]","[{""property"":"""",""dataset"":""FourSquare"",""record_id"":""50878811e4b0ac6b8a74a37f"",""update_time"":""2020-11-30T00:00:00.000"",""confidence"":1.0}]",false,false,false,false,false,false,false,false
subset,descriptor,08f1f8591a54d1a6035e577189f681fc,Möbel Martin,Möbel Martin GmbH & Co,12,22,10,2,5,3,Gewerbering 1,Gewerbering 0,Bexbach,,furniture_store,Retail > Furniture and Home Store,0.6214335421016005,1.0,"[{""property"":"""",""dataset"":""meta"",""record_id"":""235440123826320"",""update_time"":""2025-01-06T08:00:00.000Z"",""confidence"":0.6214335421016005}]","[{""property"":"""",""dataset"":""FourSquare"",""record_id"":""d32ccbb79cf54bf5ed281a8e"",""update_time"":""2024-10-08T00:00:00.000"",""confidence"":1.0}]",false,false,false,false,false,false,false,false
subset,descriptor,08f1fa9c03713c66030d89f31f09b808,Ewald Scheler,Ewald Scheler Bohrfirma,13,23,10,2,3,1,Pommernstr. 6,Pommernstr.  6,Coburg,Bayern,plumbing,Retail > Construction Supplies Store,0.77,1.0,"[{""property"":"""",""dataset"":""Microsoft"",""record_id"":""1407374890964372"",""update_time"":""2024-11-30T22:09:05.620Z"",""confidence"":0.77}]","[{""property"":"""",""dataset"":""FourSquare"",""record_id"":""5c91662916fa040039881ae9"",""update_time"":""2024-10-08T00:00:00.000"",""confidence"":1.0}]",false,false,false,false,false,false,false,false
subset,descriptor,08f1faeaa986b4dc03feafc3e5738e3c,CSL Plasma Frankfurt,CSL Plasma,20,10,-10,3,2,-1,Stiftstraße 9,Stiftstraße 9-17,Frankfurt am Main,,hospital,Health and Medicine > Medical Center,0.9962614185921548,1.0,"[{""property"":"""",""dataset"":""meta"",""record_id"":""166564273390220"",""update_time"":""2025-01-06T08:00:00.000Z"",""confidence"":0.9837452982267598},{""property"":""/properties/existence"",""dataset"":""Microsoft"",""record_id"":""2251799819263967"",""update_time"":""2021-09-15T01:45:34.237Z"",""confidence"":0.77}]","[{""property"":"""",""dataset"":""FourSquare"",""record_id"":""58f8b59dba4a644594a078bf"",""update_time"":""2024-10-08T00:00:00.000"",""confidence"":1.0}]",false,false,false,false,false,false,false,false
subset,descriptor,08f2a12050268a530324d17797694ac7,American Printing Unlimited,American Printing,27,17,-10,3,2,-1,201 Northampton St,102 Northampton Street,Easton,PA,printing_services,Business and Professional Services > Photography Service > Photography Lab,0.9837452982267598,1.0,"[{""property"":"""",""dataset"":""meta"",""record_id"":""605983832764294"",""update_time"":""2025-01-06T08:00:00.000Z"",""confidence"":0.9837452982267598}]","[{""property"":"""",""dataset"":""FourSquare"",""record_id"":""5165e498e4b02fa86380b8c4"",""update_time"":""2024-10-14T00:00:00.000"",""confidence"":1.0}]",false,false,false,false,false,false,false,false
subset,descriptor,08f2a9cae147308803ab0eca95c449e6,Charleston Civic Center Ice Arena,Charleston Civic Center,33,23,-10,5,3,-2,200 Civic Center Dr,200 Civic Center Dr,Charleston,WV,stadium_arena,Business and Professional Services > Convention Center,0.3941504178272981,1.0,"[{""property"":"""",""dataset"":""meta"",""record_id"":""116074068439757"",""update_time"":""2025-01-06T08:00:00.000Z"",""confidence"":0.39415041782729804}]","[{""property"":"""",""dataset"":""FourSquare"",""record_id"":""4b5745aef964a5209a2e28e3"",""update_time"":""2024-10-25T00:00:00.000"",""confidence"":1.0}]",false,false,false,false,false,false,false,false
subset,descriptor,08f2b012cc75b39b03fce7c942009cfc,Carter's,carter's | OshKosh,8,18,10,1,3,2,81 Hector Gate,81 Hector Gate,Halifax,NS,children's_clothing_store,Retail > Fashion Retail > Children's Clothing Store,0.9828411287205256,1.0,"[{""property"":"""",""dataset"":""meta"",""record_id"":""295701194195684"",""update_time"":""2025-01-06T08:00:00.000Z"",""confidence"":0.9253962118283726},{""property"":""/properties/existence"",""dataset"":""Microsoft"",""record_id"":""1407374890609927"",""update_time"":""2024-12-23T19:13:45.563Z"",""confidence"":0.77}]","[{""property"":"""",""dataset"":""FourSquare"",""record_id"":""566374f6498ef5071a308574"",""update_time"":""2024-06-13T00:00:00.000"",""confidence"":1.0}]",false,false,false,false,false,false,false,false
subset,descriptor,08f39040ce78ab8a034e94b26de55c37,Sofrapa,Sofrapa - Covilhã,7,17,10,1,3,2,Parque Industrial Covilhã Lote A-5,Parque Industrial Covilhã Lote A-5,,,automotive_repair,oil_and_gas,0.9895134099616858,0.77,"[{""property"":"""",""dataset"":""meta"",""record_id"":""101024555347488"",""update_time"":""2025-01-06T00:00:00.000Z""},{""property"":""/properties/existence"",""dataset"":""msft"",""record_id"":""844424934866947"",""update_time"":""2025-01-06T00:00:00.000Z""}]","[{""dataset"":""Microsoft"",""record_id"":""844424934866947"",""update_time"":""2024-12-18T18:47:40.573"",""confidence"":0.77}]",false,false,false,false,false,false,false,false
subset,descriptor,08f39681594056e00345f6e73363ac46,Pole Dance avec Moi Marseille,POLE DANCE AVEC MOI,29,19,-10,5,4,-1,207 Route des Trois Lucs à la Valentine,207 Route des Trois Lucs à la Valentine,Marseille,,dance_school,Sports and Recreation > Gym and Studio > Dance Studio,0.7927927927927928,1.0,"[{""property"":"""",""dataset"":""meta"",""record_id"":""270322852983230"",""update_time"":""2025-01-06T08:00:00.000Z"",""confidence"":0.7927927927927928}]","[{""property"":"""",""dataset"":""FourSquare"",""record_id"":""5c66f02a95a722002cbc4eb2"",""update_time"":""2024-07-03T00:00:00.000"",""confidence"":1.0}]",false,false,false,false,false,false,false,false
subset,descriptor,08f4455b18292962038cf1d967671225,Andy Allain - Thrivent Financial,Andy Allain - Thrivent,32,22,-10,5,4,-1,2594 Front St,2594 Front St,Slidell,LA,financial_service,Business and Professional Services > Financial Service,0.48103896103896104,1.0,"[{""property"":"""",""dataset"":""meta"",""record_id"":""1160888767267940"",""update_time"":""2025-01-06T08:00:00.000Z"",""confidence"":0.48103896103896104}]","[{""property"":"""",""dataset"":""FourSquare"",""record_id"":""5a826a47acb00b3ee5234862"",""update_time"":""2024-10-14T00:00:00.000"",""confidence"":1.0}]",false,false,false,false,false,false,false,false
subset,descriptor,08f489ead945554003354587bf9d2311,Austin Lone Star,Austin Lone Star RV Resort,16,26,10,3,5,2,7009 S Interstate 35,7009 S I-35,Austin,TX,rv_park,resort,0.9962614185921548,0.77,"[{""property"":"""",""dataset"":""meta"",""record_id"":""116112588417440"",""update_time"":""2025-01-06T00:00:00.000Z""},{""property"":""/properties/existence"",""dataset"":""msft"",""record_id"":""844424932305277"",""update_time"":""2025-01-06T00:00:00.000Z""},{""property"":""/properties/existence"",""dataset"":""msft"",""record_id"":""281474977019525"",""update_time"":""2025-01-06T00:00:00.000Z""},{""property"":""/properties/existence"",""dataset"":""msft"",""record_id"":""1688849864314498"",""update_time"":""2025-01-06T00:00:00.000Z""}]","[{""dataset"":""Microsoft"",""record_id"":""844424932305277"",""update_time"":""2019-05-26T17:54:16.203"",""confidence"":0.77}]",false,false,false,false,false,false,false,false
subset,descriptor,08f4983ca438bc5b033bac5a072fa3cd,Vape Haus Queretaro,Vape Haus,19,9,-10,3,2,-1,Calle Salvador Galván 47,Salvador Galván 20,Santiago de Querétaro,,e_cigarette_store,Retail > Vape Store,0.9645127118644068,1.0,"[{""property"":"""",""dataset"":""meta"",""record_id"":""282227038898813"",""update_time"":""2025-01-06T08:00:00.000Z"",""confidence"":0.9645127118644068}]","[{""property"":"""",""dataset"":""FourSquare"",""record_id"":""59cd93afdd70c57e96adb34f"",""update_time"":""2020-11-23T00:00:00.000"",""confidence"":1.0}]",false,false,false,false,false,false,false,false
subset,descriptor,08f49863420dad2303d40e034f52aa8a,CFE Zitacuaro,CFE,13,3,-10,2,1,-1,Avenida Revolución Sur 350,Revolucion sur 350,Zitácuaro,,public_and_government_association,Business and Professional Services > Office,0.48103896103896104,1.0,"[{""property"":"""",""dataset"":""meta"",""record_id"":""175327229271292"",""update_time"":""2025-01-06T08:00:00.000Z"",""confidence"":0.48103896103896104}]","[{""property"":"""",""dataset"":""FourSquare"",""record_id"":""500d858be4b01d293cdca29a"",""update_time"":""2020-11-23T00:00:00.000"",""confidence"":1.0}]",false,false,false,false,false,false,false,false
subset,descriptor,08f4986440433a0603b6cd1ecb430ba5,La Gran Carpa del Chavo,La gran carpa,23,13,-10,5,3,-2,,,,,circus,Arts and Entertainment > Circus,0.28686635944700467,1.0,"[{""property"":"""",""dataset"":""meta"",""record_id"":""729555107115670"",""update_time"":""2025-01-06T08:00:00.000Z"",""confidence"":0.2868663594470046}]","[{""property"":"""",""dataset"":""FourSquare"",""record_id"":""542b53e9498ef054dbe813b3"",""update_time"":""2021-08-15T00:00:00.000"",""confidence"":1.0}]",false,false,false,false,false,false,false,false
subset,descriptor,08f60a259b84036a037914eb4b09ff55,Sai Ram Tiffins and Meals,Sai Ram Tiffins,25,15,-10,5,3,-2,Vittal Rao Nagar Road,Vittal Rao Nagar Road,,,restaurant,Dining and Drinking > Food Court,0.9445655559015883,1.0,"[{""property"":"""",""dataset"":""meta"",""record_id"":""173224529939909"",""update_time"":""2025-01-06T08:00:00.000Z"",""confidence"":0.9445655559015883}]","[{""property"":"""",""dataset"":""FourSquare"",""record_id"":""5678cff9498eca7da36f3151"",""update_time"":""2024-02-28T00:00:00.000"",""confidence"":1.0}]",false,false,false,false,false,false,false,false
subset,descriptor,08fa8ad122d95199039a81da5b67ba82,Sulminas Viagens,Sulminas Viagens e Turismo,16,26,10,2,4,2,"Rua Rio Grande do Sul, 1006",Junqueiras 550,Poços de Caldas,MG,travel_services,Travel and Transportation > Travel Agency,0.3941504178272981,1.0,"[{""property"":"""",""dataset"":""meta"",""record_id"":""1483727558592701"",""update_time"":""2025-01-06T08:00:00.000Z"",""confidence"":0.39415041782729804}]","[{""property"":"""",""dataset"":""FourSquare"",""record_id"":""5832f3989b615c492077530d"",""update_time"":""2024-01-02T00:00:00.000"",""confidence"":1.0}]",false,false,false,false,false,false,false,false
subset,descriptor,08fa91b462cced9b033b481c4d3cc79f,Floripa Sucos e Lanches,Floripa Sucos,23,13,-10,4,2,-2,"Rua Jerônimo Coelho, 90",Rua Deodoro,Florianópolis,SC,fast_food_restaurant,Dining and Drinking > Juice Bar,0.28671328671328666,1.0,"[{""property"":"""",""dataset"":""meta"",""record_id"":""194031447895103"",""update_time"":""2025-01-06T08:00:00.000Z"",""confidence"":0.2867132867132867}]","[{""property"":"""",""dataset"":""FourSquare"",""record_id"":""53ac0900498ee456d28acc24"",""update_time"":""2020-11-23T00:00:00.000"",""confidence"":1.0}]",false,false,false,false,false,false,false,false
subset,descriptor,1125899909536180,Master Mechanic Pickering,Master Mechanic,25,15,-10,3,2,-1,1211 Kingston Road,1211 Kingston Road,Pickering,ON,tire_shop,tire_shop,0.77,0.77,"[{""dataset"":""Microsoft"",""record_id"":""1125899909536180"",""update_time"":""2019-12-11T19:06:58.79"",""confidence"":0.77}]","[{""dataset"":""Microsoft"",""record_id"":""1970324838656023"",""update_time"":""2017-01-24T13:39:23.55"",""confidence"":0.77}]",false,false,false,false,false,false,false,false
subset,descriptor,1125899913098456,Nurse Next Door Senior Home Care Services,Nurse Next Door Senior Home Care Services - Calgary,41,51,10,7,9,2,"4411 6 Street Southeast, #180",180 4411 6 Street SE,Calgary,AB,home_health_care,home_health_care,0.77,0.77,"[{""dataset"":""Microsoft"",""record_id"":""1125899913098456"",""update_time"":""2024-10-23T20:48:18.37"",""confidence"":0.77}]","[{""dataset"":""Microsoft"",""record_id"":""281474978446403"",""update_time"":""2018-09-27T19:54:04.057"",""confidence"":0.77}]",false,false,false,false,false,false,false,true
subset,descriptor,1407374887763681,Ferfoot Care Home,Ferfoot,17,7,-10,3,1,-2,Old Hardenhuish Lane,Old Hardenhuish Lane,Chippenham,Wil,assisted_living_facility,assisted_living_facility,0.77,0.77,"[{""dataset"":""Microsoft"",""record_id"":""1407374887763681"",""update_time"":""2024-11-15T15:41:29.1"",""confidence"":0.77}]","[{""dataset"":""Microsoft"",""record_id"":""562949955912154"",""update_time"":""2015-12-11T16:23:45.427"",""confidence"":0.77}]",false,false,false,false,false,false,false,false
subset,descriptor,1688849863252034,Learn And Play Montessori School,Learn and Play Montessori School - Peralta,32,42,10,5,7,2,4511 Peralta Blvd,4511 Peralta Blvd,Fremont,CA,montessori_school,montessori_school,0.77,0.77,"[{""dataset"":""Microsoft"",""record_id"":""1688849863252034"",""update_time"":""2018-02-11T23:49:54.323"",""confidence"":0.77}]","[{""dataset"":""Microsoft"",""record_id"":""281474976823213"",""update_time"":""2013-01-29T00:28:40.517"",""confidence"":0.77}]",false,false,false,false,false,false,false,false
subset,descriptor,08f1942c5bce835e03ea6a08bca40fe0,Leonora Rose,Leonora Rose Florists,12,21,9,2,3,1,31a Oldfield Lane,"Within Asda, Oldfield Lane",Leeds,ENG,flowers_and_gifts_shop,florist,0.9962614185921548,0.77,"[{""property"":"""",""dataset"":""meta"",""record_id"":""607098542672100"",""update_time"":""2025-01-06T00:00:00.000Z""},{""property"":""/properties/existence"",""dataset"":""msft"",""record_id"":""1125899908678307"",""update_time"":""2025-01-06T00:00:00.000Z""}]","[{""dataset"":""Microsoft"",""record_id"":""1125899908678307"",""update_time"":""2017-01-20T13:06:53.99"",""confidence"":0.77}]",false,false,false,false,false,false,false,false
subset,descriptor,08f1e15b468aa72803e58c987647f202,Management Factory Corporate Advisory GmbH - Valtus,Management Factory Corporate Advisory GmbH,51,42,-9,7,5,-2,Lothringerstraße 14 / 4. Stock,Lothringerstraße 14 / 4. Stock,Wien,Vienna,business_management_services,business_management_services,0.77,0.77,"[{""property"":"""",""dataset"":""msft"",""record_id"":""1688849866454416"",""update_time"":""2025-01-06T00:00:00.000Z""},{""property"":""/properties/existence"",""dataset"":""msft"",""record_id"":""1688849866445013"",""update_time"":""2025-01-06T00:00:00.000Z""}]","[{""dataset"":""Microsoft"",""record_id"":""1688849866445013"",""update_time"":""2024-07-17T06:04:26.797"",""confidence"":0.77}]",false,false,false,true,false,false,false,false
subset,descriptor,08f1e24aa5c50340038893d986c3d75f,"Poradnia Medycyny Pracy ""Jeżyce""",Poradnia Medycyny Pracy,32,23,-9,4,3,-1,ulica Juliusza Słowackiego 43,Słowackiego 43,Poznań,30,doctor,Health and Medicine > Physician > Doctor's Office,0.6214335421016005,1.0,"[{""property"":"""",""dataset"":""meta"",""record_id"":""1400734563544257"",""update_time"":""2025-01-06T08:00:00.000Z"",""confidence"":0.6214335421016005}]","[{""property"":"""",""dataset"":""FourSquare"",""record_id"":""564d6a95498ec696fa87e827"",""update_time"":""2024-06-27T00:00:00.000"",""confidence"":1.0}]",false,false,false,false,false,false,false,false
subset,descriptor,08f1e86a833801290324a82fdf51cf13,Parrocchia San Francesco di Paola,"Parrocchia San Francesco di Paola ""SanFra""",33,42,9,5,6,1,"Via San Francesco di Paola, 15","Via Santa Barbara, 3-5",Civitavecchia,62,church_cathedral,Community and Government > Spiritual Center > Church,0.9645127118644068,1.0,"[{""property"":"""",""dataset"":""meta"",""record_id"":""380270658511234"",""update_time"":""2025-01-06T08:00:00.000Z"",""confidence"":0.9645127118644068}]","[{""property"":"""",""dataset"":""FourSquare"",""record_id"":""4d8f04e26174a0935f60d5e3"",""update_time"":""2024-07-03T00:00:00.000"",""confidence"":1.0}]",false,false,false,false,false,false,false,false
subset,descriptor,08f1e943a1d746cb03550d63d3c549a8,Mary Print Sardegna,Mary Print,19,10,-9,3,2,-1,"Via Dei Gerani, SNC",Via dei Gerani,,,shopping,Retail > Print Store,0.9544061302681992,1.0,"[{""property"":"""",""dataset"":""meta"",""record_id"":""45352416193"",""update_time"":""2025-01-06T08:00:00.000Z"",""confidence"":0.9544061302681992}]","[{""property"":"""",""dataset"":""FourSquare"",""record_id"":""714845388a414100d8e14bf6"",""update_time"":""2024-07-03T00:00:00.000"",""confidence"":1.0}]",false,false,false,false,false,false,false,false
subset,descriptor,08f1f8ed954e688903d9d4d15500e46f,EN VOGUE Coiffure,En Vogue,17,8,-9,3,2,-1,Bahnhofstrasse 35,Bahnhofstr.,Zürich,ZH,hair_salon,Business and Professional Services > Health and Beauty Service > Hair Salon,0.7927927927927928,1.0,"[{""property"":"""",""dataset"":""meta"",""record_id"":""131568853701589"",""update_time"":""2025-01-06T08:00:00.000Z"",""confidence"":0.7927927927927928}]","[{""property"":"""",""dataset"":""FourSquare"",""record_id"":""4f17f848e4b0bb143e92061a"",""update_time"":""2024-04-12T00:00:00.000"",""confidence"":1.0}]",false,false,false,false,false,false,false,false
subset,descriptor,08f1f916e27045180352f04913bc42cc,fnac,FNAC Chambéry,4,13,9,1,2,1,11 Rue Doppet,1 Place de Genève,,,health_and_medical,department_store,0.28686635944700467,0.9837452982267598,"[{""property"":"""",""dataset"":""meta"",""record_id"":""433345239872443"",""update_time"":""2025-01-06T00:00:00.000Z""}]","[{""property"":"""",""dataset"":""meta"",""record_id"":""157466651352357"",""update_time"":""2025-01-06T00:00:00.000Z""}]",false,false,false,false,false,false,false,false
subset,descriptor,08f26d9ac62c829b030e082fd3fad948,Blake Fulenwider Chevrolet GMC,Blake Fulenwider Chevrolet GMC Eastland,30,39,9,4,5,1,1245 E Main St,1245 E Main St,Eastland,TX,car_dealer,used_car_dealer,0.997898979043525,0.77,"[{""property"":"""",""dataset"":""meta"",""record_id"":""258022914068934"",""update_time"":""2025-01-06T00:00:00.000Z""},{""property"":""/properties/existence"",""dataset"":""msft"",""record_id"":""1970324842100972"",""update_time"":""2025-01-06T00:00:00.000Z""},{""property"":""/properties/existence"",""dataset"":""msft"",""record_id"":""1407374886633513"",""update_time"":""2025-01-06T00:00:00.000Z""}]","[{""dataset"":""Microsoft"",""record_id"":""1970324842100972"",""update_time"":""2024-12-27T17:40:51.273"",""confidence"":0.77}]",false,false,false,false,false,false,false,false
subset,descriptor,08f29a841e29e50c03c9b490450ec826,Rocky Hill Mountain,Rocky Hill,19,10,-9,3,2,-1,Rocky hill drive,Rocky hill drive,,,landmark_and_historical_building,Landmarks and Outdoors > Scenic Lookout,0.3941504178272981,1.0,"[{""property"":"""",""dataset"":""meta"",""record_id"":""1400882776617102"",""update_time"":""2025-01-06T08:00:00.000Z"",""confidence"":0.39415041782729804}]","[{""property"":"""",""dataset"":""FourSquare"",""record_id"":""4c7fd2db00c68cfabefa5536"",""update_time"":""2024-10-16T00:00:00.000"",""confidence"":1.0}]",false,false,false,false,false,false,false,false
subset,descriptor,08f2a13d500ec592038947279db72951,Princeton Radiology,Princeton Radiology - Monroe,19,28,9,2,4,2,9 Centre Dr,9 Centre Dr,Jamesburg,NJ,doctor,diagnostic_imaging,0.9962614185921548,0.77,"[{""property"":"""",""dataset"":""meta"",""record_id"":""116820321719755"",""update_time"":""2025-01-06T00:00:00.000Z""},{""property"":""/properties/existence"",""dataset"":""msft"",""record_id"":""1407374889816060"",""update_time"":""2025-01-06T00:00:00.000Z""},{""property"":""/properties/existence"",""dataset"":""msft"",""record_id"":""1407374889816047"",""update_time"":""2025-01-06T00:00:00.000Z""}]","[{""dataset"":""Microsoft"",""record_id"":""1407374889816047"",""update_time"":""2023-01-12T20:39:29.293"",""confidence"":0.77}]",false,false,false,false,false,false,false,false
subset,descriptor,08f2ab24336c88330344df7c24d6849c,Pharmacare Drugs Pharmacy,Pharmacare Drugs,25,16,-9,3,2,-1,6048 Rawsonville Rd,6048 Rawsonville Rd,Ypsilanti Twp,MI,pharmacy,pharmacy,0.9962614185921548,0.77,"[{""property"":"""",""dataset"":""meta"",""record_id"":""202628426966446"",""update_time"":""2025-01-06T00:00:00.000Z""},{""property"":""/properties/existence"",""dataset"":""msft"",""record_id"":""562949960140427"",""update_time"":""2025-01-06T00:00:00.000Z""}]","[{""dataset"":""Microsoft"",""record_id"":""562949960140427"",""update_time"":""2020-03-15T15:35:39.673"",""confidence"":0.77}]",false,false,false,false,false,false,false,false
subset,descriptor,08f48a2075b513460312bf1e7755a0ce,Cerrajería Lionel Centrito,Cerrajeria Lionel,26,17,-9,3,2,-1,Calle Río Colorado Oriente 200,Rio Colorado 200,San Pedro Garza García,,key_and_locksmith,Business and Professional Services > Locksmith,0.9467515923566879,1.0,"[{""property"":"""",""dataset"":""meta"",""record_id"":""421409211209480"",""update_time"":""2025-01-06T08:00:00.000Z"",""confidence"":0.9467515923566879}]","[{""property"":"""",""dataset"":""FourSquare"",""record_id"":""0951ee6b4adc47a6c081b462"",""update_time"":""2023-12-06T00:00:00.000"",""confidence"":1.0}]",false,false,false,false,false,false,false,false
subset,descriptor,08f498c94cd093b20333437c7c397280,Lonches Amparito Tránsito,Lonches Amparito,25,16,-9,3,2,-1,Calle Félix Fulgencio Palavicini 2254,Félix Palaviccini 2254,Guadalajara,,sandwich_shop,Dining and Drinking > Restaurant > Sandwich Spot,0.6214335421016005,1.0,"[{""property"":"""",""dataset"":""meta"",""record_id"":""109117187323333"",""update_time"":""2025-01-06T08:00:00.000Z"",""confidence"":0.6214335421016005}]","[{""property"":"""",""dataset"":""FourSquare"",""record_id"":""4f7b64f1e4b0a76295d1b415"",""update_time"":""2021-08-12T00:00:00.000"",""confidence"":1.0}]",false,false,false,false,false,false,false,false
subset,descriptor,08f4995855a6533403ec86ef01b1eb5c,Colegio Madrid,Colegio Madrid Talleres,14,23,9,2,3,1,Calle Puente 224,Calle Puente,Tlalpan,,education,Community and Government > Education > College and University > College Rec Center,0.9908651262761956,1.0,"[{""property"":"""",""dataset"":""meta"",""record_id"":""159635254060367"",""update_time"":""2025-01-06T08:00:00.000Z"",""confidence"":0.9908651262761956}]","[{""property"":"""",""dataset"":""FourSquare"",""record_id"":""53052bef498e87ff8b3f1ded"",""update_time"":""2020-11-30T00:00:00.000"",""confidence"":1.0}]",false,false,false,false,false,false,false,false
subset,descriptor,08f4995b9471b0a40338d22b662d5a58,La Riviera,La Riviera Oficinas,10,19,9,2,3,1,,,,,event_planning,Business and Professional Services > Office,0.9445655559015883,1.0,"[{""property"":"""",""dataset"":""meta"",""record_id"":""133770170162029"",""update_time"":""2025-01-06T08:00:00.000Z"",""confidence"":0.9445655559015883}]","[{""property"":"""",""dataset"":""FourSquare"",""record_id"":""52f2a464498e9e03daf2c49d"",""update_time"":""2021-08-16T00:00:00.000"",""confidence"":1.0}]",false,false,false,false,false,false,false,false
subset,descriptor,08f64a4a12905da1035756dc7bcb4757,Dairy Queen,Dairy Queen Thailand,11,20,9,2,3,1,,"ชั้น 3, 199,199/1,199/2 หมู่ 6 ตำบลเสาธงหิน อำเภอบางใหญ่",,,ice_cream_shop,ice_cream_shop,0.48103896103896104,0.6214335421016005,"[{""property"":"""",""dataset"":""meta"",""record_id"":""1228775730483876"",""update_time"":""2025-01-06T00:00:00.000Z""}]","[{""property"":"""",""dataset"":""meta"",""record_id"":""147101082629032"",""update_time"":""2025-01-06T00:00:00.000Z""}]",false,false,false,false,false,false,false,false
subset,descriptor,08f8ada9096a46e003525664e024b1ae,Pousada Das Flores - Roraima,Pousada das Flores.,28,19,-9,5,3,-2,"Avenida Via das Flores, 393","Via das Flores, 528",Boa Vista,RR,inn,,0.3941504178272981,1.0,"[{""property"":"""",""dataset"":""meta"",""record_id"":""105198864938710"",""update_time"":""2025-01-06T08:00:00.000Z"",""confidence"":0.39415041782729804}]","[{""property"":"""",""dataset"":""FourSquare"",""record_id"":""6fd70dee5e6542531c546705"",""update_time"":""2023-12-06T00:00:00.000"",""confidence"":1.0}]",false,false,false,false,false,false,false,false
subset,descriptor,08fa813b222f2c1e03f7aca38bf90b4e,Work Medicina Ocupacional,Work Medicina Ocupacional S/C Ltda,25,34,9,3,5,2,"Rua Visconde de Taunay, 335","Rua Tiradentes, 217",Campinas,SP,hospital,Health and Medicine > Physician,0.48103896103896104,1.0,"[{""property"":"""",""dataset"":""meta"",""record_id"":""275907922946806"",""update_time"":""2025-01-06T08:00:00.000Z"",""confidence"":0.48103896103896104}]","[{""property"":"""",""dataset"":""FourSquare"",""record_id"":""3422b18cf90c4a211e1be37a"",""update_time"":""2024-06-07T00:00:00.000"",""confidence"":1.0}]",false,false,false,false,false,false,false,false
subset,descriptor,08fad3618e4a04ea032d5d60f42d16aa,Virginia Coffee Roastery & Eatery,Virginia Coffee Roastery,33,24,-9,5,3,-2,"Anansi, 25 Church St",Kerk St,Durbanville,WC,coffee_shop,"Dining and Drinking > Cafe, Coffee, and Tea House > Coffee Shop",0.7927927927927928,1.0,"[{""property"":"""",""dataset"":""meta"",""record_id"":""100164298658734"",""update_time"":""2025-01-06T08:00:00.000Z"",""confidence"":0.7927927927927928}]","[{""property"":"""",""dataset"":""FourSquare"",""record_id"":""612a0cd96f490c66a44627ec"",""update_time"":""2021-08-28T00:00:00.000"",""confidence"":1.0}]",false,false,false,false,false,false,false,false
subset,descriptor,08fb9168289114c2032dab89f5367bef,Elite Picture Framing Adelaide,Elite Picture Framing,30,21,-9,4,3,-1,24 Croydon Rd,32 Croydon Rd,Adelaide,SA,shopping,Retail > Furniture and Home Store,0.6214335421016005,1.0,"[{""property"":"""",""dataset"":""meta"",""record_id"":""353404901371391"",""update_time"":""2025-01-06T08:00:00.000Z"",""confidence"":0.6214335421016005}]","[{""property"":"""",""dataset"":""FourSquare"",""record_id"":""5121b010e4b02b37b348da43"",""update_time"":""2024-06-08T00:00:00.000"",""confidence"":1.0}]",false,false,false,false,false,false,false,false
subset,descriptor,562949955323164,Tempe Veterinary,Tempe Veterinary Hospital,16,25,9,2,3,1,329 W Southern Ave,329 W Southern Ave,Tempe,AZ,youth_organizations,youth_organizations,0.77,0.77,"[{""dataset"":""Microsoft"",""record_id"":""562949955323164"",""update_time"":""2015-05-25T13:07:38.05"",""confidence"":0.77}]","[{""dataset"":""Microsoft"",""record_id"":""562949958008043"",""update_time"":""2024-07-08T19:40:23.553"",""confidence"":0.77}]",false,false,false,false,false,false,false,false
subset,descriptor,562949958277710,Cascade Shores Townhomes & Flats,Cascade Shores Townhome,32,23,-9,5,3,-2,222 Grandeville Rd SW,182 Grandeville Rd SW,Rochester,MN,apartments,apartments,0.77,0.77,"[{""dataset"":""Microsoft"",""record_id"":""562949958277710"",""update_time"":""2023-08-14T20:25:19.877"",""confidence"":0.77}]","[{""dataset"":""Microsoft"",""record_id"":""562949960050883"",""update_time"":""2020-01-17T21:24:11.94"",""confidence"":0.77}]",false,false,false,false,false,false,false,false
subset,descriptor,08f1126d338cb585032ef99b66edb965,EuroPark P-Eliel,EuroPark,16,8,-8,2,1,-1,Asema-aukio 1,Asema-aukio 1,Helsinki,,parking,parking,0.9962614185921548,0.77,"[{""property"":"""",""dataset"":""meta"",""record_id"":""246047979390247"",""update_time"":""2025-01-06T00:00:00.000Z""},{""property"":""/properties/existence"",""dataset"":""meta"",""record_id"":""316970395665885"",""update_time"":""2025-01-06T00:00:00.000Z""},{""property"":""/properties/existence"",""dataset"":""msft"",""record_id"":""1688849866401302"",""update_time"":""2025-01-06T00:00:00.000Z""},{""property"":""/properties/existence"",""dataset"":""msft"",""record_id"":""1688849866401291"",""update_time"":""2025-01-06T00:00:00.000Z""},{""property"":""/properties/existence"",""dataset"":""msft"",""record_id"":""1688849866401289"",""update_time"":""2025-01-06T00:00:00.000Z""},{""property"":""/properties/existence"",""dataset"":""msft"",""record_id"":""1688849866401254"",""update_time"":""2025-01-06T00:00:00.000Z""}]","[{""dataset"":""Microsoft"",""record_id"":""1688849866401254"",""update_time"":""2024-10-08T11:10:02.387"",""confidence"":0.77}]",false,false,false,false,false,false,false,false
subset,descriptor,08f184dcf559e4a1039f24c7f61712fc,Chatauret Clôture,Chatauret,17,9,-8,2,1,-1,203a Avenue de la Côte d'Argent,203 a avenue de la Côté d'Argent,Biganos,,fence_and_gate_sales_service,Retail > Construction Supplies Store,0.9467515923566879,1.0,"[{""property"":"""",""dataset"":""meta"",""record_id"":""100870329167069"",""update_time"":""2025-01-06T08:00:00.000Z"",""confidence"":0.9467515923566879}]","[{""property"":"""",""dataset"":""FourSquare"",""record_id"":""52a99af4d39b4faa75c2a502"",""update_time"":""2024-07-03T00:00:00.000"",""confidence"":1.0}]",false,false,false,false,false,false,false,false
subset,descriptor,08f194279e5ab221036dc4ab87e12118,Over The Rainbow,Over the Rainbow Limited,16,24,8,3,4,1,39 Compstall Road,39 Compstall Rd,Stockport,ENG,shopping,Retail,0.9544061302681992,1.0,"[{""property"":"""",""dataset"":""meta"",""record_id"":""626885494076181"",""update_time"":""2025-01-06T08:00:00.000Z"",""confidence"":0.9544061302681992}]","[{""property"":"""",""dataset"":""FourSquare"",""record_id"":""a0bbb2ec09d0486770db2187"",""update_time"":""2023-08-18T00:00:00.000"",""confidence"":1.0}]",false,false,false,false,false,false,false,false
subset,descriptor,08f195805d22e99803b04ba7d7feba09,Good Morning Children Limited,Good Morning Children,29,21,-8,4,3,-1,12 School Walk,12 School Walk,Bristol,ENG,education,Community and Government > Education > Primary and Secondary School > Elementary School,0.9467515923566879,1.0,"[{""property"":"""",""dataset"":""meta"",""record_id"":""1603286943323523"",""update_time"":""2025-01-06T08:00:00.000Z"",""confidence"":0.9467515923566879}]","[{""property"":"""",""dataset"":""FourSquare"",""record_id"":""3a69c285ff3540574550de57"",""update_time"":""2024-10-09T00:00:00.000"",""confidence"":1.0}]",false,false,false,false,false,false,false,false
subset,descriptor,08f1e9a009660cb00355eadd4822414d,Poltronesofa,poltronesofà Palermo,12,20,8,1,2,1,"Via Ugo La Malfa, 7",Via Ugo La Malfa 7,Palermo,82,furniture_store,retail,0.9962614185921548,0.77,"[{""property"":"""",""dataset"":""meta"",""record_id"":""109867670540979"",""update_time"":""2025-01-06T00:00:00.000Z""},{""property"":""/properties/existence"",""dataset"":""msft"",""record_id"":""844424934574647"",""update_time"":""2025-01-06T00:00:00.000Z""},{""property"":""/properties/existence"",""dataset"":""msft"",""record_id"":""562949960531968"",""update_time"":""2025-01-06T00:00:00.000Z""},{""property"":""/properties/existence"",""dataset"":""msft"",""record_id"":""2251799821009277"",""update_time"":""2025-01-06T00:00:00.000Z""},{""property"":""/properties/existence"",""dataset"":""msft"",""record_id"":""1970324842329968"",""update_time"":""2025-01-06T00:00:00.000Z""},{""property"":""/properties/existence"",""dataset"":""msft"",""record_id"":""1688849866490274"",""update_time"":""2025-01-06T00:00:00.000Z""}]","[{""dataset"":""Microsoft"",""record_id"":""2251799821009277"",""update_time"":""2024-12-27T05:49:05.067"",""confidence"":0.77}]",false,false,false,false,false,false,false,false
subset,descriptor,08f1f8036d9b130e03ec54381d4c24fd,Calico Jacks,Calico Jack's Bistro,12,20,8,2,3,1,Obere Guldenstraße 13,Obere Guldenstr. 13,Endingen am Kaiserstuhl,,cafe,Dining and Drinking > Bar > Sports Bar,0.9645127118644068,1.0,"[{""property"":"""",""dataset"":""meta"",""record_id"":""247621945658052"",""update_time"":""2025-01-06T08:00:00.000Z"",""confidence"":0.9645127118644068}]","[{""property"":"""",""dataset"":""FourSquare"",""record_id"":""11e182ba55dc4f45f35f6c1b"",""update_time"":""2024-10-08T00:00:00.000"",""confidence"":1.0}]",false,false,false,false,false,false,false,false
subset,descriptor,08f283610b0ea36403f1476f10290048,COINworKs Bitcoin ATM Modesto,COINworKs Bitcoin ATM,29,21,-8,4,3,-1,1200 6th St,1200 6th St,Modesto,CA,atms,atms,0.77,0.77,"[{""property"":"""",""dataset"":""msft"",""record_id"":""844424933250116"",""update_time"":""2025-01-06T00:00:00.000Z""},{""property"":""/properties/existence"",""dataset"":""msft"",""record_id"":""844424933007489"",""update_time"":""2025-01-06T00:00:00.000Z""}]","[{""dataset"":""Microsoft"",""record_id"":""844424933007489"",""update_time"":""2024-12-13T04:45:36.17"",""confidence"":0.77}]",false,false,false,false,false,false,false,false
subset,descriptor,08f2986ab206c300039901e1848d8d8a,Safety-Kleen Systems,Safety Kleen,20,12,-8,2,2,0,4582 Donovan Way,4582 Donovan Way,North Las Vegas,NV,environmental_testing,Business and Professional Services > Waste Management Service,0.77,1.0,"[{""property"":"""",""dataset"":""Microsoft"",""record_id"":""562949964874142"",""update_time"":""2024-12-13T10:53:53.157Z"",""confidence"":0.77}]","[{""property"":"""",""dataset"":""FourSquare"",""record_id"":""4ee8f5b66c25eda5a7bdf0ad"",""update_time"":""2024-10-14T00:00:00.000"",""confidence"":1.0}]",false,false,false,false,false,false,false,false
subset,descriptor,08f29a1d69b0b8da034c4f6acaa03eaf,Instyle Nails and Spa,Instyle nails,21,13,-8,4,2,-2,8539 W Sunset Blvd,Sunset Blvd,West Hollywood,CA,spas,Business and Professional Services > Health and Beauty Service > Nail Salon,0.9544061302681992,1.0,"[{""property"":"""",""dataset"":""meta"",""record_id"":""1050303061787993"",""update_time"":""2025-01-06T08:00:00.000Z"",""confidence"":0.9544061302681992}]","[{""property"":"""",""dataset"":""FourSquare"",""record_id"":""53cebf45498eb0c102bf3c4f"",""update_time"":""2024-10-25T00:00:00.000"",""confidence"":1.0}]",false,false,false,false,false,false,false,false
subset,descriptor,08f2a36c0344bc820337ca0f2e8822f2,bp America,BP,10,2,-8,2,1,-1,36 Main St,36 Main St,Lincoln,NH,gas_station,gas_station,0.9837452982267598,0.77,"[{""property"":"""",""dataset"":""meta"",""record_id"":""124417915852623"",""update_time"":""2025-01-06T00:00:00.000Z""}]","[{""property"":"""",""dataset"":""msft"",""record_id"":""562949958846537"",""update_time"":""2025-01-06T00:00:00.000Z""},{""property"":""/properties/existence"",""dataset"":""msft"",""record_id"":""1407374890693656"",""update_time"":""2025-01-06T00:00:00.000Z""}]",false,false,false,false,false,false,false,false
subset,descriptor,08f2a9a296483a0803dc12eba396f42a,bp America,BP,10,2,-8,2,1,-1,2009 KY-192,2009 W Highway 192,London,KY,gas_station,Travel and Transportation > Fuel Station,0.9962614185921548,1.0,"[{""property"":"""",""dataset"":""meta"",""record_id"":""102082978283224"",""update_time"":""2025-01-06T08:00:00.000Z"",""confidence"":0.9837452982267598},{""property"":""/properties/existence"",""dataset"":""Microsoft"",""record_id"":""562949956473487"",""update_time"":""2019-12-05T18:47:00.090Z"",""confidence"":0.77}]","[{""property"":"""",""dataset"":""FourSquare"",""record_id"":""4c4337d4af052d7fbc098079"",""update_time"":""2024-10-15T00:00:00.000"",""confidence"":1.0}]",false,false,false,false,false,false,false,false
subset,descriptor,08f2f5aa4d16ed000351b4df02919678,エコモベーカリーヨコハマモトマチ,エコモベーカリー,16,8,-8,1,1,0,神奈川県横浜市中区元町１丁目１３,横浜市中区元町1-13,横浜市中区,,bakery,"Dining and Drinking > Cafe, Coffee, and Tea House > Café",0.9837452982267598,1.0,"[{""property"":"""",""dataset"":""meta"",""record_id"":""1346119255473512"",""update_time"":""2025-01-06T08:00:00.000Z"",""confidence"":0.9837452982267598}]","[{""property"":"""",""dataset"":""FourSquare"",""record_id"":""55e172ac498ed5127edab1a4"",""update_time"":""2024-08-07T00:00:00.000"",""confidence"":1.0}]",false,false,false,false,false,false,false,false
subset,descriptor,08f441ac4440990e0385439c3aa0e826,Clarkson Eyecare Florida,Clarkson Eyecare,24,16,-8,3,2,-1,3875 US-301 S,3875 US Highway 301 S Ste 5,Riverview,FL,optometrist,optometrist,0.9523423423423424,0.77,"[{""property"":"""",""dataset"":""meta"",""record_id"":""115653123205610"",""update_time"":""2025-01-06T00:00:00.000Z""},{""property"":""/properties/existence"",""dataset"":""msft"",""record_id"":""562949961923543"",""update_time"":""2025-01-06T00:00:00.000Z""},{""property"":""/properties/existence"",""dataset"":""msft"",""record_id"":""1407374886349830"",""update_time"":""2025-01-06T00:00:00.000Z""}]","[{""dataset"":""Microsoft"",""record_id"":""562949961923543"",""update_time"":""2024-11-06T13:03:17.903"",""confidence"":0.77}]",false,false,false,false,false,false,false,false
subset,descriptor,08f446ca8386b86403035e20643b979d,"Allison Hunt, MD, FACOG",Allison Hunt MD,23,15,-8,4,3,-1,6550 Fannin St Ste 2221,"6550 Fannin St, Smith Ste 2221",Houston,TX,obstetrician_and_gynecologist,obstetrician_and_gynecologist,0.77,0.77,"[{""property"":"""",""dataset"":""msft"",""record_id"":""281474979279106"",""update_time"":""2025-01-06T00:00:00.000Z""}]","[{""property"":"""",""dataset"":""msft"",""record_id"":""1407374885441073"",""update_time"":""2025-01-06T00:00:00.000Z""}]",false,false,false,false,false,false,false,false
subset,descriptor,08f44a905e8dd14303c15a8283faa4b5,Auto Solutions Orlando,Auto Solutions,22,14,-8,3,2,-1,1782 Lee Rd,1782 Lee Rd,Orlando,FL,automotive_repair,tire_shop,0.997898979043525,0.77,"[{""property"":"""",""dataset"":""meta"",""record_id"":""1077212425632466"",""update_time"":""2025-01-06T00:00:00.000Z""},{""property"":""/properties/existence"",""dataset"":""msft"",""record_id"":""844424931902251"",""update_time"":""2025-01-06T00:00:00.000Z""},{""property"":""/properties/existence"",""dataset"":""msft"",""record_id"":""562949960047880"",""update_time"":""2025-01-06T00:00:00.000Z""},{""property"":""/properties/existence"",""dataset"":""msft"",""record_id"":""1407374891414923"",""update_time"":""2025-01-06T00:00:00.000Z""}]","[{""dataset"":""Microsoft"",""record_id"":""1407374891414923"",""update_time"":""2024-12-20T14:08:33.54"",""confidence"":0.77}]",false,false,false,false,false,false,false,false
subset,descriptor,08f480aa6da050920338531a418d7478,Pollo Feliz Obregón,Pollo Feliz,19,11,-8,3,2,-1,Calle California 142,Tabasco e Hidalgo,Ciudad Obregón,,chicken_restaurant,Dining and Drinking > Restaurant > Fried Chicken Joint,0.28671328671328666,1.0,"[{""property"":"""",""dataset"":""meta"",""record_id"":""2140888489558296"",""update_time"":""2025-01-06T08:00:00.000Z"",""confidence"":0.2867132867132867}]","[{""property"":"""",""dataset"":""FourSquare"",""record_id"":""5033eddfe4b055d9f3db9b3e"",""update_time"":""2024-01-04T00:00:00.000"",""confidence"":1.0}]",false,false,false,false,false,false,false,false
subset,descriptor,08f499096b78cced0379be0c7ed689ef,La Azotea,La Azotea Terraza,9,17,8,2,3,1,Avenida Independencia Nacional 38,Independencia Nacional 13,Tlaxco,,pizza_restaurant,Dining and Drinking > Restaurant > Pizzeria,0.9837452982267598,1.0,"[{""property"":"""",""dataset"":""meta"",""record_id"":""100607004759750"",""update_time"":""2025-01-06T08:00:00.000Z"",""confidence"":0.9837452982267598}]","[{""property"":"""",""dataset"":""FourSquare"",""record_id"":""5e695c44b31cc40008b7eb26"",""update_time"":""2020-11-23T00:00:00.000"",""confidence"":1.0}]",false,false,false,false,false,false,false,false
subset,descriptor,08f4995b820d0700036453215bbd45a3,Hamburguesas al Carbon Torreon,Hamburguesas Al Carbon,30,22,-8,4,3,-1,Avenida Henry Ford 119,Henry Ford 105,Gustavo A Madero,CMX,burger_restaurant,Dining and Drinking > Restaurant > Burger Joint,0.9837452982267598,1.0,"[{""property"":"""",""dataset"":""meta"",""record_id"":""229019673921922"",""update_time"":""2025-01-06T08:00:00.000Z"",""confidence"":0.9837452982267598}]","[{""property"":"""",""dataset"":""FourSquare"",""record_id"":""4c2e762516adc928e2f1bb9c"",""update_time"":""2022-10-17T00:00:00.000"",""confidence"":1.0}]",false,false,false,false,false,false,false,false
subset,descriptor,08f64b4d68a70d8003fa7e70cbb9c833,"โรงแรมพร3 #ขอนแก่น",โรงแรมพร 3,18,10,-8,2,2,0,94/8 Moo 17,94/8 Moo 17,Khon Kaen,,bed_and_breakfast,Travel and Transportation > Lodging > Bed and Breakfast,0.7927927927927928,1.0,"[{""property"":"""",""dataset"":""meta"",""record_id"":""375462142880774"",""update_time"":""2025-01-06T08:00:00.000Z"",""confidence"":0.7927927927927928}]","[{""property"":"""",""dataset"":""FourSquare"",""record_id"":""4ecc8090e5fa85e5ec621262"",""update_time"":""2020-11-30T00:00:00.000"",""confidence"":1.0}]",false,false,false,false,false,false,false,false
subset,descriptor,08f66e651a48a16e0324a0c5acecd3ba,Iglesia Fe y Esperanza Pinares,Iglesia Fe Y Esperanza,30,22,-8,5,4,-1,Carrera 17 9-48,"Cra 17 # 14-48",Pereira,,church_cathedral,Community and Government > Spiritual Center > Church,0.7927927927927928,1.0,"[{""property"":"""",""dataset"":""meta"",""record_id"":""111031463983582"",""update_time"":""2025-01-06T08:00:00.000Z"",""confidence"":0.7927927927927928}]","[{""property"":"""",""dataset"":""FourSquare"",""record_id"":""4f3ea5b0e4b042a33b9092ac"",""update_time"":""2024-06-01T00:00:00.000"",""confidence"":1.0}]",false,false,false,false,false,false,false,false
subset,descriptor,08f6d20cdc22b60003f00f48b996c255,Extra,Extra Reforma,5,13,8,1,2,1,Joaquín Miguel Gutiérrez LB,Avenida Joaquín Miguel Gutiérrez,,,shopping,Retail > Convenience Store,0.9445655559015883,1.0,"[{""property"":"""",""dataset"":""meta"",""record_id"":""1413895298640043"",""update_time"":""2025-01-06T08:00:00.000Z"",""confidence"":0.9445655559015883}]","[{""property"":"""",""dataset"":""FourSquare"",""record_id"":""514f83a3e4b0679554f6e8aa"",""update_time"":""2024-01-02T00:00:00.000"",""confidence"":1.0}]",false,false,false,false,false,false,false,false
subset,descriptor,08f800554892e902035ab8d046512579,Instituto Magister de Ensino,Instituto Magister de Ensino Sala 05,28,36,8,4,6,2,"Rua Primeiro de Maio, 2236",Rua 1 De Maio,Teresina,PI,high_school,Community and Government > Education > Primary and Secondary School > High School,0.9908651262761956,1.0,"[{""property"":"""",""dataset"":""meta"",""record_id"":""326006080910979"",""update_time"":""2025-01-06T08:00:00.000Z"",""confidence"":0.9908651262761956}]","[{""property"":"""",""dataset"":""FourSquare"",""record_id"":""51654a24e4b04a934f182324"",""update_time"":""2020-11-25T00:00:00.000"",""confidence"":1.0}]",false,false,false,false,false,false,false,false
subset,descriptor,08f800882b2f106303ab5fa027239c0c,Hospital São Domingos,Hospital São Domingos- Exames,21,29,8,3,4,1,"Avenida Jerônimo de Albuquerque, 540",Av Gerônimo de Albuquerque,São Luís,MA,medical_center,Health and Medicine > Physician > Doctor's Office,0.7927927927927928,1.0,"[{""property"":"""",""dataset"":""meta"",""record_id"":""203144749704903"",""update_time"":""2025-01-06T08:00:00.000Z"",""confidence"":0.7927927927927928}]","[{""property"":"""",""dataset"":""FourSquare"",""record_id"":""536aa024498efe55556c3831"",""update_time"":""2024-07-02T00:00:00.000"",""confidence"":1.0}]",false,false,false,false,false,false,false,false
subset,descriptor,08f81acc54b7504903f31692b2b8ab9a,Americanas,Americanas Express,10,18,8,1,2,1,"Rua Coronel Sebrão, 142","Avenida Coronel Loiola, 142 - Centro",Itabaiana,SE,shopping,Retail > Miscellaneous Store,0.7927927927927928,1.0,"[{""property"":"""",""dataset"":""meta"",""record_id"":""345934432722173"",""update_time"":""2025-01-06T08:00:00.000Z"",""confidence"":0.7927927927927928}]","[{""property"":"""",""dataset"":""FourSquare"",""record_id"":""61a50c419af1492790989081"",""update_time"":""2021-12-11T00:00:00.000"",""confidence"":1.0}]",false,false,false,false,false,false,false,false
subset,descriptor,08f8ba6535299a4603d2699b6788a5d6,Alimentare Massas e Congelados Especiais,Alimentare - Massas e Congelados,40,32,-8,5,5,0,"Avenida São Sebastião, 2170","Av. São Sebastião, 2170",Cuiabá,MT,restaurant,Dining and Drinking > Restaurant,0.28671328671328666,1.0,"[{""property"":"""",""dataset"":""meta"",""record_id"":""281190655254375"",""update_time"":""2025-01-06T08:00:00.000Z"",""confidence"":0.2867132867132867}]","[{""property"":"""",""dataset"":""FourSquare"",""record_id"":""4f64afbae4b08383b1ccb233"",""update_time"":""2024-02-28T00:00:00.000"",""confidence"":1.0}]",false,false,false,false,false,false,false,false
subset,descriptor,08fa82433524dc68030b79a2d60882ac,Ponto Xis Lanches,Ponto Xis,17,9,-8,3,2,-1,São João Batista,"Rua s João Batista, 163",Campos Novos,SC,restaurant,Dining and Drinking > Restaurant,0.6214335421016005,1.0,"[{""property"":"""",""dataset"":""meta"",""record_id"":""1652486841631889"",""update_time"":""2025-01-06T08:00:00.000Z"",""confidence"":0.6214335421016005}]","[{""property"":"""",""dataset"":""FourSquare"",""record_id"":""159a84ad94cf487f85e9d386"",""update_time"":""2023-12-06T00:00:00.000"",""confidence"":1.0}]",false,false,false,false,false,false,false,false
subset,descriptor,08fa9504334c568e03f13b9981b30422,Academia Performance & Saúde,Academia Performance,28,20,-8,4,2,-2,"Rua Adolfo Konder, 1798",Adolfo Condr,São Miguel do Oeste,SC,gym,Community and Government > Education > College and University > College Gym,0.7927927927927928,1.0,"[{""property"":"""",""dataset"":""meta"",""record_id"":""195540257180182"",""update_time"":""2025-01-06T08:00:00.000Z"",""confidence"":0.7927927927927928}]","[{""property"":"""",""dataset"":""FourSquare"",""record_id"":""51d1f70f498e65163387c7fc"",""update_time"":""2020-11-30T00:00:00.000"",""confidence"":1.0}]",false,false,false,false,false,false,false,false
subset,descriptor,08fbe637a51885230387b4718a224de1,Smartphone Solutions,Smartphone Solutions Sunbury,20,28,8,2,3,1,90 Vineyard Rd,Shop 2 90 Vineyard road,Sunbury,VIC,mobile_phone_store,mobile_phone_store,0.9877528662420382,0.77,"[{""property"":"""",""dataset"":""meta"",""record_id"":""105074401220254"",""update_time"":""2025-01-06T00:00:00.000Z""},{""property"":""/properties/existence"",""dataset"":""msft"",""record_id"":""844424933797095"",""update_time"":""2025-01-06T00:00:00.000Z""}]","[{""dataset"":""Microsoft"",""record_id"":""844424933797095"",""update_time"":""2024-12-03T20:37:39.9"",""confidence"":0.77}]",false,false,false,false,false,false,false,false
subset,descriptor,1407374890902980,Huffines Kia McKinney Service,Huffines Kia McKinney,29,21,-8,4,3,-1,1201 N Central Expressway,1201 N Central Expy,McKinney,TX,brake_service_and_repair,brake_service_and_repair,0.77,0.77,"[{""dataset"":""Microsoft"",""record_id"":""1407374890902980"",""update_time"":""2024-02-19T22:05:42.99"",""confidence"":0.77}]","[{""dataset"":""Microsoft"",""record_id"":""844424933205734"",""update_time"":""2024-12-28T17:48:54.687"",""confidence"":0.77}]",false,false,false,false,false,false,false,false
subset,descriptor,1407374891541811,Puregym,PureGym Evesham,7,15,8,1,2,1,"Four Pools Lane, Four Pools Retail Park",Four Pools Retail Park,Evesham,Wor,gym,gym,0.77,0.77,"[{""dataset"":""Microsoft"",""record_id"":""1407374891541811"",""update_time"":""2024-12-18T11:07:43.62"",""confidence"":0.77}]","[{""dataset"":""Microsoft"",""record_id"":""562949964910138"",""update_time"":""2024-02-21T07:01:41.743"",""confidence"":0.77}]",false,false,false,false,false,false,false,false
subset,descriptor,1688849864445936,El Dorado Hills Sports Club and Spa,El Dorado Hills Sports Club,35,27,-8,7,5,-2,530 Post Ct,530 Post Ct,El Dorado Hills,CA,gym,gym,0.77,0.77,"[{""dataset"":""Microsoft"",""record_id"":""1688849864445936"",""update_time"":""2024-12-22T15:18:08.113"",""confidence"":0.77}]","[{""dataset"":""Microsoft"",""record_id"":""281474979405943"",""update_time"":""2022-03-30T17:46:18.25"",""confidence"":0.77}]",false,false,false,false,false,false,false,false
subset,descriptor,562949955127994,Sunrise Financial,Sunrise Financial Service,17,25,8,2,3,1,1275 Whitfield Ave,1275 Whitfield Ave,Sarasota,FL,mortgage_lender,mortgage_lender,0.77,0.77,"[{""dataset"":""Microsoft"",""record_id"":""562949955127994"",""update_time"":""2015-05-15T08:53:03.81"",""confidence"":0.77}]","[{""dataset"":""Microsoft"",""record_id"":""562949958469101"",""update_time"":""2018-09-19T20:10:01.683"",""confidence"":0.77}]",false,false,false,false,false,false,false,false
subset,descriptor,08f08ed358889889037e291e52eb62a5,Full Steam Tromso,Full Steam,17,10,-7,3,2,-1,Søndre Tollbodgate 3,3 Søndre Tollbodgate,Tromsø,54,restaurant,Dining and Drinking > Bar > Pub,0.997898979043525,1.0,"[{""property"":"""",""dataset"":""meta"",""record_id"":""1177707439045003"",""update_time"":""2025-01-06T08:00:00.000Z"",""confidence"":0.9908651262761956},{""property"":""/properties/existence"",""dataset"":""Microsoft"",""record_id"":""1125899910241075"",""update_time"":""2024-12-31T12:29:23.850Z"",""confidence"":0.77}]","[{""property"":"""",""dataset"":""FourSquare"",""record_id"":""5c66ffcdc876c8002c90b10e"",""update_time"":""2024-02-07T00:00:00.000"",""confidence"":1.0}]",false,false,false,false,false,false,false,false
subset,descriptor,08f1846b0494d2c603809a7f5845603a,Marionnaud France,MARIONNAUD,17,10,-7,2,1,-1,13B Avenue Pierre Guéguin,13 BIS AVENUE PIERRE GUEGUIN,Concarneau,,cosmetic_and_beauty_supplies,Retail > Cosmetics Store,0.9544061302681992,1.0,"[{""property"":"""",""dataset"":""meta"",""record_id"":""1485637964794126"",""update_time"":""2025-01-06T08:00:00.000Z"",""confidence"":0.9544061302681992}]","[{""property"":"""",""dataset"":""FourSquare"",""record_id"":""4f59c8bbe4b0a5eaef5a2de7"",""update_time"":""2024-07-02T00:00:00.000"",""confidence"":1.0}]",false,false,false,false,false,false,false,false
subset,descriptor,08f1849b1176da690351ac66a3c552f8,Communauté de communes de Lacq Orthez - CCLO,Communauté De Communes De Lacq-orthez,44,37,-7,8,5,-3,Rond-Point des Chênes - BP73,Rond-Point des Chênes,Mourenx,,public_service_and_government,Community and Government,0.48103896103896104,1.0,"[{""property"":"""",""dataset"":""meta"",""record_id"":""1827912467469231"",""update_time"":""2025-01-06T08:00:00.000Z"",""confidence"":0.48103896103896104}]","[{""property"":"""",""dataset"":""FourSquare"",""record_id"":""5e89dd52fa6bca00089ed5f5"",""update_time"":""2024-07-03T00:00:00.000"",""confidence"":1.0}]",false,false,false,false,false,false,false,false
subset,descriptor,08f19430a154193003d34537776c63d0,Bythams Community Shop & Cafe,Bythams Community Shop,29,22,-7,5,3,-2,42 Station Road,46 Station Rd,Grantham,ENG,sandwich_shop,Retail > Convenience Store,0.9837452982267598,1.0,"[{""property"":"""",""dataset"":""meta"",""record_id"":""249651622189930"",""update_time"":""2025-01-06T08:00:00.000Z"",""confidence"":0.9837452982267598}]","[{""property"":"""",""dataset"":""FourSquare"",""record_id"":""717dd2a6b15369a517bea894"",""update_time"":""2023-12-03T00:00:00.000"",""confidence"":1.0}]",false,false,false,false,false,false,false,false
subset,descriptor,08f194adae234690030807b89af95082,Momo and Co.,Momo and Co. Design,12,19,7,3,4,1,8a Replingham Road,17 Replingham Rd,London,ENG,shopping,Business and Professional Services,0.8682352941176471,1.0,"[{""property"":"""",""dataset"":""meta"",""record_id"":""937222316465092"",""update_time"":""2025-01-06T08:00:00.000Z"",""confidence"":0.8682352941176471}]","[{""property"":"""",""dataset"":""FourSquare"",""record_id"":""b2a341eb5eb646ddc76b0555"",""update_time"":""2024-08-08T00:00:00.000"",""confidence"":1.0}]",false,false,true,false,false,false,false,false
subset,descriptor,08f1e2d08a086140034987d408a3dd0f,Galadom Lublin,Galadom,14,7,-7,2,1,-1,ulica Fabryczna 2,Fabryczna 2,Lublin,06,real_estate,pipeline_transportation,0.9919372693726938,0.77,"[{""property"":"""",""dataset"":""meta"",""record_id"":""114331268640429"",""update_time"":""2025-01-06T00:00:00.000Z""},{""property"":""/properties/existence"",""dataset"":""msft"",""record_id"":""562949965453533"",""update_time"":""2025-01-06T00:00:00.000Z""}]","[{""dataset"":""Microsoft"",""record_id"":""562949965453533"",""update_time"":""2024-12-20T06:20:59.087"",""confidence"":0.77}]",false,false,false,false,false,false,false,false
subset,descriptor,08f1e8050dc5e46303ce4d05bd79e0d9,Blutopia | Rome,Blutopia,15,8,-7,3,1,-2,"Via del Pigneto, 116",Via Del Pigneto 116 A,Roma,62,music_and_dvd_store,Retail > Record Store,0.9837452982267598,1.0,"[{""property"":"""",""dataset"":""meta"",""record_id"":""224815700924493"",""update_time"":""2025-01-06T08:00:00.000Z"",""confidence"":0.9837452982267598}]","[{""property"":"""",""dataset"":""FourSquare"",""record_id"":""4efe07f98b81b0190927559f"",""update_time"":""2024-07-03T00:00:00.000"",""confidence"":1.0}]",false,false,false,false,false,false,false,false
subset,descriptor,08f28d5c21b3570303675cd40536d2b8,Economy Fence Center,Economy Fence Center Tacoma,20,27,7,3,4,1,3304 S 30th St,3304 S 30th St,Tacoma,WA,fence_and_gate_sales_service,fence_and_gate_sales_service,0.77,0.77,"[{""property"":"""",""dataset"":""msft"",""record_id"":""562949957421231"",""update_time"":""2025-01-06T00:00:00.000Z""},{""property"":""/properties/existence"",""dataset"":""msft"",""record_id"":""2251799821275221"",""update_time"":""2025-01-06T00:00:00.000Z""},{""property"":""/properties/existence"",""dataset"":""msft"",""record_id"":""1407374883745604"",""update_time"":""2025-01-06T00:00:00.000Z""},{""property"":""/properties/existence"",""dataset"":""msft"",""record_id"":""1125899913026960"",""update_time"":""2025-01-06T00:00:00.000Z""}]","[{""dataset"":""Microsoft"",""record_id"":""1125899913026960"",""update_time"":""2024-10-22T22:00:01.963"",""confidence"":0.77}]",false,false,false,false,false,false,false,false
subset,descriptor,08f2aacb20d1238c03fbe91474e92eb7,Right Aid Home Care,Right Aid Home Care Agency,19,26,7,4,5,1,305 S 60th St,305 S 60th St,Philadelphia,PA,retirement_home,home_health_care,0.9877528662420382,0.77,"[{""property"":"""",""dataset"":""meta"",""record_id"":""487614508090058"",""update_time"":""2025-01-06T00:00:00.000Z""},{""property"":""/properties/existence"",""dataset"":""msft"",""record_id"":""1970324842270343"",""update_time"":""2025-01-06T00:00:00.000Z""},{""property"":""/properties/existence"",""dataset"":""msft"",""record_id"":""1407374890942967"",""update_time"":""2025-01-06T00:00:00.000Z""},{""property"":""/properties/existence"",""dataset"":""msft"",""record_id"":""1125899912932207"",""update_time"":""2025-01-06T00:00:00.000Z""},{""property"":""/properties/existence"",""dataset"":""msft"",""record_id"":""1125899912811436"",""update_time"":""2025-01-06T00:00:00.000Z""}]","[{""dataset"":""Microsoft"",""record_id"":""1407374890942967"",""update_time"":""2024-03-13T08:21:12.187"",""confidence"":0.77}]",false,false,false,false,false,false,false,false
subset,descriptor,08f2b983417951b10336b4afa2d10c16,H&R Block Canada,H&R Block,16,9,-7,3,2,-1,105 Peter St,"105 Peter St, #A",Port Hope,ON,trusts,tax_services,0.9962614185921548,0.77,"[{""property"":"""",""dataset"":""meta"",""record_id"":""171738230077314"",""update_time"":""2025-01-06T00:00:00.000Z""},{""property"":""/properties/existence"",""dataset"":""msft"",""record_id"":""844424933004355"",""update_time"":""2025-01-06T00:00:00.000Z""},{""property"":""/properties/existence"",""dataset"":""msft"",""record_id"":""1125899909506357"",""update_time"":""2025-01-06T00:00:00.000Z""}]","[{""dataset"":""Microsoft"",""record_id"":""1125899909506357"",""update_time"":""2020-10-07T10:11:46.78"",""confidence"":0.77}]",false,false,false,false,false,false,false,false
subset,descriptor,08f2d1032418c25803ba88528702a04c,Uluer Genç Yaşam Merkezi,Uluer Genç Yaşam Merkezi Kuaför,24,31,7,4,5,1,,,,,accommodation,Business and Professional Services > Health and Beauty Service,0.3941504178272981,1.0,"[{""property"":"""",""dataset"":""meta"",""record_id"":""196948230418360"",""update_time"":""2025-01-06T08:00:00.000Z"",""confidence"":0.39415041782729804}]","[{""property"":"""",""dataset"":""FourSquare"",""record_id"":""56095cf2498e62a807784312"",""update_time"":""2020-11-25T00:00:00.000"",""confidence"":1.0}]",false,false,false,false,false,false,false,false
subset,descriptor,08f2f5a81888b92403495c5ae643abb5,コナノスミカ,コナノスミカ　パンとおやつ,6,13,7,1,1,0,経田288-1,,大網白里市,千葉県,restaurant,Dining and Drinking > Bakery,0.77,1.0,"[{""property"":"""",""dataset"":""Microsoft"",""record_id"":""562949964151535"",""update_time"":""2024-12-16T15:30:26.233Z"",""confidence"":0.77}]","[{""property"":"""",""dataset"":""FourSquare"",""record_id"":""634151bb23bd444b6c7f84d0"",""update_time"":""2022-10-08T00:00:00.000"",""confidence"":1.0}]",false,false,false,false,false,false,false,false
subset,descriptor,08f391d6c68013a503feb69b274c877d,Carglass España,Carglass,15,8,-7,2,1,-1,"Avenida de la Guardia Civil, 17","Avenida De La Guardia Civil, 17",Lucena,,auto_glass_service,brake_service_and_repair,0.9962614185921548,0.77,"[{""property"":"""",""dataset"":""meta"",""record_id"":""197399961197838"",""update_time"":""2025-01-06T00:00:00.000Z""},{""property"":""/properties/existence"",""dataset"":""msft"",""record_id"":""844424933498518"",""update_time"":""2025-01-06T00:00:00.000Z""},{""property"":""/properties/existence"",""dataset"":""msft"",""record_id"":""562949962065274"",""update_time"":""2025-01-06T00:00:00.000Z""},{""property"":""/properties/existence"",""dataset"":""msft"",""record_id"":""1970324839043444"",""update_time"":""2025-01-06T00:00:00.000Z""}]","[{""dataset"":""Microsoft"",""record_id"":""844424933498518"",""update_time"":""2024-10-15T18:48:18.707"",""confidence"":0.77}]",false,false,false,false,false,false,false,false
subset,descriptor,08f3956260b9e14003feca2bf0764d0c,Norauto España,Norauto,14,7,-7,2,1,-1,"Carrer del Rei Jaume I, 9",Calle Rei Jaume I 9,Finestrat,,automotive_repair,brake_service_and_repair,0.9962614185921548,0.77,"[{""property"":"""",""dataset"":""meta"",""record_id"":""295967644448975"",""update_time"":""2025-01-06T00:00:00.000Z""},{""property"":""/properties/existence"",""dataset"":""msft"",""record_id"":""562949960003276"",""update_time"":""2025-01-06T00:00:00.000Z""},{""property"":""/properties/existence"",""dataset"":""msft"",""record_id"":""562949957766568"",""update_time"":""2025-01-06T00:00:00.000Z""},{""property"":""/properties/existence"",""dataset"":""msft"",""record_id"":""1407374887472291"",""update_time"":""2025-01-06T00:00:00.000Z""}]","[{""dataset"":""Microsoft"",""record_id"":""1407374887472291"",""update_time"":""2021-04-26T16:39:00.307"",""confidence"":0.77}]",false,false,false,false,false,false,false,false
subset,descriptor,08f441e75886b9100301f5dab038036c,West Bradenton Baptist Church,West Bradenton Baptist,29,22,-7,4,3,-1,1305 43rd St W,4110 14th Ave W,Bradenton,FL,baptist_church,Community and Government > Spiritual Center,0.9837452982267598,1.0,"[{""property"":"""",""dataset"":""meta"",""record_id"":""66168607636"",""update_time"":""2025-01-06T08:00:00.000Z"",""confidence"":0.9837452982267598}]","[{""property"":"""",""dataset"":""FourSquare"",""record_id"":""9c99a7693ab84461fbbd6beb"",""update_time"":""2024-10-11T00:00:00.000"",""confidence"":1.0}]",false,false,false,false,false,false,false,false
subset,descriptor,08f44f0133cf368203f40684f03967f1,Middleburg High School NJROTC,Middleburg High School,29,22,-7,4,3,-1,3750 CR-220,3750 County Road 220,Middleburg,FL,community_center,Community and Government > Education > Primary and Secondary School > High School,0.9253962118283726,1.0,"[{""property"":"""",""dataset"":""meta"",""record_id"":""108598038587891"",""update_time"":""2025-01-06T08:00:00.000Z"",""confidence"":0.9253962118283726}]","[{""property"":"""",""dataset"":""FourSquare"",""record_id"":""4bddac87e75c0f472523c503"",""update_time"":""2024-10-15T00:00:00.000"",""confidence"":1.0}]",false,false,false,false,false,false,false,false
subset,descriptor,08f481b4867658ec03b5f0816ebcd5d2,Centauro Automotriz,Centauro Automotriz Matriz,19,26,7,2,3,1,Avenida Ignacio Vallarta 3700,Av. Américas y Vallarta S/N,,,car_dealer,used_car_dealer,0.9544061302681992,0.77,"[{""property"":"""",""dataset"":""meta"",""record_id"":""111476263884548"",""update_time"":""2025-01-06T00:00:00.000Z""}]","[{""property"":"""",""dataset"":""msft"",""record_id"":""844424934951061"",""update_time"":""2025-01-06T00:00:00.000Z""}]",false,false,false,false,false,false,false,false
subset,descriptor,08f4823ad167532903b45bc53a70221e,The Home Depot México,The Home Depot,21,14,-7,4,3,-1,Calle Benito Juárez 75,Carretera Transpeninsular Benito Juarez Km. 6.5 Col,Cabo San Lucas,BCS,home_and_garden,Retail > Hardware Store,0.7927927927927928,1.0,"[{""property"":"""",""dataset"":""meta"",""record_id"":""1547483718896468"",""update_time"":""2025-01-06T08:00:00.000Z"",""confidence"":0.7927927927927928}]","[{""property"":"""",""dataset"":""FourSquare"",""record_id"":""4c0d8f472466a593f4cf7721"",""update_time"":""2024-01-19T00:00:00.000"",""confidence"":1.0}]",false,false,false,false,false,false,false,false
subset,descriptor,08f4994ad278dba2030555b24af2a5ad,Tiendas 3B Centro,Tiendas 3B,17,10,-7,3,2,-1,Calle 2 Norte 1600,3 Norte,Puebla,,supermarket,Retail > Food and Beverage Retail > Grocery Store,0.9467515923566879,1.0,"[{""property"":"""",""dataset"":""meta"",""record_id"":""100524116317522"",""update_time"":""2025-01-06T08:00:00.000Z"",""confidence"":0.9467515923566879}]","[{""property"":"""",""dataset"":""FourSquare"",""record_id"":""558d7f6d498e44df6eba5801"",""update_time"":""2020-11-23T00:00:00.000"",""confidence"":1.0}]",false,false,false,false,false,false,false,false
subset,descriptor,08f4994ad3c34a0003b71debc06f2bad,Prince Puebla,Prince,13,6,-7,2,1,-1,Avenida Juárez 2116,Av. Juárez,Puebla,,bar,Arts and Entertainment > Night Club,0.8973172987974098,1.0,"[{""property"":"""",""dataset"":""meta"",""record_id"":""160636687339455"",""update_time"":""2025-01-06T08:00:00.000Z"",""confidence"":0.8973172987974098}]","[{""property"":"""",""dataset"":""FourSquare"",""record_id"":""4c676cbf8e9120a1e3f7da64"",""update_time"":""2020-11-30T00:00:00.000"",""confidence"":1.0}]",false,false,false,false,false,false,false,false
subset,descriptor,08f4994ade868848033e46afab040419,Smart Fit México,Smart Fit,16,9,-7,3,2,-1,Calzada Zavaleta 50,Plazavaleta,Puebla,,gym,Sports and Recreation > Gym and Studio,0.9837452982267598,1.0,"[{""property"":"""",""dataset"":""meta"",""record_id"":""179467326296218"",""update_time"":""2025-01-06T08:00:00.000Z"",""confidence"":0.9837452982267598}]","[{""property"":"""",""dataset"":""FourSquare"",""record_id"":""553fe70a498e5896cb69c511"",""update_time"":""2020-11-24T00:00:00.000"",""confidence"":1.0}]",false,false,false,false,false,false,false,false
subset,descriptor,08f4995ba06309a80335644dd186b4b6,Dr. Ramón Salgado Medina,Dr. Ramón Salgado,24,17,-7,4,3,-1,Tlacotalpan 59-int 705,Tlacotalpan,,,urologist,Health and Medicine > Physician > Doctor's Office,0.9253962118283726,1.0,"[{""property"":"""",""dataset"":""meta"",""record_id"":""1859127187650007"",""update_time"":""2025-01-06T08:00:00.000Z"",""confidence"":0.9253962118283726}]","[{""property"":"""",""dataset"":""FourSquare"",""record_id"":""56ce135ccd108885a1b7c29b"",""update_time"":""2021-08-11T00:00:00.000"",""confidence"":1.0}]",false,false,false,false,false,false,false,false
subset,descriptor,08f64a4b8a2182d803efaceee497ac25,ก๋วยเตี๋ยวลูกชิ้นปลานายใบ้ ท่าอิฐ,ก๋วยเตี๋ยวลูกชิ้นปลานายใบ้,33,26,-7,2,1,-1,,,,,noodles_restaurant,Dining and Drinking > Restaurant > Asian Restaurant > Noodle Restaurant,0.6214335421016005,1.0,"[{""property"":"""",""dataset"":""meta"",""record_id"":""327544014104989"",""update_time"":""2025-01-06T08:00:00.000Z"",""confidence"":0.6214335421016005}]","[{""property"":"""",""dataset"":""FourSquare"",""record_id"":""4e226ea97d8b71715bb63aba"",""update_time"":""2020-11-20T00:00:00.000"",""confidence"":1.0}]",false,false,false,false,false,false,false,false
subset,descriptor,08f6d231a2d0e8a603781ab4b4091872,Instituto Andes Tuxtla,Instituto Andes,22,15,-7,3,2,-1,Cumbres 1,Av. Cumbres 1,,,private_school,Community and Government > Education,0.9908651262761956,1.0,"[{""property"":"""",""dataset"":""meta"",""record_id"":""192090694205596"",""update_time"":""2025-01-06T08:00:00.000Z"",""confidence"":0.9908651262761956}]","[{""property"":"""",""dataset"":""FourSquare"",""record_id"":""4ce939ecf1c6236a7f4f64f0"",""update_time"":""2023-06-14T00:00:00.000"",""confidence"":1.0}]",false,false,false,false,false,false,false,false
subset,descriptor,08fa8100ea3700da03371e2a51724c83,FIBRA Experts,Fibra Experts - Meet,13,20,7,2,4,2,"Rua Alves Guimarães 1120, 2° andar (Pinheiros)","Rua Alves Guimarães, 1.120, 1120 - Vl Madalena",São Paulo,SP,condominium,Community and Government > Residential Building > Apartment or Condo,0.77,1.0,"[{""property"":"""",""dataset"":""Microsoft"",""record_id"":""562949958666696"",""update_time"":""2019-08-16T21:10:04.800Z"",""confidence"":0.77}]","[{""property"":"""",""dataset"":""FourSquare"",""record_id"":""5c0e64c1bfc6d0002c2849ca"",""update_time"":""2021-08-15T00:00:00.000"",""confidence"":1.0}]",false,false,false,false,false,false,false,false
subset,descriptor,08fa8186206ab06203b13b1910efb454,Centro Comunitario Taiaçu,Centro Comunitário,25,18,-7,3,2,-1,"Avenida Bernardo da Fonseca, 390",Av João Bernardo da Fonseca,Taiaçu,SP,community_center,Arts and Entertainment > Night Club,0.48103896103896104,1.0,"[{""property"":"""",""dataset"":""meta"",""record_id"":""230824447095894"",""update_time"":""2025-01-06T08:00:00.000Z"",""confidence"":0.48103896103896104}]","[{""property"":"""",""dataset"":""FourSquare"",""record_id"":""53093399498e58746f1f5074"",""update_time"":""2020-11-25T00:00:00.000"",""confidence"":1.0}]",false,false,false,false,false,false,false,false
subset,descriptor,08fa81eb2e78d11c03804afe6de4128a,Wizard Brotas,Wizard,13,6,-7,2,1,-1,"Rua Quintino Bocaiúva, 727",Rua Quintino Bocaiuva 720,Brotas,SP,language_school,Community and Government > Education > Language School,0.7927927927927928,1.0,"[{""property"":"""",""dataset"":""meta"",""record_id"":""104249514441929"",""update_time"":""2025-01-06T08:00:00.000Z"",""confidence"":0.7927927927927928}]","[{""property"":"""",""dataset"":""FourSquare"",""record_id"":""4f1d47b3e4b05c50e47030d4"",""update_time"":""2024-01-03T00:00:00.000"",""confidence"":1.0}]",false,false,false,false,false,false,false,false
subset,descriptor,08fb91682e4caa2c03239f9cbc07f2c5,Smiley Mocktail Bar & Cafe,Smiley Mocktail Bar,26,19,-7,5,3,-2,11 Hindmarsh Sq,7/141-159 Rundle Mall,Adelaide,SA,cafe,"Dining and Drinking > Cafe, Coffee, and Tea House > Café",0.9908651262761956,1.0,"[{""property"":"""",""dataset"":""meta"",""record_id"":""100153982228414"",""update_time"":""2025-01-06T08:00:00.000Z"",""confidence"":0.9908651262761956}]","[{""property"":"""",""dataset"":""FourSquare"",""record_id"":""6500f70e6ab1fb7df6271c39"",""update_time"":""2024-10-10T00:00:00.000"",""confidence"":1.0}]",false,false,false,false,false,false,false,false
subset,descriptor,1125899910351149,Pet Supplies Plus Inwood,Pet Supplies Plus,24,17,-7,4,3,-1,561 Burnside Ave,561 Burnside Ave,Inwood,NY,pet_groomer,pet_groomer,0.77,0.77,"[{""dataset"":""Microsoft"",""record_id"":""1125899910351149"",""update_time"":""2021-08-11T17:42:49.83"",""confidence"":0.77}]","[{""dataset"":""Microsoft"",""record_id"":""1970324838970615"",""update_time"":""2020-03-04T16:24:35.593"",""confidence"":0.77}]",false,false,false,false,false,false,false,false
subset,descriptor,1407374889014508,Expressions Floral Design,Expressions Floral Design Studio,25,32,7,3,4,1,1247 N Hamilton Rd,1247 N Hamilton Rd,Columbus,OH,florist,florist,0.77,0.77,"[{""dataset"":""Microsoft"",""record_id"":""1407374889014508"",""update_time"":""2022-09-07T18:29:16.68"",""confidence"":0.77}]","[{""dataset"":""Microsoft"",""record_id"":""562949953601553"",""update_time"":""2024-12-26T17:15:29.407"",""confidence"":0.77}]",false,false,false,false,false,false,false,false
subset,descriptor,08f1ea5a0844374503cfcd8b2707713e,Pizzecco,Pizzecco Paolo,8,14,6,1,2,1,"Via Gemona, 48",Via Gemona 48,Udine,36,fabric_store,Retail > Furniture and Home Store > Carpet Store,0.9837452982267598,1.0,"[{""property"":"""",""dataset"":""meta"",""record_id"":""819538368384260"",""update_time"":""2025-01-06T08:00:00.000Z"",""confidence"":0.9837452982267598}]","[{""property"":"""",""dataset"":""FourSquare"",""record_id"":""33ce15026ed24e60f0f73dfa"",""update_time"":""2024-07-03T00:00:00.000"",""confidence"":1.0}]",false,false,false,false,false,false,false,false
subset,descriptor,08f1f2e4c52535b303d6e2707a0f297b,Svensk Fastighetsförmedling Eslöv,Svensk Fastighetsförmedling,33,27,-6,3,2,-1,Västergatan 5,Stora Torg 8,Eslöv,,real_estate,Business and Professional Services > Real Estate Service,0.997898979043525,1.0,"[{""property"":"""",""dataset"":""meta"",""record_id"":""1591741374424952"",""update_time"":""2025-01-06T08:00:00.000Z"",""confidence"":0.9908651262761956},{""property"":""/properties/existence"",""dataset"":""Microsoft"",""record_id"":""2251799821476213"",""update_time"":""2024-12-31T05:36:43.450Z"",""confidence"":0.77}]","[{""property"":"""",""dataset"":""FourSquare"",""record_id"":""6af7fb8b326d40519a9fe3ac"",""update_time"":""2023-12-05T00:00:00.000"",""confidence"":1.0}]",false,false,false,false,false,false,false,false
subset,descriptor,08f1fa136c155ab603b09af88837ae7a,Forst und Garten Diehl,Forst und Garten,22,16,-6,4,3,-1,Freier Grunder Straße 117,Freier Grunder Str. 117,Wilnsdorf,,landscaping,Business and Professional Services > Home Improvement Service > Landscaper and Gardener,0.48103896103896104,1.0,"[{""property"":"""",""dataset"":""meta"",""record_id"":""1758393194453134"",""update_time"":""2025-01-06T08:00:00.000Z"",""confidence"":0.48103896103896104}]","[{""property"":"""",""dataset"":""FourSquare"",""record_id"":""09dbfced6432456ad852896f"",""update_time"":""2024-10-08T00:00:00.000"",""confidence"":1.0}]",false,false,false,false,false,false,false,false
subset,descriptor,08f1fa59513a595d032fdd2acd350b85,Praxis für Logopädie und Lerntherapie,Praxis für Logopädie und Lerntherapie B & B,37,43,6,5,8,3,Frankenstraße 21,Frankenstr. 23,Emmerich am Rhein,,speech_therapist,Health and Medicine > Physical Therapy Clinic,0.9544061302681992,1.0,"[{""property"":"""",""dataset"":""meta"",""record_id"":""246473102114128"",""update_time"":""2025-01-06T08:00:00.000Z"",""confidence"":0.9544061302681992}]","[{""property"":"""",""dataset"":""FourSquare"",""record_id"":""511e73cc0a264ce2c14a18d6"",""update_time"":""2024-10-08T00:00:00.000"",""confidence"":1.0}]",false,false,false,false,false,false,false,false
subset,descriptor,08f26561a6018621030d6d13a1a39c49,Pro Car Wash South/North,Pro Car Wash South,24,18,-6,4,4,0,300 Park Dr,,Smithville,MO,automotive_repair,Business and Professional Services > Automotive Service > Automotive Repair Shop,0.9908651262761956,1.0,"[{""property"":"""",""dataset"":""meta"",""record_id"":""445932575532169"",""update_time"":""2025-01-06T08:00:00.000Z"",""confidence"":0.9908651262761956}]","[{""property"":"""",""dataset"":""FourSquare"",""record_id"":""4caf345e1463a1439d8592a9"",""update_time"":""2024-10-13T00:00:00.000"",""confidence"":1.0}]",false,false,false,false,false,false,false,false
subset,descriptor,08f265b99ed5411c0341cd44b8312f03,Kyle Citty,"Kyle Citty, M.D.",10,16,6,2,3,1,2900 Hawkins Dr,2900 Hawkins Dr,Searcy,AR,doctor,obstetrician_and_gynecologist,0.9962614185921548,0.77,"[{""property"":"""",""dataset"":""meta"",""record_id"":""217308444986104"",""update_time"":""2025-01-06T00:00:00.000Z""},{""property"":""/properties/existence"",""dataset"":""msft"",""record_id"":""1407374888155459"",""update_time"":""2025-01-06T00:00:00.000Z""},{""property"":""/properties/existence"",""dataset"":""msft"",""record_id"":""1407374888043278"",""update_time"":""2025-01-06T00:00:00.000Z""},{""property"":""/properties/existence"",""dataset"":""msft"",""record_id"":""1407374888043277"",""update_time"":""2025-01-06T00:00:00.000Z""},{""property"":""/properties/existence"",""dataset"":""msft"",""record_id"":""1407374888041106"",""update_time"":""2025-01-06T00:00:00.000Z""},{""property"":""/properties/existence"",""dataset"":""msft"",""record_id"":""1407374887134337"",""update_time"":""2025-01-06T00:00:00.000Z""}]","[{""dataset"":""Microsoft"",""record_id"":""1407374888041106"",""update_time"":""2024-01-18T17:32:25.83"",""confidence"":0.77}]",false,false,false,false,false,false,false,false
subset,descriptor,08f266694502872403989d4401e969b0,English Rows Dental Group,English Rows Dental,25,19,-6,4,3,-1,3027 English Rows Ave,3027 English Row Ave,Naperville,IL,dentist,Health and Medicine > Dentist,0.997898979043525,1.0,"[{""property"":"""",""dataset"":""meta"",""record_id"":""293858925139"",""update_time"":""2025-01-06T08:00:00.000Z"",""confidence"":0.9908651262761956},{""property"":""/properties/existence"",""dataset"":""Microsoft"",""record_id"":""844424930349761"",""update_time"":""2013-01-29T11:44:56.500Z"",""confidence"":0.77}]","[{""property"":"""",""dataset"":""FourSquare"",""record_id"":""4bb39d7b42959c74a532222c"",""update_time"":""2024-10-12T00:00:00.000"",""confidence"":1.0}]",false,false,false,false,false,false,false,false
subset,descriptor,08f2681a5dd0d6b303b66abf759ffcae,Fantastic Nails & Spa,Fantastic Nails,21,15,-6,4,2,-2,5706 W 88th Ave,,Westminster,CO,beauty_and_spa,Business and Professional Services > Health and Beauty Service > Nail Salon,0.9837452982267598,1.0,"[{""property"":"""",""dataset"":""meta"",""record_id"":""100486214880523"",""update_time"":""2025-01-06T08:00:00.000Z"",""confidence"":0.9837452982267598}]","[{""property"":"""",""dataset"":""FourSquare"",""record_id"":""64978491b7ffeb704111296b"",""update_time"":""2023-06-25T00:00:00.000"",""confidence"":1.0}]",false,false,false,false,false,false,false,false
subset,descriptor,08f26cd0e6b6030903e056a5a4151b08,"Murphy USA #6583",Murphy USA,16,10,-6,3,2,-1,3805 Lamar Ave,3805 Lamar Ave,Paris,TX,gas_station,gas_station,0.9523423423423424,0.77,"[{""property"":"""",""dataset"":""meta"",""record_id"":""182667995134252"",""update_time"":""2025-01-06T00:00:00.000Z""},{""property"":""/properties/existence"",""dataset"":""msft"",""record_id"":""562949958712173"",""update_time"":""2025-01-06T00:00:00.000Z""}]","[{""dataset"":""Microsoft"",""record_id"":""562949958712173"",""update_time"":""2019-07-04T23:31:02.24"",""confidence"":0.77}]",true,false,false,false,false,false,false,false
subset,descriptor,08f29a199c2de6c403788b26d043babf,"Juris Law Group, P.C.",Juris Law Group,21,15,-6,4,3,-1,"10215 Santa Monica Blvd., Ste 2",10215 Santa Monica Blvd Ste 2,Century City,CA,online_shop,online_shop,0.77,0.77,"[{""property"":"""",""dataset"":""msft"",""record_id"":""1688849866390462"",""update_time"":""2025-01-06T00:00:00.000Z""},{""property"":""/properties/existence"",""dataset"":""msft"",""record_id"":""1688849865618561"",""update_time"":""2025-01-06T00:00:00.000Z""}]","[{""dataset"":""Microsoft"",""record_id"":""1688849865618561"",""update_time"":""2023-05-09T20:35:06.887"",""confidence"":0.77}]",false,false,false,false,false,false,false,false
subset,descriptor,08f2a33d337235160341eb36de1b0940,Junior Bruins Hockey Camps,Junior Bruins Hockey,26,20,-6,4,3,-1,121 Donald Lynch Blvd,121 Donald Lynch Blvd,Marlborough,MA,sports_club_and_league,Sports and Recreation > Sports Club,0.28686635944700467,1.0,"[{""property"":"""",""dataset"":""meta"",""record_id"":""506773802712685"",""update_time"":""2025-01-06T08:00:00.000Z"",""confidence"":0.2868663594470046}]","[{""property"":"""",""dataset"":""FourSquare"",""record_id"":""3da01fc24f4440472b16cdd0"",""update_time"":""2024-10-14T00:00:00.000"",""confidence"":1.0}]",false,false,false,false,false,false,false,false
subset,descriptor,08f2aac6c880490d0366d0ef3078177a,Snap Fitness Joppa,Snap Fitness,18,12,-6,3,2,-1,413 Pulaski Hwy,413 Pulaski Hwy,Joppa,MD,gym,gym,0.9962614185921548,0.77,"[{""property"":"""",""dataset"":""meta"",""record_id"":""104135494325526"",""update_time"":""2025-01-06T00:00:00.000Z""},{""property"":""/properties/existence"",""dataset"":""msft"",""record_id"":""562949963000402"",""update_time"":""2025-01-06T00:00:00.000Z""},{""property"":""/properties/existence"",""dataset"":""msft"",""record_id"":""562949953492469"",""update_time"":""2025-01-06T00:00:00.000Z""},{""property"":""/properties/existence"",""dataset"":""msft"",""record_id"":""1407374885612152"",""update_time"":""2025-01-06T00:00:00.000Z""}]","[{""dataset"":""Microsoft"",""record_id"":""562949953492469"",""update_time"":""2013-07-03T14:27:26.603"",""confidence"":0.77}]",false,false,false,false,false,false,false,false
subset,descriptor,08f2aae57264c5180369377f2f5e3d4a,"Hamilton Ruritan Club #1646",Hamilton Ruritan Club,27,21,-6,4,3,-1,4565 Edenville Rd,4498 Edenville Rd,Chambersburg,PA,social_service_organizations,Sports and Recreation,0.6214335421016005,1.0,"[{""property"":"""",""dataset"":""meta"",""record_id"":""1429843610472511"",""update_time"":""2025-01-06T08:00:00.000Z"",""confidence"":0.6214335421016005}]","[{""property"":"""",""dataset"":""FourSquare"",""record_id"":""19d08eb2e72d447663e8f766"",""update_time"":""2024-10-11T00:00:00.000"",""confidence"":1.0}]",true,false,false,false,false,false,false,false
subset,descriptor,08f2ba86ae7436460305560e1acd61d2,Sports Experts Magog,Sports Experts,20,14,-6,3,2,-1,346 Rue Principale O,346 Rue Principale Ouest,Magog,QC,sporting_goods,Retail > Sporting Goods Retail,0.9837452982267598,1.0,"[{""property"":"""",""dataset"":""meta"",""record_id"":""164750654094823"",""update_time"":""2025-01-06T08:00:00.000Z"",""confidence"":0.9837452982267598}]","[{""property"":"""",""dataset"":""FourSquare"",""record_id"":""5d421de959272b0008180682"",""update_time"":""2024-10-07T00:00:00.000"",""confidence"":1.0}]",false,false,false,false,false,false,false,false
subset,descriptor,08f2baa4a38803b4030fff24e83b9e53,Industria Pizzeria,Industria Pizzeria + Bar,18,24,6,2,4,2,1323 Boulevard Michèle-Bohec,1323 Blvd Michèle-Bohec,Blainville,QC,pizza_restaurant,bar,0.997898979043525,0.77,"[{""property"":"""",""dataset"":""meta"",""record_id"":""431954747297410"",""update_time"":""2025-01-06T00:00:00.000Z""},{""property"":""/properties/existence"",""dataset"":""msft"",""record_id"":""562949959211256"",""update_time"":""2025-01-06T00:00:00.000Z""},{""property"":""/properties/existence"",""dataset"":""msft"",""record_id"":""1407374891431872"",""update_time"":""2025-01-06T00:00:00.000Z""}]","[{""dataset"":""Microsoft"",""record_id"":""1407374891431872"",""update_time"":""2024-11-05T18:37:33.247"",""confidence"":0.77}]",false,false,false,false,false,false,false,false
subset,descriptor,08f396cb6912ad000340ccfcbe06ce49,Les Hospitaliers,Les Hospitaliers Hotel,16,22,6,2,3,1,95 Rue Neuve,La Garenne et la Loze,Le Poët-Laval,,hotel,Travel and Transportation > Lodging > Hotel,0.9837452982267598,1.0,"[{""property"":"""",""dataset"":""meta"",""record_id"":""470198019718572"",""update_time"":""2025-01-06T08:00:00.000Z"",""confidence"":0.9837452982267598}]","[{""property"":"""",""dataset"":""FourSquare"",""record_id"":""4bdee76afe0e62b51c0a0606"",""update_time"":""2024-07-03T00:00:00.000"",""confidence"":1.0}]",false,false,false,false,false,false,false,false
subset,descriptor,08f44a9ba64f038d03c3e379ed796485,Bahama Bay Resort,Bahama Bay Resort & Spa,17,23,6,3,5,2,304 Rum Run,400 Gran Bahama Blvd,Davenport,FL,hotel,Travel and Transportation > Lodging > Resort,0.48103896103896104,1.0,"[{""property"":"""",""dataset"":""meta"",""record_id"":""807020269326162"",""update_time"":""2025-01-06T08:00:00.000Z"",""confidence"":0.48103896103896104}]","[{""property"":"""",""dataset"":""FourSquare"",""record_id"":""4bd6e5d71728986e522ab735"",""update_time"":""2024-10-24T00:00:00.000"",""confidence"":1.0}]",false,false,false,false,false,false,false,false
subset,descriptor,08f44d98e090865d032189974eb99946,Batteries Plus Bulbs,Batteries Plus,20,14,-6,3,2,-1,61 Weaver Blvd,61 Weaver Blvd Ste 115,Weaverville,NC,lighting_store,battery_store,0.9962614185921548,0.77,"[{""property"":"""",""dataset"":""meta"",""record_id"":""122872015040547"",""update_time"":""2025-01-06T00:00:00.000Z""},{""property"":""/properties/existence"",""dataset"":""msft"",""record_id"":""562949957572413"",""update_time"":""2025-01-06T00:00:00.000Z""}]","[{""property"":"""",""dataset"":""msft"",""record_id"":""562949958702591"",""update_time"":""2025-01-06T00:00:00.000Z""},{""property"":""/properties/existence"",""dataset"":""msft"",""record_id"":""1407374891006716"",""update_time"":""2025-01-06T00:00:00.000Z""},{""property"":""/properties/existence"",""dataset"":""msft"",""record_id"":""1407374891005793"",""update_time"":""2025-01-06T00:00:00.000Z""},{""property"":""/properties/existence"",""dataset"":""msft"",""record_id"":""1125899911339164"",""update_time"":""2025-01-06T00:00:00.000Z""}]",false,false,false,false,false,false,false,false
subset,descriptor,08f64a6b4236677403cc793222a2a938,ฅ.กาแฟ ซดสด,ฅ.กาแฟ ซด สด 2555,11,17,6,2,4,2,ริมคลองชลประทาน,ริมคลองชลประทาน,Lop Buri,,coffee_shop,"Dining and Drinking > Cafe, Coffee, and Tea House > Coffee Shop",0.28686635944700467,1.0,"[{""property"":"""",""dataset"":""meta"",""record_id"":""501272753236334"",""update_time"":""2025-01-06T08:00:00.000Z"",""confidence"":0.2868663594470046}]","[{""property"":"""",""dataset"":""FourSquare"",""record_id"":""513989d1e4b06e012ec0efce"",""update_time"":""2020-11-30T00:00:00.000"",""confidence"":1.0}]",false,true,false,false,false,false,false,false
subset,descriptor,08fbe085a649119103cdee4bf64a472b,BWS,BWS Dural,3,9,6,1,2,1,500 Old Northern Rd,"Round Corner, 494-500 Old Northern Road",Sydney,NSW,liquor_store,beer_wine_and_spirits,0.9895134099616858,0.77,"[{""property"":"""",""dataset"":""meta"",""record_id"":""222499408126912"",""update_time"":""2025-01-06T00:00:00.000Z""},{""property"":""/properties/existence"",""dataset"":""msft"",""record_id"":""844424934673814"",""update_time"":""2025-01-06T00:00:00.000Z""}]","[{""dataset"":""Microsoft"",""record_id"":""844424934673814"",""update_time"":""2024-11-06T14:01:55.86"",""confidence"":0.77}]",false,false,false,false,false,false,false,false
subset,descriptor,1407374888884529,Rewe To Go,REWE,10,4,-6,3,1,-2,"Ferdinand-Wallbrecht-Straße, Aral",Isernhagener Str. 103-107,Hannover,Lower Saxony,convenience_store,supermarket,0.77,0.77,"[{""dataset"":""Microsoft"",""record_id"":""1407374888884529"",""update_time"":""2024-12-16T16:53:12.287"",""confidence"":0.77}]","[{""dataset"":""Microsoft"",""record_id"":""562949957120804"",""update_time"":""2017-04-16T19:08:28.323"",""confidence"":0.77}]",false,false,false,false,false,false,false,false
subset,descriptor,1970324838691605,Southland Casino,Southland Casino Hotel,16,22,6,2,3,1,1550 Ingram Blvd,1550 Ingram Blvd,West Memphis,AR,hotel,hotel,0.77,0.77,"[{""dataset"":""Microsoft"",""record_id"":""1970324838691605"",""update_time"":""2020-03-23T17:51:12.75"",""confidence"":0.77}]","[{""dataset"":""Microsoft"",""record_id"":""562949964699748"",""update_time"":""2024-09-18T04:41:51.103"",""confidence"":0.77}]",false,false,false,false,false,false,false,false
subset,descriptor,2251799819434396,Clifton and Lewis Insurance Group,Clifton And Lewis Insurance,33,27,-6,5,4,-1,38232 5th Ave,38232 5th Ave,Zephyrhills,FL,auto_insurance,auto_insurance,0.77,0.77,"[{""dataset"":""Microsoft"",""record_id"":""2251799819434396"",""update_time"":""2021-09-01T15:12:51.003"",""confidence"":0.77}]","[{""dataset"":""Microsoft"",""record_id"":""2251799819435040"",""update_time"":""2020-08-18T16:52:36.59"",""confidence"":0.77}]",false,false,false,false,false,false,false,false
subset,descriptor,08f19583922f1b1a03d546e3a5e14164,Royce Rolls Cafe,Royce Rolls,16,11,-5,3,2,-1,"St Nicholas Market, Wine St",St Nicholas Market,,,cafe,"Dining and Drinking > Cafe, Coffee, and Tea House > Café",0.9837452982267598,1.0,"[{""property"":"""",""dataset"":""meta"",""record_id"":""328835900468444"",""update_time"":""2025-01-06T08:00:00.000Z"",""confidence"":0.9837452982267598}]","[{""property"":"""",""dataset"":""FourSquare"",""record_id"":""5364e62d498e5f20dad9f6d2"",""update_time"":""2024-05-21T00:00:00.000"",""confidence"":1.0}]",false,false,false,false,false,false,false,false
subset,descriptor,08f1e3359d14e6cc038bc1d545dc5ba5,Olina Küchen,olina-Küchen Linz,12,17,5,2,2,0,Freistädter Str. 400,Freistädter Straße 400,,,retail,kitchen_supply_store,0.9877528662420382,0.77,"[{""property"":"""",""dataset"":""meta"",""record_id"":""1620569851359794"",""update_time"":""2025-01-06T00:00:00.000Z""},{""property"":""/properties/existence"",""dataset"":""msft"",""record_id"":""1688849866299388"",""update_time"":""2025-01-06T00:00:00.000Z""},{""property"":""/properties/existence"",""dataset"":""msft"",""record_id"":""1125899908944420"",""update_time"":""2025-01-06T00:00:00.000Z""}]","[{""dataset"":""Microsoft"",""record_id"":""1688849866299388"",""update_time"":""2024-12-31T00:03:22.86"",""confidence"":0.77}]",false,false,false,false,false,false,false,false
subset,descriptor,08f1fb46634f384a0314fed59221c447,Mast',Masterfood,5,10,5,1,1,0,38 Rue Faidherbe,38 Rue Faidherbe,Paris,,pizza_restaurant,Dining and Drinking > Restaurant > Asian Restaurant,0.9908651262761956,1.0,"[{""property"":"""",""dataset"":""meta"",""record_id"":""109278183932375"",""update_time"":""2025-01-06T08:00:00.000Z"",""confidence"":0.9908651262761956}]","[{""property"":"""",""dataset"":""FourSquare"",""record_id"":""4e2712a08877d0ffee86f96e"",""update_time"":""2024-07-03T00:00:00.000"",""confidence"":1.0}]",false,false,false,false,false,false,false,false
subset,descriptor,08f2661b3146010a034c780796f6e9cd,The UPS Store 6285,The UPS Store,18,13,-5,4,3,-1,1389 W 86th St,1389 W 86th St,Indianapolis,IN,freight_and_cargo_service,"Business and Professional Services > Shipping, Freight, and Material Transportation Service",0.9837452982267598,1.0,"[{""property"":"""",""dataset"":""meta"",""record_id"":""348189538651531"",""update_time"":""2025-01-06T08:00:00.000Z"",""confidence"":0.9837452982267598}]","[{""property"":"""",""dataset"":""FourSquare"",""record_id"":""50772de4e4b0e6ae4f467894"",""update_time"":""2024-11-14T00:00:00.000"",""confidence"":1.0}]",true,false,false,false,false,false,false,false
subset,descriptor,08f2696a82ace4c60350ad42d5f3cf02,Just Law,Just Law Utah,8,13,5,2,3,1,2040 E 3300 S Ste 3,2040 E 3300 S Ste 3,Salt Lake City,UT,divorce_and_family_law,divorce_and_family_law,0.9129297146833681,0.77,"[{""property"":"""",""dataset"":""msft"",""record_id"":""844424932879588"",""update_time"":""2025-01-06T00:00:00.000Z""},{""property"":""/properties/existence"",""dataset"":""msft"",""record_id"":""1970324841451248"",""update_time"":""2025-01-06T00:00:00.000Z""},{""property"":""/properties/existence"",""dataset"":""msft"",""record_id"":""1125899910366006"",""update_time"":""2025-01-06T00:00:00.000Z""},{""property"":""/properties/existence"",""dataset"":""meta"",""record_id"":""143808158809681"",""update_time"":""2025-01-06T00:00:00.000Z""}]","[{""dataset"":""Microsoft"",""record_id"":""1125899912859642"",""update_time"":""2024-11-19T09:28:55.293"",""confidence"":0.77}]",false,false,false,false,false,false,false,false
subset,descriptor,08f26caa1bc29d99039ac2458f9731a3,Walmart Azle,Walmart,12,7,-5,2,1,-1,721 Boyd Rd,721 Boyd Rd,Azle,TX,shopping,pharmacy,0.9962614185921548,0.77,"[{""property"":"""",""dataset"":""meta"",""record_id"":""157164527699391"",""update_time"":""2025-01-06T00:00:00.000Z""},{""property"":""/properties/existence"",""dataset"":""msft"",""record_id"":""562949955143185"",""update_time"":""2025-01-06T00:00:00.000Z""},{""property"":""/properties/existence"",""dataset"":""msft"",""record_id"":""562949955058879"",""update_time"":""2025-01-06T00:00:00.000Z""},{""property"":""/properties/existence"",""dataset"":""msft"",""record_id"":""1407374888019996"",""update_time"":""2025-01-06T00:00:00.000Z""},{""property"":""/properties/existence"",""dataset"":""msft"",""record_id"":""1407374888003603"",""update_time"":""2025-01-06T00:00:00.000Z""},{""property"":""/properties/existence"",""dataset"":""msft"",""record_id"":""1407374885202449"",""update_time"":""2025-01-06T00:00:00.000Z""}]","[{""dataset"":""Microsoft"",""record_id"":""1407374885206032"",""update_time"":""2024-12-30T17:38:12.403"",""confidence"":0.77}]",false,false,false,false,false,false,false,false
subset,descriptor,08f27526f2292b9b03cc5e9c91085d68,University of Minnesota Medical Center,University of Minnesota Medical Center NICU,38,43,5,5,6,1,2450 Riverside Ave,2450 Riverside Ave,Minneapolis,MN,hospital,Health and Medicine > Hospital,0.9097222222222222,1.0,"[{""property"":"""",""dataset"":""meta"",""record_id"":""1783261151899466"",""update_time"":""2025-01-06T08:00:00.000Z"",""confidence"":0.9097222222222222}]","[{""property"":"""",""dataset"":""FourSquare"",""record_id"":""56dc8577cd1020ad85c81354"",""update_time"":""2024-10-16T00:00:00.000"",""confidence"":1.0}]",false,false,false,false,false,false,false,false
subset,descriptor,08f29ac4d97884c3037914ed26b3061a,The UPS Store 7313,The UPS Store,18,13,-5,4,3,-1,136 Allen Rd,"136 Allen Rd, Ste 100",Bakersfield,CA,packing_supply,courier_and_delivery_services,0.9962614185921548,0.77,"[{""property"":"""",""dataset"":""meta"",""record_id"":""100846865363319"",""update_time"":""2025-01-06T00:00:00.000Z""},{""property"":""/properties/existence"",""dataset"":""msft"",""record_id"":""562949961382306"",""update_time"":""2025-01-06T00:00:00.000Z""}]","[{""dataset"":""Microsoft"",""record_id"":""562949961382306"",""update_time"":""2024-12-27T10:05:07.563"",""confidence"":0.77}]",true,false,false,false,false,false,false,false
subset,descriptor,08f2a92a8c54d533034329dc2c045529,Marathon Gas,Marathon Gas & DQ,12,17,5,2,4,2,2351 N Centerville Rd,I-70 Centerville,,,gas_station,Travel and Transportation > Fuel Station,0.9645127118644068,1.0,"[{""property"":"""",""dataset"":""meta"",""record_id"":""2119190511464810"",""update_time"":""2025-01-06T08:00:00.000Z"",""confidence"":0.9645127118644068}]","[{""property"":"""",""dataset"":""FourSquare"",""record_id"":""504f57fee4b0eb5d2016dfdf"",""update_time"":""2024-10-25T00:00:00.000"",""confidence"":1.0}]",false,false,false,false,false,false,false,false
subset,descriptor,08f30e1d8332e4cd03e5851235f9d929,숙명여자대학교 박물관·미술관,숙명여자대학교박물관,15,10,-5,2,1,-1,서울시 용산구 청파로49길 99,청파동2가 53-12,Yongsan District,,art_gallery,museum,0.48103896103896104,0.3941504178272981,"[{""property"":"""",""dataset"":""meta"",""record_id"":""107730392378400"",""update_time"":""2025-01-06T00:00:00.000Z""}]","[{""property"":"""",""dataset"":""meta"",""record_id"":""146692235429373"",""update_time"":""2025-01-06T00:00:00.000Z""}]",false,false,false,false,false,false,false,false
subset,descriptor,08f445b8d6c91ccc03f84166d606be43,Water Valley Housing Authority,Water Valley Housing Auth,30,25,-5,4,4,0,232 Blackmur Dr,300 Blackmur Dr,Water Valley,MS,public_service_and_government,Community and Government > Housing Authority,0.9837452982267598,1.0,"[{""property"":"""",""dataset"":""meta"",""record_id"":""117350067929120"",""update_time"":""2025-01-06T08:00:00.000Z"",""confidence"":0.9837452982267598}]","[{""property"":"""",""dataset"":""FourSquare"",""record_id"":""75cdfdf92d9046c0ae857394"",""update_time"":""2024-10-12T00:00:00.000"",""confidence"":1.0}]",false,false,false,false,false,false,false,false
subset,descriptor,08f44d0b21db402403ebbb87ae0839ba,"Tammy Medlin, FNP",Tammy Medlin,17,12,-5,3,2,-1,"97 Sea Island Pkwy., Ste 203",97 Sea Island Pkwy Ste 203,Lady's Island,SC,doctor,doctor,0.77,0.77,"[{""property"":"""",""dataset"":""msft"",""record_id"":""562949961963479"",""update_time"":""2025-01-06T00:00:00.000Z""},{""property"":""/properties/existence"",""dataset"":""msft"",""record_id"":""1970324839897929"",""update_time"":""2025-01-06T00:00:00.000Z""}]","[{""dataset"":""Microsoft"",""record_id"":""1970324839897929"",""update_time"":""2022-12-02T22:14:27.233"",""confidence"":0.77}]",false,false,false,false,false,false,false,false
subset,descriptor,08f4995b1028b2210322fef4bce0aa96,Spectron Desarrollo S.C.,Spectron Desarrollo,24,19,-5,3,2,-1,Bosque de Duraznos 127,Paseo De Duraznos 127 Piso 4,Miguel Hidalgo,CMX,accountant,Business and Professional Services > Office,0.9445655559015883,1.0,"[{""property"":"""",""dataset"":""meta"",""record_id"":""212420452497205"",""update_time"":""2025-01-06T08:00:00.000Z"",""confidence"":0.9445655559015883}]","[{""property"":"""",""dataset"":""FourSquare"",""record_id"":""5703fcb6498e907e787eec4a"",""update_time"":""2021-08-10T00:00:00.000"",""confidence"":1.0}]",false,false,false,false,false,false,false,false
subset,descriptor,08f652053659995103fad3f07aceb6c8,Vighna Bamboo Briyani - JB,Vighna Bamboo Briyani,26,21,-5,5,3,-2,10 Jalan Pertama,11 jalan pertama 5,Johor Bahru,,indian_restaurant,Dining and Drinking > Restaurant > Indian Restaurant,0.7927927927927928,1.0,"[{""property"":"""",""dataset"":""meta"",""record_id"":""1535976173115024"",""update_time"":""2025-01-06T08:00:00.000Z"",""confidence"":0.7927927927927928}]","[{""property"":"""",""dataset"":""FourSquare"",""record_id"":""656f2a57f54caa3ce42c841d"",""update_time"":""2024-10-15T00:00:00.000"",""confidence"":1.0}]",false,false,false,false,false,false,false,false
subset,descriptor,08f66e090c896d5d0364d4aefdf74788,Agromundisales,Agromundisales Ltda,14,19,5,1,2,1,Calle 9 Sur 8,Calle 9 S 8-62,"Bogotá, D.C.",,agriculture,Retail,0.28671328671328666,1.0,"[{""property"":"""",""dataset"":""meta"",""record_id"":""107801071483964"",""update_time"":""2025-01-06T08:00:00.000Z"",""confidence"":0.2867132867132867}]","[{""property"":"""",""dataset"":""FourSquare"",""record_id"":""28aace9ffdef44044b87b02a"",""update_time"":""2024-05-08T00:00:00.000"",""confidence"":1.0}]",false,false,false,false,false,false,false,false
subset,descriptor,08f8db1b63944b0503d3c536866fd54a,Bonanza Cafe,Bonanza Cafe&Rest,12,17,5,2,2,0,"Jl. Pancur, Sumpilan Utara, Lumutan, Kec. Botolinggo, Kabupaten Bondowoso","Jl. Pancur, Sumpelan Utara, Lumutan, Kec. Prajekan, Kabupaten Bondowoso, Jawa Timur",Bondowoso,,coffee_shop,Dining and Drinking > Restaurant,0.3941504178272981,1.0,"[{""property"":"""",""dataset"":""meta"",""record_id"":""112436468189852"",""update_time"":""2025-01-06T08:00:00.000Z"",""confidence"":0.39415041782729804}]","[{""property"":"""",""dataset"":""FourSquare"",""record_id"":""62c4f721bf89ce567fcfdc5e"",""update_time"":""2024-07-16T00:00:00.000"",""confidence"":1.0}]",false,false,false,false,false,false,false,false
subset,descriptor,08fa83136c8188e903b91a34b4994790,Hospital CDOP,Hospital,13,8,-5,2,1,-1,"Avenida Silva Jardim, 4172",R Silva Jardim 3888,Curitiba,PR,medical_center,Health and Medicine > Hospital,0.7927927927927928,1.0,"[{""property"":"""",""dataset"":""meta"",""record_id"":""495827110500104"",""update_time"":""2025-01-06T08:00:00.000Z"",""confidence"":0.7927927927927928}]","[{""property"":"""",""dataset"":""FourSquare"",""record_id"":""4edf2a1a0e612072ea239ac9"",""update_time"":""2021-08-14T00:00:00.000"",""confidence"":1.0}]",false,false,false,false,false,false,false,false
subset,descriptor,1125899907017552,Sears,Sears Home,5,10,5,1,2,1,1627-1 Opelika Rd,1627 Opelika Rd Ste 1,Auburn,AL,department_store,department_store,0.77,0.77,"[{""dataset"":""Microsoft"",""record_id"":""1125899907017552"",""update_time"":""2014-05-21T21:28:38.103"",""confidence"":0.77}]","[{""dataset"":""Microsoft"",""record_id"":""562949955114178"",""update_time"":""2015-05-15T08:43:03"",""confidence"":0.77}]",false,false,false,false,false,false,false,false
subset,descriptor,1125899909630421,OfficeMax Tech,OfficeMax,14,9,-5,2,1,-1,"350 ORCHARD PARK ROAD, WEST SENECA PLAZA",350 Orchard Park Rd,WEST SENECA,NY,information_technology_company,office_equipment,0.77,0.77,"[{""dataset"":""Microsoft"",""record_id"":""1125899909630421"",""update_time"":""2020-12-16T15:21:26.147"",""confidence"":0.77}]","[{""dataset"":""Microsoft"",""record_id"":""1407374890719522"",""update_time"":""2024-02-16T09:07:08.487"",""confidence"":0.77}]",false,false,false,false,false,false,false,false
subset,descriptor,562949955151694,Wells Fargo,Wells Fargo Bank,11,16,5,2,3,1,2301 Kell Blvd,2301 Kell Blvd,Wichita Falls,TX,bank_credit_union,bank_credit_union,0.77,0.77,"[{""dataset"":""Microsoft"",""record_id"":""562949955151694"",""update_time"":""2015-05-15T09:09:53.813"",""confidence"":0.77}]","[{""dataset"":""Microsoft"",""record_id"":""562949957781537"",""update_time"":""2024-12-20T13:05:10.877"",""confidence"":0.77}]",false,false,false,false,false,false,false,false
subset,descriptor,08f1e9d82a6648590331f345a97b0189,Villa Sofia b&b,Villa Sofia,15,11,-4,3,2,-1,"Via Nocelle, 101",Via Nocelle 116,L'Aquila,65,bed_and_breakfast,Travel and Transportation,0.9837452982267598,1.0,"[{""property"":"""",""dataset"":""meta"",""record_id"":""349501088503318"",""update_time"":""2025-01-06T08:00:00.000Z"",""confidence"":0.9837452982267598}]","[{""property"":"""",""dataset"":""FourSquare"",""record_id"":""5030dfc0e4b0c5661d8b7929"",""update_time"":""2024-07-03T00:00:00.000"",""confidence"":1.0}]",false,false,false,false,false,false,false,false
subset,descriptor,08f1f14ab63038d50325e59ff5a13089,Radwechsel,Radwechsel GbR,10,14,4,1,2,1,Bahnhofstraße 9,Ohrbült 5,Zetel,,bicycle_shop,online_shop,0.9877528662420382,0.77,"[{""property"":"""",""dataset"":""meta"",""record_id"":""110840011503112"",""update_time"":""2025-01-06T00:00:00.000Z""},{""property"":""/properties/existence"",""dataset"":""msft"",""record_id"":""1125899911382017"",""update_time"":""2025-01-06T00:00:00.000Z""}]","[{""dataset"":""Microsoft"",""record_id"":""1125899911382017"",""update_time"":""2023-10-16T07:45:24.643"",""confidence"":0.77}]",false,false,false,false,false,false,false,false
subset,descriptor,08f2663a6e140095038779db6731c181,"Smoker Friendly Discount Tobacco #27",Smoker Friendly Discount Tobacco,36,32,-4,5,4,-1,2501 S 3rd St,,Terre Haute,IN,tobacco_shop,Retail > Smoke Shop,0.9837452982267598,1.0,"[{""property"":"""",""dataset"":""meta"",""record_id"":""387436251398103"",""update_time"":""2025-01-06T08:00:00.000Z"",""confidence"":0.9837452982267598}]","[{""property"":"""",""dataset"":""FourSquare"",""record_id"":""532d7cf9498ecc0322fe50c6"",""update_time"":""2024-10-12T00:00:00.000"",""confidence"":1.0}]",false,false,false,false,false,false,false,false
subset,descriptor,08f26f4441284853034e61baf325cd7c,Colby Dodge Chrysler Jeep Ram,Colby Dodge Chrysler Jeep,29,25,-4,5,4,-1,1000 Taylor Ave,1000 Taylor Ave,Colby,KS,car_dealer,used_car_dealer,0.997898979043525,0.77,"[{""property"":"""",""dataset"":""meta"",""record_id"":""552963358090588"",""update_time"":""2025-01-06T00:00:00.000Z""},{""property"":""/properties/existence"",""dataset"":""msft"",""record_id"":""562949954974707"",""update_time"":""2025-01-06T00:00:00.000Z""},{""property"":""/properties/existence"",""dataset"":""msft"",""record_id"":""281474978498421"",""update_time"":""2025-01-06T00:00:00.000Z""},{""property"":""/properties/existence"",""dataset"":""msft"",""record_id"":""281474978498418"",""update_time"":""2025-01-06T00:00:00.000Z""},{""property"":""/properties/existence"",""dataset"":""msft"",""record_id"":""1688849860365737"",""update_time"":""2025-01-06T00:00:00.000Z""},{""property"":""/properties/existence"",""dataset"":""msft"",""record_id"":""1407374889052544"",""update_time"":""2025-01-06T00:00:00.000Z""}]","[{""dataset"":""Microsoft"",""record_id"":""562949954974707"",""update_time"":""2015-05-14T09:24:53.653"",""confidence"":0.77}]",false,false,false,false,false,false,false,false
subset,descriptor,08f275d2b08dc3b20361fd24c778f068,Survive Alive House,Survive Alive House MFD,19,23,4,3,4,1,2059 S 20th St,2028 W Vilter Ln,Milwaukee,WI,public_and_government_association,Landmarks and Outdoors > Structure,0.9645127118644068,1.0,"[{""property"":"""",""dataset"":""meta"",""record_id"":""414656882240316"",""update_time"":""2025-01-06T08:00:00.000Z"",""confidence"":0.9645127118644068}]","[{""property"":"""",""dataset"":""FourSquare"",""record_id"":""4d6527576d943704018473bf"",""update_time"":""2024-10-11T00:00:00.000"",""confidence"":1.0}]",false,false,false,false,false,false,false,false
subset,descriptor,08f2830c62ad92480302e79197e2c157,Kaiser Permanente,Kaiser Permanente DME,17,21,4,2,3,1,2880 Shadelands Dr,2800 Shadelands Dr,Walnut Creek,CA,health_and_medical,Health and Medicine > Physician > Doctor's Office,0.28671328671328666,1.0,"[{""property"":"""",""dataset"":""meta"",""record_id"":""151159171587041"",""update_time"":""2025-01-06T08:00:00.000Z"",""confidence"":0.2867132867132867}]","[{""property"":"""",""dataset"":""FourSquare"",""record_id"":""4d24faf65886a093ae37ef52"",""update_time"":""2024-10-14T00:00:00.000"",""confidence"":1.0}]",false,false,false,false,false,false,false,false
subset,descriptor,08f28f5da5c1e45503ed4a9474f21209,Wing Sing Bar,Wing Sing,13,9,-4,3,2,-1,658 Main St,,Philomath,OR,karaoke,Dining and Drinking > Restaurant > Asian Restaurant > Chinese Restaurant,0.3941504178272981,1.0,"[{""property"":"""",""dataset"":""meta"",""record_id"":""175107292695967"",""update_time"":""2025-01-06T08:00:00.000Z"",""confidence"":0.39415041782729804}]","[{""property"":"""",""dataset"":""FourSquare"",""record_id"":""4e0248ec88776240d3f7af47"",""update_time"":""2024-10-12T00:00:00.000"",""confidence"":1.0}]",false,false,false,false,false,false,false,false
subset,descriptor,08f390ca05845b1e035f3debc9e06d88,Sausalito Bar,Sausalito,13,9,-4,2,1,-1,"Avenida Real, 38",Avenida Real,Madrid,,pub,Dining and Drinking > Bar > Pub,0.9544061302681992,1.0,"[{""property"":"""",""dataset"":""meta"",""record_id"":""534998200290767"",""update_time"":""2025-01-06T08:00:00.000Z"",""confidence"":0.9544061302681992}]","[{""property"":"""",""dataset"":""FourSquare"",""record_id"":""4bdb61072a3a0f47ebc2aeb6"",""update_time"":""2024-06-13T00:00:00.000"",""confidence"":1.0}]",false,false,false,false,false,false,false,false
subset,descriptor,08f444668a2b1b8503e480fb26ccbb0e,Tractor Supply Co.,Tractor Supply,18,14,-4,3,2,-1,1884 N Collins Blvd,1884 N Collins Blvd,Covington,LA,hardware_store,pet_store,0.9962614185921548,0.77,"[{""property"":"""",""dataset"":""meta"",""record_id"":""747251522074650"",""update_time"":""2025-01-06T00:00:00.000Z""},{""property"":""/properties/existence"",""dataset"":""msft"",""record_id"":""1407374888721457"",""update_time"":""2025-01-06T00:00:00.000Z""},{""property"":""/properties/existence"",""dataset"":""msft"",""record_id"":""1125899912092307"",""update_time"":""2025-01-06T00:00:00.000Z""}]","[{""dataset"":""Microsoft"",""record_id"":""1407374888721457"",""update_time"":""2024-12-26T07:25:41.79"",""confidence"":0.77}]",false,false,true,false,false,false,false,false
subset,descriptor,08f44e150b4332ab03ddd7cd318987fc,Dothan Nails Spa,Dothan Nails,16,12,-4,3,2,-1,3341 S Oates St,3341 S Oates St Ste 104,Dothan,AL,nail_salon,nail_salon,0.9962614185921548,0.77,"[{""property"":"""",""dataset"":""meta"",""record_id"":""119290504436782"",""update_time"":""2025-01-06T00:00:00.000Z""},{""property"":""/properties/existence"",""dataset"":""msft"",""record_id"":""1125899912467418"",""update_time"":""2025-01-06T00:00:00.000Z""},{""property"":""/properties/existence"",""dataset"":""msft"",""record_id"":""1125899912465678"",""update_time"":""2025-01-06T00:00:00.000Z""}]","[{""dataset"":""Microsoft"",""record_id"":""1125899912467418"",""update_time"":""2024-11-16T19:49:26.903"",""confidence"":0.77}]",false,false,false,false,false,false,false,false
subset,descriptor,08f6941324903ae4031455cf6893414b,Oh My Goodness OMG,Oh My Goodness,18,14,-4,4,3,-1,Del Pilar,,Cabanatuan City,,bubble_tea,"Dining and Drinking > Cafe, Coffee, and Tea House > Bubble Tea Shop",0.3941504178272981,1.0,"[{""property"":"""",""dataset"":""meta"",""record_id"":""2082241958452856"",""update_time"":""2025-01-06T08:00:00.000Z"",""confidence"":0.39415041782729804}]","[{""property"":"""",""dataset"":""FourSquare"",""record_id"":""5d988029bee778000791fbd2"",""update_time"":""2020-11-22T00:00:00.000"",""confidence"":1.0}]",false,false,false,false,false,false,false,false
subset,descriptor,08f8b221a404320d03b459bdb2275ea1,Etcetera BAR,Etcetera,12,8,-4,2,1,-1,"Calle Chuquisaca, casi esquina Moldes",C. Chuquisaca casi C. Moldes,Santa Cruz de la Sierra,,bar,Dining and Drinking > Bar,0.28671328671328666,1.0,"[{""property"":"""",""dataset"":""meta"",""record_id"":""1723467757882493"",""update_time"":""2025-01-06T08:00:00.000Z"",""confidence"":0.2867132867132867}]","[{""property"":"""",""dataset"":""FourSquare"",""record_id"":""502afec0e4b0661ae367c4da"",""update_time"":""2020-11-25T00:00:00.000"",""confidence"":1.0}]",false,false,false,false,false,false,false,false
subset,descriptor,08fa8a0613483728030dd803ffe085d3,Geomecânica,Geomecânica S/A,11,15,4,1,2,1,Rua Bela 1128,,Rio de Janeiro,RJ,engineering_services,Business and Professional Services > Office,0.8606545961002786,1.0,"[{""property"":"""",""dataset"":""Microsoft"",""record_id"":""1125899907791934"",""update_time"":""2015-03-31T04:04:01.737Z"",""confidence"":0.77},{""property"":""/properties/existence"",""dataset"":""meta"",""record_id"":""226670184030268"",""update_time"":""2025-01-06T08:00:00.000Z"",""confidence"":0.39415041782729804}]","[{""property"":"""",""dataset"":""FourSquare"",""record_id"":""4faa7014e4b0b7e221429d7d"",""update_time"":""2024-07-02T00:00:00.000"",""confidence"":1.0}]",false,false,false,false,false,false,false,false
subset,descriptor,1407374887851201,Chinese Foot Massage & Body Relax,Chinese Foot Massage & Body Relax Spa,33,37,4,6,7,1,750 N Henderson St,750 N Henderson St,Galesburg,IL,massage,massage,0.77,0.77,"[{""dataset"":""Microsoft"",""record_id"":""1407374887851201"",""update_time"":""2021-03-26T21:37:15.09"",""confidence"":0.77}]","[{""dataset"":""Microsoft"",""record_id"":""1970324840982856"",""update_time"":""2024-12-28T08:58:31.45"",""confidence"":0.77}]",false,false,false,false,false,false,false,false
subset,descriptor,08f194adb468b9480304669b0f1c8bbf,Mail Boxes Etc. UK,Mail Boxes ETC.,18,15,-3,4,3,-1,4 Spring Bridge Road,"4 Spring Bridge Road, Ealing",London,ENG,professional_services,courier_and_delivery_services,0.9895134099616858,0.77,"[{""property"":"""",""dataset"":""meta"",""record_id"":""148836305744826"",""update_time"":""2025-01-06T00:00:00.000Z""},{""property"":""/properties/existence"",""dataset"":""msft"",""record_id"":""562949958318060"",""update_time"":""2025-01-06T00:00:00.000Z""},{""property"":""/properties/existence"",""dataset"":""msft"",""record_id"":""2251799818484704"",""update_time"":""2025-01-06T00:00:00.000Z""},{""property"":""/properties/existence"",""dataset"":""msft"",""record_id"":""1407374886136667"",""update_time"":""2025-01-06T00:00:00.000Z""},{""property"":""/properties/existence"",""dataset"":""msft"",""record_id"":""1125899912328230"",""update_time"":""2025-01-06T00:00:00.000Z""},{""property"":""/properties/existence"",""dataset"":""msft"",""record_id"":""1125899908753899"",""update_time"":""2025-01-06T00:00:00.000Z""}]","[{""dataset"":""Microsoft"",""record_id"":""1407374886136667"",""update_time"":""2024-12-18T15:41:27.36"",""confidence"":0.77}]",false,false,false,false,false,false,false,false
subset,descriptor,08f2661b7016194a032ee6510609a5e5,Glasrite,"Glasrite #2",8,11,3,1,2,1,6790 E 32nd St,,Indianapolis,IN,home_improvement_store,,0.7927927927927928,1.0,"[{""property"":"""",""dataset"":""meta"",""record_id"":""168810469802569"",""update_time"":""2025-01-06T08:00:00.000Z"",""confidence"":0.7927927927927928}]","[{""property"":"""",""dataset"":""FourSquare"",""record_id"":""4cb45abe75ebb60cebbde1ad"",""update_time"":""2024-10-15T00:00:00.000"",""confidence"":1.0}]",false,false,false,false,false,false,false,false
subset,descriptor,08f28308d5a4ea9303716a263b3d1a91,Massagebyronn,Massagebyronn123,13,16,3,1,1,0,Bernhard Ave,Bernhard Ave,,,spas,massage,0.9792361111111111,0.77,"[{""property"":"""",""dataset"":""meta"",""record_id"":""726173977840478"",""update_time"":""2025-01-06T00:00:00.000Z""},{""property"":""/properties/existence"",""dataset"":""msft"",""record_id"":""1407374887923048"",""update_time"":""2025-01-06T00:00:00.000Z""}]","[{""dataset"":""Microsoft"",""record_id"":""1407374887923048"",""update_time"":""2024-12-27T08:15:15.917"",""confidence"":0.77}]",false,false,false,false,false,false,false,false
subset,descriptor,08f2aacb1cb304020377d2cc6e36a071,Lidl US,Lidl,7,4,-3,2,1,-1,420 E MacDade Blvd,420 Macdade Blvd,Folsom,PA,supermarket,retail,0.9962614185921548,0.77,"[{""property"":"""",""dataset"":""meta"",""record_id"":""2076627859316005"",""update_time"":""2025-01-06T00:00:00.000Z""},{""property"":""/properties/existence"",""dataset"":""msft"",""record_id"":""844424932468070"",""update_time"":""2025-01-06T00:00:00.000Z""},{""property"":""/properties/existence"",""dataset"":""msft"",""record_id"":""281474978464774"",""update_time"":""2025-01-06T00:00:00.000Z""}]","[{""dataset"":""Microsoft"",""record_id"":""281474978464774"",""update_time"":""2020-01-06T13:41:17.75"",""confidence"":0.77}]",false,false,false,false,false,false,false,false
subset,descriptor,08f489546c8e4b9b03a5b4c22503cd42,"Le salonce #2",Le Salonce,13,10,-3,3,2,-1,2701 Ayers St,,Corpus Christi,TX,beauty_salon,Business and Professional Services > Health and Beauty Service > Hair Salon,0.9837452982267598,1.0,"[{""property"":"""",""dataset"":""meta"",""record_id"":""574936749230081"",""update_time"":""2025-01-06T08:00:00.000Z"",""confidence"":0.9837452982267598}]","[{""property"":"""",""dataset"":""FourSquare"",""record_id"":""4f73336ee4b0c4fe4604d521"",""update_time"":""2024-10-14T00:00:00.000"",""confidence"":1.0}]",false,false,false,false,false,false,false,false
subset,descriptor,08f2e6bb160421800369e3688cfc04a7,いきなり! ステーキ 出雲斐川町,いきなりステーキ出雲斐川町店,16,14,-2,3,1,-2,島根県出雲市斐川町荘原１０８,斐川町荘原108番,出雲市,,steakhouse,Dining and Drinking > Restaurant > Steakhouse,0.9837452982267598,1.0,"[{""property"":"""",""dataset"":""meta"",""record_id"":""1670293329732982"",""update_time"":""2025-01-06T08:00:00.000Z"",""confidence"":0.9837452982267598}]","[{""property"":"""",""dataset"":""FourSquare"",""record_id"":""5aecfcc85455b20039b14c16"",""update_time"":""2024-08-07T00:00:00.000"",""confidence"":1.0}]",false,false,false,false,false,false,false,false
subset,facility_suffix,08f29a1c329aa2ec033de7b514c354dc,CoinFlip,"CoinFlip Bitcoin ATM, Royal Oaks Liquor",8,39,31,1,6,5,511 N 1st Ave,511 N 1st Ave,Arcadia,CA,financial_service,Business and Professional Services > Financial Service > Currency Exchange,0.23154848046309695,1.0,"[{""property"":"""",""dataset"":""meta"",""record_id"":""126335262100340"",""update_time"":""2025-01-06T08:00:00.000Z"",""confidence"":0.23154848046309695}]","[{""property"":"""",""dataset"":""FourSquare"",""record_id"":""5e580086f0f7bb0008d1744b"",""update_time"":""2024-10-14T00:00:00.000"",""confidence"":1.0}]",false,false,false,false,false,false,false,false
subset,facility_suffix,08f12db34575e253037b6f6469146181,Coinstar Kiosk – Bitcoin ATM,Coinstar,28,8,-20,5,1,-4,"Manito Super 1 Foods, 305 W Kathleen Ave",305 W Kathleen Ave,Coeur D Alene,ID,atms,Business and Professional Services > Financial Service > Banking and Finance > Bank,0.77,1.0,"[{""property"":"""",""dataset"":""Microsoft"",""record_id"":""1407374891305913"",""update_time"":""2024-12-30T16:03:50.340Z"",""confidence"":0.77}]","[{""property"":"""",""dataset"":""FourSquare"",""record_id"":""5058991a5d24dabaa9bc716a"",""update_time"":""2024-10-14T00:00:00.000"",""confidence"":1.0}]",false,false,false,false,false,false,false,false
subset,facility_suffix,08f28d0b558a8c92033225a311e5fe0b,Coinstar Kiosk - Bitcoin ATM,Coinstar,28,8,-20,5,1,-4,"7601 Evergreen Way, Safeway",7601 Evergreen Way,Everett,WA,money_transfer_services,Business and Professional Services > Financial Service > Banking and Finance > Bank,0.77,1.0,"[{""property"":"""",""dataset"":""Microsoft"",""record_id"":""1407374891294123"",""update_time"":""2024-12-30T07:40:35.337Z"",""confidence"":0.77}]","[{""property"":"""",""dataset"":""FourSquare"",""record_id"":""505899415d24dabaa9bc85e7"",""update_time"":""2024-10-12T00:00:00.000"",""confidence"":1.0}]",false,false,false,false,false,false,false,false
subset,facility_suffix,08f2a1054b374a6e03b0339d4f43178e,Coinstar Kiosk - Bitcoin ATM,Coinstar,28,8,-20,5,1,-4,"75 Mayhill St, Albertsons",75 Mayhill St,Saddle Brook,NJ,atms,Business and Professional Services > Financial Service > Banking and Finance > Bank,0.77,1.0,"[{""property"":"""",""dataset"":""Microsoft"",""record_id"":""1407374891303813"",""update_time"":""2024-12-30T22:15:51.000Z"",""confidence"":0.77}]","[{""property"":"""",""dataset"":""FourSquare"",""record_id"":""505898dc5d24dabaa9bc5162"",""update_time"":""2024-10-14T00:00:00.000"",""confidence"":1.0}]",false,false,false,false,false,false,false,false
subset,facility_suffix,08f2a8b0d3713a7403fe6010d0ffb732,Coinstar Kiosk – Bitcoin ATM,Coinstar,28,8,-20,5,1,-4,"3228 Randleman Rd, Food Lion",3228 Randleman Rd,Greensboro,NC,atms,Business and Professional Services > Financial Service > Banking and Finance > Bank,0.77,1.0,"[{""property"":"""",""dataset"":""Microsoft"",""record_id"":""1407374891308766"",""update_time"":""2024-12-30T09:16:07.607Z"",""confidence"":0.77}]","[{""property"":"""",""dataset"":""FourSquare"",""record_id"":""505898f05d24dabaa9bc5b84"",""update_time"":""2024-10-11T00:00:00.000"",""confidence"":1.0}]",false,false,false,false,false,false,false,false
subset,facility_suffix,08f260e25c7121b303d84b33416f785d,Bitcoin Depot,Bitcoin Depot | Bitcoin ATM,13,27,14,2,5,3,8524 Park Dr,8524 Park Dr,Omaha,NE,atms,atms,0.9877528662420382,0.77,"[{""property"":"""",""dataset"":""meta"",""record_id"":""101690422257852"",""update_time"":""2025-01-06T00:00:00.000Z""},{""property"":""/properties/existence"",""dataset"":""msft"",""record_id"":""844424933617314"",""update_time"":""2025-01-06T00:00:00.000Z""},{""property"":""/properties/existence"",""dataset"":""msft"",""record_id"":""562949964116177"",""update_time"":""2025-01-06T00:00:00.000Z""}]","[{""dataset"":""Microsoft"",""record_id"":""844424933617314"",""update_time"":""2022-07-12T19:50:29.447"",""confidence"":0.77}]",false,false,false,false,false,false,false,false
subset,facility_suffix,08f26cbd2925b00e030b4221ad033046,Bitcoin Depot,Bitcoin Depot - Bitcoin ATM,13,27,14,2,5,3,825 E Sanford St,825 E Sanford St,Arlington,TX,atms,Business and Professional Services > Financial Service > Banking and Finance > ATM,0.9895134099616858,1.0,"[{""property"":"""",""dataset"":""meta"",""record_id"":""102977202098669"",""update_time"":""2025-01-06T08:00:00.000Z"",""confidence"":0.9544061302681992},{""property"":""/properties/existence"",""dataset"":""Microsoft"",""record_id"":""562949964158411"",""update_time"":""2024-12-04T06:48:22.207Z"",""confidence"":0.77}]","[{""property"":"""",""dataset"":""FourSquare"",""record_id"":""6fc8258eacaa49183d63698d"",""update_time"":""2024-10-15T00:00:00.000"",""confidence"":1.0}]",false,false,false,false,false,false,false,false
subset,facility_suffix,08f27022da661146031df2517711075f,Bitcoin Depot,Bitcoin Depot - Bitcoin ATM,13,27,14,2,5,3,1021 McGregor St,1021 McGregor St,Winnipeg,MB,atms,Business and Professional Services > Financial Service > Banking and Finance > ATM,0.9877528662420382,1.0,"[{""property"":"""",""dataset"":""meta"",""record_id"":""105690138498397"",""update_time"":""2025-01-06T08:00:00.000Z"",""confidence"":0.9467515923566879},{""property"":""/properties/existence"",""dataset"":""Microsoft"",""record_id"":""562949964153162"",""update_time"":""2024-08-31T07:49:59.970Z"",""confidence"":0.77}]","[{""property"":"""",""dataset"":""FourSquare"",""record_id"":""84a0ea7539a74b081c6e2ba0"",""update_time"":""2024-09-27T00:00:00.000"",""confidence"":1.0}]",false,false,false,false,false,false,false,false
subset,facility_suffix,08f29ab815d8516a03dbfd500df59b6d,Bitcoin Depot,Bitcoin Depot - Bitcoin ATM,13,27,14,2,5,3,7010 N West Ave,7010 N West Ave,Fresno,CA,atms,Business and Professional Services > Financial Service > Banking and Finance > ATM,0.9544061302681992,1.0,"[{""property"":"""",""dataset"":""meta"",""record_id"":""105393345158772"",""update_time"":""2025-01-06T08:00:00.000Z"",""confidence"":0.9544061302681992}]","[{""property"":"""",""dataset"":""FourSquare"",""record_id"":""ea135fe052ad4d3cefb0ff2c"",""update_time"":""2024-10-14T00:00:00.000"",""confidence"":1.0}]",false,false,false,false,false,false,false,false
subset,facility_suffix,08f2a8472eb0372603d0a2542fe88cc8,Coinstar,Coinstar | Bitcoin ATM,8,22,14,1,4,3,"Giant Eagle, 254 Yost Blvd",254 Yost Blvd,Pittsburgh,PA,currency_exchange,,0.48103896103896104,1.0,"[{""property"":"""",""dataset"":""meta"",""record_id"":""101307951488864"",""update_time"":""2025-01-06T08:00:00.000Z"",""confidence"":0.48103896103896104}]","[{""property"":"""",""dataset"":""FourSquare"",""record_id"":""47041fffc3858cd420b35792"",""update_time"":""2024-10-12T00:00:00.000"",""confidence"":1.0}]",false,false,false,false,false,false,false,false
subset,facility_suffix,08f44f0572c1bb86032b0d28c6b9a4da,Bitcoin Depot,Bitcoin Depot - Bitcoin ATM,13,27,14,2,5,3,12453 Philips Hwy,12453 Philips Hwy,Jacksonville,FL,atms,Business and Professional Services > Financial Service > Banking and Finance > ATM,0.9872500778573653,1.0,"[{""property"":"""",""dataset"":""meta"",""record_id"":""266451331909108"",""update_time"":""2025-01-06T08:00:00.000Z"",""confidence"":0.9445655559015883},{""property"":""/properties/existence"",""dataset"":""Microsoft"",""record_id"":""844424933619567"",""update_time"":""2022-07-13T03:02:32.793Z"",""confidence"":0.77}]","[{""property"":"""",""dataset"":""FourSquare"",""record_id"":""f0f8db15d2bc42385d3c7cb5"",""update_time"":""2024-10-14T00:00:00.000"",""confidence"":1.0}]",false,false,false,false,false,false,false,false
subset,facility_suffix,08f48c612b131001031729a1c1fbb5ca,Bitcoin Depot,Bitcoin Depot - Bitcoin ATM,13,27,14,2,5,3,6410 Doniphan Dr,6410 Doniphan Dr,El Paso,TX,atms,atms,0.9877528662420382,0.77,"[{""property"":"""",""dataset"":""meta"",""record_id"":""176186654518797"",""update_time"":""2025-01-06T00:00:00.000Z""},{""property"":""/properties/existence"",""dataset"":""msft"",""record_id"":""844424933612153"",""update_time"":""2025-01-06T00:00:00.000Z""},{""property"":""/properties/existence"",""dataset"":""msft"",""record_id"":""562949964151923"",""update_time"":""2025-01-06T00:00:00.000Z""}]","[{""dataset"":""Microsoft"",""record_id"":""562949964151923"",""update_time"":""2024-08-31T00:30:57.737"",""confidence"":0.77}]",false,false,false,false,false,false,false,false
subset,facility_suffix,08f2814b413328ce033257fc7c3fa188,Coinsource,Coinsource Bitcoin ATM,10,22,12,1,3,2,1199 Skyway,1199 Skyway,Chico,CA,atms,Business and Professional Services > Financial Service > Banking and Finance > ATM,0.9877528662420382,1.0,"[{""property"":"""",""dataset"":""meta"",""record_id"":""110738897484682"",""update_time"":""2025-01-06T08:00:00.000Z"",""confidence"":0.9467515923566879},{""property"":""/properties/existence"",""dataset"":""Microsoft"",""record_id"":""1125899910299179"",""update_time"":""2022-03-03T02:32:51.063Z"",""confidence"":0.77}]","[{""property"":"""",""dataset"":""FourSquare"",""record_id"":""5d4bd2d353575c0008c39cd9"",""update_time"":""2024-10-16T00:00:00.000"",""confidence"":1.0}]",false,false,false,false,false,false,false,false
subset,facility_suffix,08f266a11571c8eb03180c0a8fe99a4f,Fifth Third Bank,Fifth Third Bank & ATM,16,22,6,3,5,2,661 S Green River Rd,661 S Green River Rd,Evansville,IN,bank_credit_union,Business and Professional Services > Financial Service > Banking and Finance > Bank,0.9962614185921548,1.0,"[{""property"":"""",""dataset"":""meta"",""record_id"":""167795733235969"",""update_time"":""2025-01-06T08:00:00.000Z"",""confidence"":0.9837452982267598},{""property"":""/properties/existence"",""dataset"":""Microsoft"",""record_id"":""562949959262228"",""update_time"":""2024-12-21T00:59:27.850Z"",""confidence"":0.77}]","[{""property"":"""",""dataset"":""FourSquare"",""record_id"":""4c8f07e54e95236a23fb80ca"",""update_time"":""2024-10-14T00:00:00.000"",""confidence"":1.0}]",false,false,false,false,false,false,false,false
subset,facility_suffix,08f274d56961028c030a85f5d27d2115,Fifth Third Bank,Fifth Third Bank & ATM,16,22,6,3,5,2,123 N Washington St,123 N Washington St,Owosso,MI,bank_credit_union,Business and Professional Services > Financial Service > Banking and Finance > Bank,0.9962614185921548,1.0,"[{""property"":"""",""dataset"":""meta"",""record_id"":""158367004197029"",""update_time"":""2025-01-06T08:00:00.000Z"",""confidence"":0.9837452982267598},{""property"":""/properties/existence"",""dataset"":""Microsoft"",""record_id"":""562949956113017"",""update_time"":""2024-12-21T00:57:42.963Z"",""confidence"":0.77}]","[{""property"":"""",""dataset"":""FourSquare"",""record_id"":""4d388794b9e5224b60da5490"",""update_time"":""2023-08-19T00:00:00.000"",""confidence"":1.0}]",false,false,false,false,false,false,false,false
subset,facility_suffix,08f441a124c1b405038dbedfa98c0914,Fifth Third Bank,Fifth Third Bank & ATM,16,22,6,3,5,2,3411 W Columbus Dr,3411 W Columbus Dr,Tampa,FL,bank_credit_union,Business and Professional Services > Financial Service > Banking and Finance > Bank,0.9962614185921548,1.0,"[{""property"":"""",""dataset"":""meta"",""record_id"":""138899876157459"",""update_time"":""2025-01-06T08:00:00.000Z"",""confidence"":0.9837452982267598},{""property"":""/properties/existence"",""dataset"":""Microsoft"",""record_id"":""281474977610856"",""update_time"":""2015-12-21T22:25:32.177Z"",""confidence"":0.77}]","[{""property"":"""",""dataset"":""FourSquare"",""record_id"":""4c1a4a45e9c4ef3b9f6f45aa"",""update_time"":""2024-10-12T00:00:00.000"",""confidence"":1.0}]",false,false,false,false,false,false,false,false
subset,facility_suffix,08f44c121d8c32d803b69cc8cc243b86,Fifth Third Bank,Fifth Third Bank & ATM,16,22,6,3,5,2,2755 Old Milton Pkwy,2755 Old Milton Pkwy,Alpharetta,GA,bank_credit_union,Business and Professional Services > Financial Service > Banking and Finance > Bank,0.9962614185921548,1.0,"[{""property"":"""",""dataset"":""meta"",""record_id"":""135477623451885"",""update_time"":""2025-01-06T08:00:00.000Z"",""confidence"":0.9837452982267598},{""property"":""/properties/existence"",""dataset"":""Microsoft"",""record_id"":""281474977610958"",""update_time"":""2015-12-21T22:25:33.680Z"",""confidence"":0.77}]","[{""property"":"""",""dataset"":""FourSquare"",""record_id"":""4d89ddbd7139b1f75489bdd4"",""update_time"":""2024-10-14T00:00:00.000"",""confidence"":1.0}]",false,false,false,false,false,false,false,false
subset,facility_suffix,08f2ad02592eac4d036dc2d6a5cac784,CashPoints® ATM,Cashpoints,15,10,-5,2,1,-1,1121 N Lake Park Blvd,North Lake Park Blvd,Carolina Beach,NC,atms,Business and Professional Services > Financial Service > Banking and Finance > Bank,0.77,1.0,"[{""property"":"""",""dataset"":""Microsoft"",""record_id"":""562949958032867"",""update_time"":""2024-10-08T18:39:03.200Z"",""confidence"":0.77}]","[{""property"":"""",""dataset"":""FourSquare"",""record_id"":""4e751a0a52b1c8e5194e8b6a"",""update_time"":""2024-10-15T00:00:00.000"",""confidence"":1.0}]",false,false,false,false,false,false,false,false
subset,facility_suffix,08f264d6e480d83503dfb7f68d82bad5,Bitcoin Depot,Bitcoin Depot ATM,13,17,4,2,3,1,400 S James Campbell Blvd,400 S James Campbell Blvd,Columbia,TN,atms,Business and Professional Services > Financial Service > Banking and Finance > ATM,0.9877528662420382,1.0,"[{""property"":"""",""dataset"":""meta"",""record_id"":""100732848535922"",""update_time"":""2025-01-06T08:00:00.000Z"",""confidence"":0.9467515923566879},{""property"":""/properties/existence"",""dataset"":""Microsoft"",""record_id"":""844424933613676"",""update_time"":""2022-07-13T02:32:07.660Z"",""confidence"":0.77}]","[{""property"":"""",""dataset"":""FourSquare"",""record_id"":""5faf49b53263d34d4c131a00"",""update_time"":""2024-10-12T00:00:00.000"",""confidence"":1.0}]",false,false,false,false,false,false,false,false
subset,facility_suffix,08f266569d56e02a03580edcd1fbf94d,Bitcoin Depot,Bitcoin Depot ATM,13,17,4,2,3,1,1103 Teal Rd,1103 Teal Rd,Lafayette,IN,atms,Business and Professional Services > Financial Service > Banking and Finance > ATM,0.9877528662420382,1.0,"[{""property"":"""",""dataset"":""meta"",""record_id"":""102707311606142"",""update_time"":""2025-01-06T08:00:00.000Z"",""confidence"":0.9467515923566879},{""property"":""/properties/existence"",""dataset"":""Microsoft"",""record_id"":""844424933615225"",""update_time"":""2022-07-13T02:38:27.910Z"",""confidence"":0.77}]","[{""property"":"""",""dataset"":""FourSquare"",""record_id"":""5f75f3f357af14535b128d91"",""update_time"":""2020-12-16T00:00:00.000"",""confidence"":1.0}]",false,false,false,false,false,false,false,false
subset,facility_suffix,08f26cbc30b46acc031c9379a6222fc2,Bitcoin Depot,Bitcoin Depot ATM,13,17,4,2,3,1,4724 SE Loop 820,4724 SE Loop 820,Forest Hill,TX,atms,Business and Professional Services > Financial Service > Banking and Finance > ATM,0.9877528662420382,1.0,"[{""property"":"""",""dataset"":""meta"",""record_id"":""102392964768524"",""update_time"":""2025-01-06T08:00:00.000Z"",""confidence"":0.9467515923566879},{""property"":""/properties/existence"",""dataset"":""Microsoft"",""record_id"":""844424933621279"",""update_time"":""2022-07-13T03:13:56.300Z"",""confidence"":0.77}]","[{""property"":"""",""dataset"":""FourSquare"",""record_id"":""5f7cda67793f6502402718d3"",""update_time"":""2024-10-11T00:00:00.000"",""confidence"":1.0}]",false,false,false,false,false,false,false,false
subset,facility_suffix,08f2e61429028580031a5636435ada53,西野山団地,西野山団地 バス停,5,9,4,1,2,1,山科区勧修寺福岡町,山科区勧修寺冷尻,,,transportation,Travel and Transportation > Transport Hub > Bus Stop,0.9467515923566879,1.0,"[{""property"":"""",""dataset"":""meta"",""record_id"":""1441244336123118"",""update_time"":""2025-01-06T08:00:00.000Z"",""confidence"":0.9467515923566879}]","[{""property"":"""",""dataset"":""FourSquare"",""record_id"":""50b0eaed29a6844efb44fde5"",""update_time"":""2024-08-07T00:00:00.000"",""confidence"":1.0}]",false,false,false,false,false,false,false,false
subset,facility_suffix,08f44a912c6344da0349baa53689eb86,Bitcoin Depot,Bitcoin Depot ATM,13,17,4,2,3,1,3915 W Vine St,3915 W Vine St,Kissimmee,FL,atms,Business and Professional Services > Financial Service > Banking and Finance > ATM,0.9877528662420382,1.0,"[{""property"":"""",""dataset"":""meta"",""record_id"":""101489398694463"",""update_time"":""2025-01-06T08:00:00.000Z"",""confidence"":0.9467515923566879},{""property"":""/properties/existence"",""dataset"":""Microsoft"",""record_id"":""844424933615617"",""update_time"":""2022-07-13T02:44:05.267Z"",""confidence"":0.77}]","[{""property"":"""",""dataset"":""FourSquare"",""record_id"":""604c4326edf9bd69aed9bcc6"",""update_time"":""2023-12-21T00:00:00.000"",""confidence"":1.0}]",false,false,false,false,false,false,false,false
subset,facility_suffix,08f44c13ac82b96e0329e23c29280a2d,Bitcoin Depot,Bitcoin Depot ATM,13,17,4,2,3,1,3820 Pleasantdale Rd,3820 Pleasantdale Rd. Suite B,Atlanta,GA,atms,Business and Professional Services > Financial Service,0.282258064516129,1.0,"[{""property"":"""",""dataset"":""meta"",""record_id"":""353611255113084"",""update_time"":""2025-01-06T08:00:00.000Z"",""confidence"":0.28225806451612906}]","[{""property"":"""",""dataset"":""FourSquare"",""record_id"":""5ba9de9333e118002bb308e2"",""update_time"":""2024-10-11T00:00:00.000"",""confidence"":1.0}]",false,false,false,false,false,false,false,false
subset,facility_suffix,08f2e610de02b680037d2b6832930888,粟生団地,粟生団地バス停,4,7,3,1,1,0,粟生間谷西2丁目9付近,粟生間谷西2丁目9,,,transportation,Travel and Transportation > Transport Hub > Bus Stop,0.9544061302681992,1.0,"[{""property"":"""",""dataset"":""meta"",""record_id"":""723284567843590"",""update_time"":""2025-01-06T08:00:00.000Z"",""confidence"":0.9544061302681992}]","[{""property"":"""",""dataset"":""FourSquare"",""record_id"":""4d8d601c5091a1cdd27a7701"",""update_time"":""2020-11-23T00:00:00.000"",""confidence"":1.0}]",false,false,false,false,false,false,false,false
subset,facility_suffix,08f2e6693541618a032085e5b29cccd0,東名吉田,東名吉田バス停,4,7,3,1,1,0,神戸1480,神戸1480,Shimada-shi,22,transportation,Travel and Transportation > Transport Hub > Bus Stop,0.6214335421016005,1.0,"[{""property"":"""",""dataset"":""meta"",""record_id"":""223903894349966"",""update_time"":""2025-01-06T08:00:00.000Z"",""confidence"":0.6214335421016005}]","[{""property"":"""",""dataset"":""FourSquare"",""record_id"":""4bc90fb5fb84c9b6c9761a3e"",""update_time"":""2020-11-30T00:00:00.000"",""confidence"":1.0}]",false,false,false,false,false,false,false,false
subset,parenthetical,08f1f1371293566103956d37a99719c0,"Praxis für Schmerzmedizin Dr. Carola Vogel, Privatpraxis (Selbstzahler/Privatversicherte)",Praxis für Schmerzmedizin,89,25,-64,8,3,-5,Mündener Str. 70,Mündener Str. 76,Reinhardshagen,Hesse,neurologist,,0.77,1.0,"[{""property"":"""",""dataset"":""Microsoft"",""record_id"":""562949966744563"",""update_time"":""2024-12-07T11:03:10.100Z"",""confidence"":0.77}]","[{""property"":"""",""dataset"":""FourSquare"",""record_id"":""aea6d6c59a7842d4738a923b"",""update_time"":""2023-12-03T00:00:00.000"",""confidence"":1.0}]",false,false,false,false,false,false,false,false
subset,parenthetical,08f64a40d6735b5a03952a0aab95b722,วิทยาลัยเทคนิคพระนครศรีอยุธยา,วิทยาลัยเทคนิคพระนครศรีอยุธยา (Phra Na Khon Sri Ayutthaya Technical College),29,76,47,1,8,7,9 ถนน อู่ทอง,29 ถ.อู่ทอง,พระนครศรีอยุธยา,,campus_building,Community and Government > Education > College and University > Community College,0.6214335421016005,1.0,"[{""property"":"""",""dataset"":""meta"",""record_id"":""300577429952594"",""update_time"":""2025-01-06T08:00:00.000Z"",""confidence"":0.6214335421016005}]","[{""property"":"""",""dataset"":""FourSquare"",""record_id"":""4cca0d571ce5236a09e5bc65"",""update_time"":""2023-12-21T00:00:00.000"",""confidence"":1.0}]",false,false,false,false,false,false,false,false
subset,parenthetical,08f445c3852b21b403b4f8b67256474a,"Schlotzsky's (Colony Way - Madison, MS)",Schlotzsky's,39,12,-27,6,1,-5,205 Colony Way,205 Colony Way,Madison,MS,sandwich_shop,sandwich_shop,0.9962614185921548,0.77,"[{""property"":"""",""dataset"":""meta"",""record_id"":""610134885799730"",""update_time"":""2025-01-06T00:00:00.000Z""},{""property"":""/properties/existence"",""dataset"":""msft"",""record_id"":""562949962059771"",""update_time"":""2025-01-06T00:00:00.000Z""}]","[{""dataset"":""Microsoft"",""record_id"":""562949962059771"",""update_time"":""2024-12-05T17:21:41.87"",""confidence"":0.77}]",false,false,false,false,false,false,false,false
subset,parenthetical,08f64a090e19a48203f58e9c92720d04,สวนอาหารบ้านตะวันแดง,สวนอาหารบ้านตะวันแดง (Baan Tawundang Resturant),20,47,27,1,4,3,,,,,restaurant,Dining and Drinking > Restaurant,0.48103896103896104,1.0,"[{""property"":"""",""dataset"":""meta"",""record_id"":""190239094653846"",""update_time"":""2025-01-06T08:00:00.000Z"",""confidence"":0.48103896103896104}]","[{""property"":"""",""dataset"":""FourSquare"",""record_id"":""56628a28498eb2bfadf547e0"",""update_time"":""2023-06-14T00:00:00.000"",""confidence"":1.0}]",false,false,false,false,false,false,false,false
subset,parenthetical,08f18606561587130300656616c838e9,Centre RNPC Avranches,Centre RNPC AVRANCHES (Quentin sur le homme),21,44,23,3,7,4,2 Z.A. de Cromel,2 ZA de Cromel,Saint-Quentin-sur-le-Homme,,nutritionist,Health and Medicine > Nutritionist,0.9645127118644068,1.0,"[{""property"":"""",""dataset"":""meta"",""record_id"":""101971645457242"",""update_time"":""2025-01-06T08:00:00.000Z"",""confidence"":0.9645127118644068}]","[{""property"":"""",""dataset"":""FourSquare"",""record_id"":""625ffb3889f7381ee5d94af8"",""update_time"":""2024-07-03T00:00:00.000"",""confidence"":1.0}]",false,false,false,false,false,false,false,false
subset,parenthetical,08f29a0328863ce103903c4a284f587f,ComForCare Home Care,"ComForCare Home Care (Rancho Cucamonga, CA)",20,43,23,3,6,3,600 N Mountain Ave,600 N Mountain Ave Ste B200,Upland,CA,home_health_care,home_health_care,0.9962614185921548,0.77,"[{""property"":"""",""dataset"":""meta"",""record_id"":""208143503409934"",""update_time"":""2025-01-06T00:00:00.000Z""},{""property"":""/properties/existence"",""dataset"":""msft"",""record_id"":""844424932611676"",""update_time"":""2025-01-06T00:00:00.000Z""},{""property"":""/properties/existence"",""dataset"":""msft"",""record_id"":""844424932584636"",""update_time"":""2025-01-06T00:00:00.000Z""},{""property"":""/properties/existence"",""dataset"":""msft"",""record_id"":""844424932487214"",""update_time"":""2025-01-06T00:00:00.000Z""},{""property"":""/properties/existence"",""dataset"":""msft"",""record_id"":""844424932358672"",""update_time"":""2025-01-06T00:00:00.000Z""}]","[{""dataset"":""Microsoft"",""record_id"":""844424932487214"",""update_time"":""2019-08-12T18:58:31.26"",""confidence"":0.77}]",false,false,false,false,false,false,false,false
subset,parenthetical,08f28328da76ac1403010b2e85955f60,PetSmart,PetSmart Folsom (East Bidwell),8,30,22,1,4,3,2705 E Bidwell St,2705 E Bidwell St,Folsom,CA,pet_store,pet_store,0.9962614185921548,0.77,"[{""property"":"""",""dataset"":""meta"",""record_id"":""274172226120999"",""update_time"":""2025-01-06T00:00:00.000Z""},{""property"":""/properties/existence"",""dataset"":""msft"",""record_id"":""562949955330680"",""update_time"":""2025-01-06T00:00:00.000Z""},{""property"":""/properties/existence"",""dataset"":""msft"",""record_id"":""562949955088197"",""update_time"":""2025-01-06T00:00:00.000Z""},{""property"":""/properties/existence"",""dataset"":""msft"",""record_id"":""1407374889244008"",""update_time"":""2025-01-06T00:00:00.000Z""},{""property"":""/properties/existence"",""dataset"":""msft"",""record_id"":""1407374888613745"",""update_time"":""2025-01-06T00:00:00.000Z""},{""property"":""/properties/existence"",""dataset"":""msft"",""record_id"":""1407374888613586"",""update_time"":""2025-01-06T00:00:00.000Z""},{""property"":""/properties/existence"",""dataset"":""msft"",""record_id"":""1407374887156936"",""update_time"":""2025-01-06T00:00:00.000Z""},{""property"":""/properties/existence"",""dataset"":""msft"",""record_id"":""1407374883793483"",""update_time"":""2025-01-06T00:00:00.000Z""}]","[{""dataset"":""Microsoft"",""record_id"":""1407374883793483"",""update_time"":""2014-03-14T19:18:56.85"",""confidence"":0.77}]",false,false,false,false,false,false,false,false
subset,parenthetical,08f44ced4db28ab203f8d981f4da9abd,PruittHealth,PruittHealth Hospice (Gainesville),12,34,22,1,3,2,2545 Flintridge Rd,2545 Flintridge Rd Ste 110,Gainesville,GA,hospital,,0.9877528662420382,1.0,"[{""property"":"""",""dataset"":""meta"",""record_id"":""408258496627707"",""update_time"":""2025-01-06T08:00:00.000Z"",""confidence"":0.9467515923566879},{""property"":""/properties/existence"",""dataset"":""Microsoft"",""record_id"":""562949964472354"",""update_time"":""2024-09-17T19:13:42.877Z"",""confidence"":0.77}]","[{""property"":"""",""dataset"":""FourSquare"",""record_id"":""6a9fd2e251627b998a45abd3"",""update_time"":""2024-10-15T00:00:00.000"",""confidence"":1.0}]",false,false,false,false,false,false,false,false
subset,parenthetical,08f64a4b33c0eb00033091316c4d352d,โรงเรียนวรสารพิทยา,โรงเรียนวรสารพิทยา ( เซนต์โยเซฟยานนาวา ),18,40,22,1,4,3,,,,,education,Community and Government > Education,0.3941504178272981,1.0,"[{""property"":"""",""dataset"":""meta"",""record_id"":""152692718128163"",""update_time"":""2025-01-06T08:00:00.000Z"",""confidence"":0.39415041782729804}]","[{""property"":"""",""dataset"":""FourSquare"",""record_id"":""4d9c0f8da83ba09329c0134f"",""update_time"":""2024-02-07T00:00:00.000"",""confidence"":1.0}]",false,false,false,false,false,false,false,false
subset,parenthetical,08f64b018d54d71403e6f180aca04fd1,พีลาตุส อพาร์ทเม้น,พีลาตุส อพาร์ทเม้นท์ (Pilatus Apartment),18,40,22,2,4,2,,,Loei,,landmark_and_historical_building,Community and Government > Residential Building > Apartment or Condo,0.6214335421016005,1.0,"[{""property"":"""",""dataset"":""meta"",""record_id"":""127337497425121"",""update_time"":""2025-01-06T08:00:00.000Z"",""confidence"":0.6214335421016005}]","[{""property"":"""",""dataset"":""FourSquare"",""record_id"":""51c3042c498e040c87459d1e"",""update_time"":""2020-11-24T00:00:00.000"",""confidence"":1.0}]",false,false,false,false,false,false,false,false
subset,parenthetical,08f6482c68d7645503ecec407d8b2c4a,สะพานนครพิงค์,สะพานนครพิงค์ (Nakhonping Bridge),13,33,20,1,3,2,Kaew Nawarat Rd.,Kaew Nawarat Rd.,Chiang Mai,,bridge,Landmarks and Outdoors > Bridge,0.48103896103896104,1.0,"[{""property"":"""",""dataset"":""meta"",""record_id"":""162970280405622"",""update_time"":""2025-01-06T08:00:00.000Z"",""confidence"":0.48103896103896104}]","[{""property"":"""",""dataset"":""FourSquare"",""record_id"":""4ca2060a19e4236a75e46e89"",""update_time"":""2020-12-02T00:00:00.000"",""confidence"":1.0}]",false,false,false,false,false,false,false,false
subset,parenthetical,08f658944b782a9503c1fa77606fa9cf,จิ๋ม&แดง,จิ๋ม&แดง (Jim&Dang Seafood),8,27,19,1,3,2,27 หมู่ที่ 2,27 หมู่ที่ 2,,,seafood_restaurant,Dining and Drinking > Restaurant > Seafood Restaurant,0.28671328671328666,1.0,"[{""property"":"""",""dataset"":""meta"",""record_id"":""190073004377673"",""update_time"":""2025-01-06T08:00:00.000Z"",""confidence"":0.2867132867132867}]","[{""property"":"""",""dataset"":""FourSquare"",""record_id"":""4cd39153d160b1f76bbc24ab"",""update_time"":""2022-11-06T00:00:00.000"",""confidence"":1.0}]",false,false,false,false,false,false,false,false
subset,parenthetical,08f659322ec901b50302691275109b6b,สวนป่าเฉลิมพระเกียรติ,สวนป่าเฉลิมพระเกียรติ (สวนเจ้าแม่ไทรงาม),21,40,19,1,2,1,,,,,nature_reserve,Landmarks and Outdoors > Nature Preserve,0.3941504178272981,1.0,"[{""property"":"""",""dataset"":""meta"",""record_id"":""327013254775325"",""update_time"":""2025-01-06T08:00:00.000Z"",""confidence"":0.39415041782729804}]","[{""property"":"""",""dataset"":""FourSquare"",""record_id"":""55fce221498ee968064bea7b"",""update_time"":""2020-11-26T00:00:00.000"",""confidence"":1.0}]",false,false,false,false,false,false,false,false
subset,parenthetical,08f2f5a0d1c9ab24033c27c71bfee905,みらい平駅,みらい平駅 (Miraidaira Sta.),5,23,18,1,3,2,陽光台1-4-4,陽光台1-4-4,Tsukubamirai-shi,08,train_station,Travel and Transportation > Transport Hub > Rail Station,0.6214335421016005,1.0,"[{""property"":"""",""dataset"":""meta"",""record_id"":""201944983162885"",""update_time"":""2025-01-06T08:00:00.000Z"",""confidence"":0.6214335421016005}]","[{""property"":"""",""dataset"":""FourSquare"",""record_id"":""4b5a729df964a520b6c528e3"",""update_time"":""2021-07-05T00:00:00.000"",""confidence"":1.0}]",false,false,false,false,false,false,false,false
subset,parenthetical,08f4b645a366d3400323227f094357cc,虎侍我炎（とらじがえん）【筑後吉井紅豚餃子】,虎侍我炎,22,4,-18,1,1,0,福岡県うきは市吉井町１２９２,吉井町1292,うきは市,,restaurant,Dining and Drinking > Restaurant > Dumpling Restaurant,0.9837452982267598,1.0,"[{""property"":"""",""dataset"":""meta"",""record_id"":""110133668433505"",""update_time"":""2025-01-06T08:00:00.000Z"",""confidence"":0.9837452982267598}]","[{""property"":"""",""dataset"":""FourSquare"",""record_id"":""6289af76a8253b78e9ff3272"",""update_time"":""2022-09-03T00:00:00.000"",""confidence"":1.0}]",false,false,false,false,false,false,false,false
subset,parenthetical,08f64a485d90050003025778785e590f,อาคารศิลาบาตร,อาคารศิลาบาตร ห้อง313(SBB313),13,29,16,1,2,1,,,,,campus_building,Community and Government > Education > College and University > College Classroom,0.48103896103896104,1.0,"[{""property"":"""",""dataset"":""meta"",""record_id"":""475418112538122"",""update_time"":""2025-01-06T08:00:00.000Z"",""confidence"":0.48103896103896104}]","[{""property"":"""",""dataset"":""FourSquare"",""record_id"":""4f95124fe4b059d7db3d40c6"",""update_time"":""2021-08-17T00:00:00.000"",""confidence"":1.0}]",false,false,false,false,false,false,false,false
subset,parenthetical,08f194ad34bb144d03d83a161fc2c70d,ATM (Post Office),Atm,17,3,-14,3,1,-2,"481 Cambridge Heath Road, Bethnel Green",481 Cambridge Heath Rd,London,"",atms,,0.77,1.0,"[{""property"":"""",""dataset"":""Microsoft"",""record_id"":""562949963921310"",""update_time"":""2024-07-27T13:31:33.497Z"",""confidence"":0.77}]","[{""property"":"""",""dataset"":""FourSquare"",""record_id"":""c997edce056bee9127763f92"",""update_time"":""2024-07-20T00:00:00.000"",""confidence"":1.0}]",false,false,false,false,false,false,false,false
subset,parenthetical,08f195c774b43d510370840367cdff4a,ATM (Post Office),Atm,17,3,-14,3,1,-2,"157 Bridgnorth Road, Wollaston",157 Bridgnorth Rd,Stourbridge,"",post_office,,0.77,1.0,"[{""property"":"""",""dataset"":""Microsoft"",""record_id"":""562949963937581"",""update_time"":""2024-07-27T13:27:04.620Z"",""confidence"":0.77}]","[{""property"":"""",""dataset"":""FourSquare"",""record_id"":""15e853b283c91ffd74de79ee"",""update_time"":""2023-12-03T00:00:00.000"",""confidence"":1.0}]",false,false,false,false,false,false,false,false
subset,parenthetical,08f195db493431320381b4048d82235d,ATM (Post Office),Atm,17,3,-14,3,1,-2,"345 Hertford Road, Lower Edmonton",345 Hertford Rd,London,"",atms,,0.77,1.0,"[{""property"":"""",""dataset"":""Microsoft"",""record_id"":""562949963920727"",""update_time"":""2024-07-27T13:32:17.230Z"",""confidence"":0.77}]","[{""property"":"""",""dataset"":""FourSquare"",""record_id"":""982baae2968e9720c59971ac"",""update_time"":""2024-10-16T00:00:00.000"",""confidence"":1.0}]",false,false,false,false,false,false,false,false
subset,parenthetical,08f64a4583d1990003e04fff4c02417b,วัดวาลุการาม,วัดวาลุการาม (หนองผักบุ้ง),12,26,14,1,2,1,,,,,religious_organization,Community and Government > Spiritual Center > Temple,0.6214335421016005,1.0,"[{""property"":"""",""dataset"":""meta"",""record_id"":""106774437834685"",""update_time"":""2025-01-06T08:00:00.000Z"",""confidence"":0.6214335421016005}]","[{""property"":"""",""dataset"":""FourSquare"",""record_id"":""509dbeb9e4b09f0184bbd8ef"",""update_time"":""2020-11-23T00:00:00.000"",""confidence"":1.0}]",false,false,false,false,false,false,false,false
subset,parenthetical,08f1e8052a66522e03092d1ebca3cc32,Liceo Scientifico Isacco Newton,Liceo Scientifico Isacco Newton (succursale),31,44,13,4,5,1,"Via dell'Olmata, 4",Via Dell'Olmata,Roma,62,high_school,Community and Government > Education > College and University,0.9645127118644068,1.0,"[{""property"":"""",""dataset"":""meta"",""record_id"":""110348562362213"",""update_time"":""2025-01-06T08:00:00.000Z"",""confidence"":0.9645127118644068}]","[{""property"":"""",""dataset"":""FourSquare"",""record_id"":""564c67a3498edf2f562d2055"",""update_time"":""2023-06-15T00:00:00.000"",""confidence"":1.0}]",false,false,false,false,false,false,false,false
subset,parenthetical,08f64b505561491603fc6471ee03d4ec,นารานวดแผนไทย,นารานวดแผนไทย (Massage),13,23,10,1,2,1,บ้านคลองศาลา,บ้านคลองศาลา,,,spas,Business and Professional Services > Health and Beauty Service > Spa,0.3941504178272981,1.0,"[{""property"":"""",""dataset"":""meta"",""record_id"":""1477248642564820"",""update_time"":""2025-01-06T08:00:00.000Z"",""confidence"":0.39415041782729804}]","[{""property"":"""",""dataset"":""FourSquare"",""record_id"":""501df071e4b004c545f7c830"",""update_time"":""2020-11-25T00:00:00.000"",""confidence"":1.0}]",false,false,false,false,false,false,false,false
subset,parenthetical,08f64b6c2e51d1a103224e3307e4b0a9,ส้มตำไทเฮา,ส้มตำไทเฮา(ยายบาง),10,18,8,1,1,0,,,,,restaurant,Dining and Drinking > Restaurant,0.28671328671328666,1.0,"[{""property"":"""",""dataset"":""meta"",""record_id"":""851768501554883"",""update_time"":""2025-01-06T08:00:00.000Z"",""confidence"":0.2867132867132867}]","[{""property"":"""",""dataset"":""FourSquare"",""record_id"":""4e522d1c88775123c0e511aa"",""update_time"":""2023-12-20T00:00:00.000"",""confidence"":1.0}]",false,false,false,false,false,false,false,false
subset,parenthetical,08f1e354f26c6d9003ca8345d5c01ff3,Sídliště Libuš,Sídliště Libuš (bus),14,20,6,2,3,1,Generála Šišky,Generála Šišky,,,transportation,Travel and Transportation > Transport Hub > Bus Stop,0.6214335421016005,1.0,"[{""property"":"""",""dataset"":""meta"",""record_id"":""267296667306231"",""update_time"":""2025-01-06T08:00:00.000Z"",""confidence"":0.6214335421016005}]","[{""property"":"""",""dataset"":""FourSquare"",""record_id"":""4e75d9321f6e072f13d8b001"",""update_time"":""2021-08-12T00:00:00.000"",""confidence"":1.0}]",false,false,false,false,false,false,false,false
subset,parenthetical,08f28a6d5425cc25036a19e18ff103fb,Vitality Integrated Programs,Vitality Integrated Programs (VIP),28,34,6,3,4,1,215 Bluffs Ave,215 Bluffs Ave Ste s 100,Elko,NV,counseling_and_mental_health,health_and_medical,0.9962614185921548,0.77,"[{""property"":"""",""dataset"":""meta"",""record_id"":""1050849808424026"",""update_time"":""2025-01-06T00:00:00.000Z""},{""property"":""/properties/existence"",""dataset"":""msft"",""record_id"":""562949960803815"",""update_time"":""2025-01-06T00:00:00.000Z""},{""property"":""/properties/existence"",""dataset"":""msft"",""record_id"":""1688849863769511"",""update_time"":""2025-01-06T00:00:00.000Z""},{""property"":""/properties/existence"",""dataset"":""msft"",""record_id"":""1125899911922442"",""update_time"":""2025-01-06T00:00:00.000Z""}]","[{""dataset"":""Microsoft"",""record_id"":""1125899911922442"",""update_time"":""2024-12-20T12:40:23.12"",""confidence"":0.77}]",false,false,false,false,false,false,false,false
subset,parenthetical,08f2a10770d340f3034390d148461d38,Brooklyn Basketball Academy,Brooklyn Basketball Academy (BBA),27,33,6,3,4,1,1724 Avenue P,162 E 25th St,New York,NY,sports_club_and_league,Sports and Recreation > Basketball > Basketball Court,0.9649446494464945,1.0,"[{""property"":"""",""dataset"":""meta"",""record_id"":""124567428249468"",""update_time"":""2025-01-06T08:00:00.000Z"",""confidence"":0.9649446494464945}]","[{""property"":"""",""dataset"":""FourSquare"",""record_id"":""64fc852e5ea6197156cf9704"",""update_time"":""2023-10-27T00:00:00.000"",""confidence"":1.0}]",false,false,false,false,false,false,false,false
subset,parenthetical,08f44d548c31e71d03215a4b20058e39,Marine Corps Exchange,Marine Corps Exchange (MCX),21,27,6,3,4,1,200 Malecon Dr,178 Malecon Dr,Port Royal,SC,department_store,Retail > Department Store,0.9837452982267598,1.0,"[{""property"":"""",""dataset"":""meta"",""record_id"":""941023959430726"",""update_time"":""2025-01-06T08:00:00.000Z"",""confidence"":0.9837452982267598}]","[{""property"":"""",""dataset"":""FourSquare"",""record_id"":""4bb5d0482f70c9b6e9868430"",""update_time"":""2024-10-24T00:00:00.000"",""confidence"":1.0}]",false,false,false,false,false,false,false,false
subset,parenthetical,08f499604956543103d68d571d516870,Centro de Estaca,Centro de Estaca (SUD),16,22,6,3,4,1,Jose Mancisidor,Jose Mancisidor,,,religious_organization,Community and Government > Spiritual Center,0.9544061302681992,1.0,"[{""property"":"""",""dataset"":""meta"",""record_id"":""1117136394981659"",""update_time"":""2025-01-06T08:00:00.000Z"",""confidence"":0.9544061302681992}]","[{""property"":"""",""dataset"":""FourSquare"",""record_id"":""4e35e34b483bf3839a341cb9"",""update_time"":""2020-11-24T00:00:00.000"",""confidence"":1.0}]",false,false,false,false,false,false,false,false
subset,parenthetical,08f4ba9009da40d503ac39796eaf87d8,Moana,Moana (モアナ),5,11,6,1,2,1,沖縄県宮古島市平良西里１７２,沖縄県宮古島平良西里172,宮古島市,,bar,Dining and Drinking > Bar,0.9544061302681992,1.0,"[{""property"":"""",""dataset"":""meta"",""record_id"":""101942667915897"",""update_time"":""2025-01-06T08:00:00.000Z"",""confidence"":0.9544061302681992}]","[{""property"":"""",""dataset"":""FourSquare"",""record_id"":""5b4ef49b1fa763002ce93a88"",""update_time"":""2023-06-15T00:00:00.000"",""confidence"":1.0}]",false,false,false,false,false,false,false,false
subset,parenthetical,08f65262686f413303c317cc0b4f574a,Makmal Kesihatan Awam,Makmal Kesihatan Awam (MKA),21,27,6,3,4,1,Jalan Persiaran Tanjung Tampoi,Jalan Persiaran Tanjung,,,public_and_government_association,Community and Government > Government Building,0.7927927927927928,1.0,"[{""property"":"""",""dataset"":""meta"",""record_id"":""1737931576315191"",""update_time"":""2025-01-06T08:00:00.000Z"",""confidence"":0.7927927927927928}]","[{""property"":"""",""dataset"":""FourSquare"",""record_id"":""4d40dfa8de17a093fe4cfc6b"",""update_time"":""2023-12-21T00:00:00.000"",""confidence"":1.0}]",false,false,false,false,false,false,false,false
subset,parenthetical,08f658e0c84ca2c90324e2e139db5dd6,หอผู้ป่วยกึ่งวิกฤต,หอผู้ป่วยกึ่งวิกฤต(IMCU),18,24,6,1,1,0,,,,,medical_center,Health and Medicine > Hospital,0.3941504178272981,1.0,"[{""property"":"""",""dataset"":""meta"",""record_id"":""106782651122259"",""update_time"":""2025-01-06T08:00:00.000Z"",""confidence"":0.39415041782729804}]","[{""property"":"""",""dataset"":""FourSquare"",""record_id"":""56db184acd107bf5ee3ce545"",""update_time"":""2020-11-30T00:00:00.000"",""confidence"":1.0}]",false,false,false,false,false,false,false,false
subset,parenthetical,08fa8e2c4402d16003f9f2c48a55d210,Centro Médico Integrado,Centro Médico Integrado (CMI),23,29,6,3,4,1,"Rua Vinte e Quatro, 505",Rua 20 com 5 e 7,Ituiutaba,MG,hospital,Health and Medicine > Physician > Doctor's Office,0.6214335421016005,1.0,"[{""property"":"""",""dataset"":""meta"",""record_id"":""462776473866605"",""update_time"":""2025-01-06T08:00:00.000Z"",""confidence"":0.6214335421016005}]","[{""property"":"""",""dataset"":""FourSquare"",""record_id"":""52727d49498e547262e0ded9"",""update_time"":""2020-11-26T00:00:00.000"",""confidence"":1.0}]",false,false,false,false,false,false,false,false
subset,parenthetical,08fb2dd9860638180380fb0ff255733d,Liceo De Hombres,Liceo De Hombres (LAM),16,22,6,3,4,1,Alameda,Alameda,,,campus_building,Community and Government > Education > College and University > College Classroom,0.3941504178272981,1.0,"[{""property"":"""",""dataset"":""meta"",""record_id"":""561470710976398"",""update_time"":""2025-01-06T08:00:00.000Z"",""confidence"":0.39415041782729804}]","[{""property"":"""",""dataset"":""FourSquare"",""record_id"":""4d763fa48d7e236ac978b428"",""update_time"":""2020-11-25T00:00:00.000"",""confidence"":1.0}]",false,false,false,false,false,false,false,false
subset,parenthetical;branch_suffix,08f2f5a300b04c580376f699579ff69c,The North Face,THE NORTH FACE (ザ・ノース・フェイス) 北千住マルイ,14,34,20,3,5,2,東京都足立区千住３丁目９２,"千住3-92, 北千住マルイ 5F",足立区,,outdoor_gear,sports_wear,0.9877528662420382,0.77,"[{""property"":"""",""dataset"":""meta"",""record_id"":""563278624023858"",""update_time"":""2025-01-06T00:00:00.000Z""},{""property"":""/properties/existence"",""dataset"":""msft"",""record_id"":""562949964687863"",""update_time"":""2025-01-06T00:00:00.000Z""}]","[{""dataset"":""Microsoft"",""record_id"":""562949964687863"",""update_time"":""2024-10-28T09:16:54.707"",""confidence"":0.77}]",false,false,false,false,false,false,false,false
subset,parenthetical;branch_suffix,08f5f1c34bc3419903e2d20614543143,The Coffee Corner,The Coffee Corner (Hermitage mall),17,34,17,3,5,2,Lalla Rookhweg,Lalla Rookhweg,Paramaribo,,coffee_shop,"Dining and Drinking > Cafe, Coffee, and Tea House > Coffee Shop",0.48103896103896104,1.0,"[{""property"":"""",""dataset"":""meta"",""record_id"":""1303713836454075"",""update_time"":""2025-01-06T08:00:00.000Z"",""confidence"":0.48103896103896104}]","[{""property"":"""",""dataset"":""FourSquare"",""record_id"":""4ccc446a566aa0931a5220fd"",""update_time"":""2020-11-24T00:00:00.000"",""confidence"":1.0}]",false,false,false,false,false,false,false,false
subset,parenthetical;branch_suffix;facility_suffix,08f2ab48191506a3039ddd656e9de6db,CIBC Branch (Cash at ATM only),CIBC,30,4,-26,6,1,-5,315 Lincoln Road,315 Lincoln Rd.,Waterloo,ON,bank_credit_union,Business and Professional Services > Financial Service > Banking and Finance > Bank,0.77,1.0,"[{""property"":"""",""dataset"":""Microsoft"",""record_id"":""844424931907044"",""update_time"":""2023-06-27T20:09:08.223Z"",""confidence"":0.77}]","[{""property"":"""",""dataset"":""FourSquare"",""record_id"":""4b8cf9a7f964a520dbe232e3"",""update_time"":""2024-11-09T00:00:00.000"",""confidence"":1.0}]",false,false,false,false,false,false,false,false
subset,seo_junk,08f4446420bb12c003a28fe9807b4a7d,"Harrah's Casino New Orleans: Hours, Address",Harrah's,43,8,-35,6,1,-5,228 Poydras St,228 Poydras St,New Orleans,LA,casino,Arts and Entertainment > Casino,0.48103896103896104,1.0,"[{""property"":"""",""dataset"":""meta"",""record_id"":""1463150693991708"",""update_time"":""2025-01-06T08:00:00.000Z"",""confidence"":0.48103896103896104}]","[{""property"":"""",""dataset"":""FourSquare"",""record_id"":""4aaaeb39f964a5200e5820e3"",""update_time"":""2024-10-24T00:00:00.000"",""confidence"":1.0}]",false,false,false,false,true,false,false,false
genuinely_different,"",08f1f02c6227230c037ef58b0bc5cee9,"Friseur Salon ""Zur alten Wache"" | Inhaberin Kathleen Lindt","Friseur Salon ""Alte Wache""",58,26,-32,9,4,-5,Herrenstr. 2,Herrenstr. 2,Ratzeburg,Schleswig-Holstein,hair_salon,Business and Professional Services > Health and Beauty Service > Hair Salon,0.77,1.0,"[{""property"":"""",""dataset"":""Microsoft"",""record_id"":""1407374887551247"",""update_time"":""2024-10-27T04:18:48.457Z"",""confidence"":0.77}]","[{""property"":"""",""dataset"":""FourSquare"",""record_id"":""5f6a07bc4ea65b43924699ff"",""update_time"":""2024-10-08T00:00:00.000"",""confidence"":1.0}]",false,false,false,false,false,false,true,false
genuinely_different,"",08f29ab980d65aa603c367fa02faef76,"Thyssenkrupp Materials North America, Copper and Brass Sales",Thyssenkrupp Materials 025FRS,60,29,-31,8,3,-5,5450 E Home Ave,5450 E Home Ave,Fresno,CA,metal_supplier,Business and Professional Services > Construction,0.9877528662420382,1.0,"[{""property"":"""",""dataset"":""meta"",""record_id"":""187476194934752"",""update_time"":""2025-01-06T08:00:00.000Z"",""confidence"":0.9467515923566879},{""property"":""/properties/existence"",""dataset"":""Microsoft"",""record_id"":""281474979756623"",""update_time"":""2022-09-06T20:55:18.807Z"",""confidence"":0.77}]","[{""property"":"""",""dataset"":""FourSquare"",""record_id"":""41ccbea17a68477200094d96"",""update_time"":""2024-10-15T00:00:00.000"",""confidence"":1.0}]",false,false,false,false,false,false,false,false
genuinely_different,"",08f450a1b2d1300a0300a91979dbc1c8,Citibanamex 30 Av. Playa Del Carmen,Citibank,35,8,-27,6,1,-5,,Av. 30,Playa del Carmen,,bank_credit_union,Business and Professional Services > Financial Service > Banking and Finance > Bank,0.48103896103896104,1.0,"[{""property"":"""",""dataset"":""meta"",""record_id"":""1790836981221590"",""update_time"":""2025-01-06T08:00:00.000Z"",""confidence"":0.48103896103896104}]","[{""property"":"""",""dataset"":""FourSquare"",""record_id"":""52f26dd2498ef682d1641dce"",""update_time"":""2024-01-02T00:00:00.000"",""confidence"":1.0}]",false,false,false,false,false,false,false,false
genuinely_different,"",08f1f11583b448c103c5250bdbb18282,"Landwirtschaftskammer (LWK) Niedersachsen, Standort Hannover",Landwirtschaftskammer Niedersachsen,60,35,-25,5,2,-3,Wunstorfer Landstr. 9,Johannssenstr. 10,Hannover,"",florist,Business and Professional Services > Office,0.77,1.0,"[{""property"":"""",""dataset"":""Microsoft"",""record_id"":""1688849864112895"",""update_time"":""2024-12-25T22:39:59.243Z"",""confidence"":0.77}]","[{""property"":"""",""dataset"":""FourSquare"",""record_id"":""512b8c56e4b0ff6b64ce79fe"",""update_time"":""2024-10-08T00:00:00.000"",""confidence"":1.0}]",false,false,false,false,false,false,false,false
genuinely_different,"",08f44e540c45806d036445fe6c54049d,Sport Clips Haircuts of Panama City - Cahall's Deli Plaza,Sport Clips Haircuts of Lynn Haven,57,34,-23,10,6,-4,2105 S Highway 77,"2105 Florida 77, Suite Ste 2",Lynn Haven,FL,barber,barber,0.9523423423423424,0.77,"[{""property"":"""",""dataset"":""meta"",""record_id"":""142304619233100"",""update_time"":""2025-01-06T00:00:00.000Z""},{""property"":""/properties/existence"",""dataset"":""msft"",""record_id"":""1407374888381914"",""update_time"":""2025-01-06T00:00:00.000Z""},{""property"":""/properties/existence"",""dataset"":""msft"",""record_id"":""1125899909665572"",""update_time"":""2025-01-06T00:00:00.000Z""}]","[{""dataset"":""Microsoft"",""record_id"":""1407374888381914"",""update_time"":""2024-12-30T03:27:37.913"",""confidence"":0.77}]",false,false,false,false,false,false,true,false
genuinely_different,"",08f1e84356611acd0351cc53c2f7a806,Effetto Shock snc,Effetto Shok SNC di Foglietta e Cariani,17,39,22,3,7,4,"Via Giovanni Berchet, 2",Via Giovanni Berchet,Foligno,55,hair_salon,Business and Professional Services > Health and Beauty Service > Hair Salon,0.9645127118644068,1.0,"[{""property"":"""",""dataset"":""meta"",""record_id"":""749584911763118"",""update_time"":""2025-01-06T08:00:00.000Z"",""confidence"":0.9645127118644068}]","[{""property"":"""",""dataset"":""FourSquare"",""record_id"":""fd38a6b013d24d9d2ddbb8ee"",""update_time"":""2024-07-03T00:00:00.000"",""confidence"":1.0}]",false,false,false,false,false,false,false,false
genuinely_different,"",08f6416c80c2e32d036ff9363f5eaa7c,"อุทยานแห่งชาติแก่งกระจาน เพชรบุรี, Kaeng Krachan National Park, Phetchaburi",อุทยานแห่งชาติแก่งกระจาน (Kaeng Krachan National Park),75,54,-21,7,5,-2,,,Ban Kaeng Kachan,,national_park,Landmarks and Outdoors > Park > National Park,0.48103896103896104,1.0,"[{""property"":"""",""dataset"":""meta"",""record_id"":""333347030422603"",""update_time"":""2025-01-06T08:00:00.000Z"",""confidence"":0.48103896103896104}]","[{""property"":"""",""dataset"":""FourSquare"",""record_id"":""4ce389e4c36ba35d556670f6"",""update_time"":""2024-02-07T00:00:00.000"",""confidence"":1.0}]",false,false,false,false,false,false,false,false
genuinely_different,"",08fa8736ddd8b4ca030a9f1a8642bdf4,Prosa & Segredo - Serviços Contábeis & Inteligência Empresarial,Prosa & Segredo - Inteligência Empresarial,63,42,-21,9,6,-3,"Rua Doutor Arthur Jorge, 233","R. Dr. Arthur Jorge, 233",Campo Grande,MS,accountant,Business and Professional Services > Office,0.3941504178272981,1.0,"[{""property"":"""",""dataset"":""meta"",""record_id"":""141174739406324"",""update_time"":""2025-01-06T08:00:00.000Z"",""confidence"":0.39415041782729804}]","[{""property"":"""",""dataset"":""FourSquare"",""record_id"":""51e6bb682fc644b6dd0f1737"",""update_time"":""2024-07-02T00:00:00.000"",""confidence"":1.0}]",false,false,false,false,false,false,true,false
genuinely_different,"",08f1f88b7202396b039421a666dddf20,Klecks Schule der Phantasie,KlecksX,27,7,-20,4,1,-3,Untermarkt 65,Untermarkt 65,Wolfratshausen,,school,Community and Government > Education,0.9837452982267598,1.0,"[{""property"":"""",""dataset"":""meta"",""record_id"":""216858452002500"",""update_time"":""2025-01-06T08:00:00.000Z"",""confidence"":0.9837452982267598}]","[{""property"":"""",""dataset"":""FourSquare"",""record_id"":""c4fddd2f538644219a59d6b5"",""update_time"":""2024-10-08T00:00:00.000"",""confidence"":1.0}]",false,false,false,false,false,false,false,false
genuinely_different,"",08f484a4810584c0038f725bf7429f09,Ferreteria y Madereria La Familia,Ferreteria y Madereria Renta de Maquinaria la Familia,33,53,20,5,8,3,Coral 2293,Coral 2293,Ensenada,,hardware_store,Retail > Hardware Store,0.9445655559015883,1.0,"[{""property"":"""",""dataset"":""meta"",""record_id"":""250348308646319"",""update_time"":""2025-01-06T08:00:00.000Z"",""confidence"":0.9445655559015883}]","[{""property"":"""",""dataset"":""FourSquare"",""record_id"":""ddf4fe019ecd41d754d1c353"",""update_time"":""2024-03-14T00:00:00.000"",""confidence"":1.0}]",false,false,false,false,false,false,false,false
genuinely_different,"",08f2814cd19080c603f2db3b6aecf642,Plumas Pines VACATION HOMES & RENTALS,Plumas Pines Realty,37,19,-18,6,3,-3,307 Poplar Valley Rd,307 Poplar Valley Rd,Blairsden Graeagle,CA,vacation_rental_agents,Business and Professional Services > Real Estate Service > Real Estate Agency,0.77,1.0,"[{""property"":"""",""dataset"":""Microsoft"",""record_id"":""2251799820059000"",""update_time"":""2024-12-24T12:56:45.430Z"",""confidence"":0.77}]","[{""property"":"""",""dataset"":""FourSquare"",""record_id"":""4e2c6b05c65bcaf40038fb66"",""update_time"":""2024-10-12T00:00:00.000"",""confidence"":1.0}]",false,false,false,false,false,false,false,false
genuinely_different,"",08f2aa879200ab960398d7c665470cf4,Comfort Inn Alexandria West - Landmark,Comfort Inn Landmark,38,20,-18,6,3,-3,6254 Duke St,6254 Duke St,Alexandria,VA,hotel,hotel,0.77,0.77,"[{""property"":"""",""dataset"":""msft"",""record_id"":""562949956202306"",""update_time"":""2025-01-06T00:00:00.000Z""},{""property"":""/properties/existence"",""dataset"":""msft"",""record_id"":""562949955341938"",""update_time"":""2025-01-06T00:00:00.000Z""},{""property"":""/properties/existence"",""dataset"":""msft"",""record_id"":""562949954974969"",""update_time"":""2025-01-06T00:00:00.000Z""}]","[{""dataset"":""Microsoft"",""record_id"":""562949954974969"",""update_time"":""2015-05-14T09:25:00.097"",""confidence"":0.77}]",false,false,false,false,false,false,false,false
genuinely_different,"",08f1f9020c252d8d035f6ab8998d7212,B&B Hôtels,B&B Hôtel Lyon Ouest Tassin,10,27,17,2,5,3,5 Avenue Victor Hugo,1 avenue Victor Hugo,Tassin-la-Demi-Lune,,hotel,Travel and Transportation > Lodging > Hotel,0.9837452982267598,1.0,"[{""property"":"""",""dataset"":""meta"",""record_id"":""1538543873119863"",""update_time"":""2025-01-06T08:00:00.000Z"",""confidence"":0.9837452982267598}]","[{""property"":"""",""dataset"":""FourSquare"",""record_id"":""e073baa0943d4fe4f1a500ed"",""update_time"":""2024-07-03T00:00:00.000"",""confidence"":1.0}]",false,false,false,false,false,false,false,false
genuinely_different,"",08f3f623a4116d4903fe879fe705b16c,Bitezz,Bitez Mandalina Şenliği,6,23,17,1,3,2,Bitez Belediyesi Eski Kademe,,,,event_planning,event_planning,0.28671328671328666,0.28671328671328666,"[{""property"":"""",""dataset"":""meta"",""record_id"":""2186030601674322"",""update_time"":""2025-01-06T00:00:00.000Z""}]","[{""property"":"""",""dataset"":""meta"",""record_id"":""451928258962065"",""update_time"":""2025-01-06T00:00:00.000Z""}]",false,false,false,false,false,false,false,false
genuinely_different,"",08f411c452c348f103d15a0f565e38ca,元妙古觀,元妙古观 Yuanmiao Temple,4,20,16,1,3,2,,西湖,Huizhou,,mission,structure_and_geography,0.48103896103896104,0.28671328671328666,"[{""property"":"""",""dataset"":""meta"",""record_id"":""424215341053159"",""update_time"":""2025-01-06T00:00:00.000Z""}]","[{""property"":"""",""dataset"":""meta"",""record_id"":""279456679369767"",""update_time"":""2025-01-06T00:00:00.000Z""}]",false,false,false,false,false,false,false,false
genuinely_different,"",08f28f011231a4440309b799e219a423,Movement Mortgage - Ligia Bec,"Movement Mortgage, 39179 - Ligia Bec, 134019",29,44,15,5,7,2,10135 Sunnyside Rd Ste 125,10151 SE Sunnyside Rd Ste 360,Clackamas,OR,mortgage_lender,Business and Professional Services > Financial Service,0.77,1.0,"[{""property"":"""",""dataset"":""Microsoft"",""record_id"":""1125899912551126"",""update_time"":""2024-11-19T06:13:38.850Z"",""confidence"":0.77}]","[{""property"":"""",""dataset"":""FourSquare"",""record_id"":""5c82027bc21cb1002cb330a3"",""update_time"":""2024-10-14T00:00:00.000"",""confidence"":1.0}]",false,true,false,false,false,false,false,false
genuinely_different,"",08f2a306ae16db9e036cf3073e15f52c,Concord Foot & Ankle Center,Concord Feet,27,12,-15,5,2,-3,54 Baker Ave Ste 103,54 Baker Avenue Ext Ste 103,Concord,MA,podiatrist,Landmarks and Outdoors > Structure,0.77,1.0,"[{""property"":"""",""dataset"":""Microsoft"",""record_id"":""844424931688241"",""update_time"":""2015-12-17T03:13:59.577Z"",""confidence"":0.77}]","[{""property"":"""",""dataset"":""FourSquare"",""record_id"":""4eb67f70e5e8743705309359"",""update_time"":""2024-10-14T00:00:00.000"",""confidence"":1.0}]",false,false,false,false,false,false,false,false
genuinely_different,"",08f2f5a2e42d63340381109a31f62710,ゴルフパートナーpga大宮店,ゴルフパートナー PGATOURSUPERSTORE大宮店,14,29,15,1,2,1,西区三橋5-34,三橋5-34,Saitama-shi,11,sporting_goods,Retail > Sporting Goods Retail,0.7927927927927928,1.0,"[{""property"":"""",""dataset"":""meta"",""record_id"":""1322237194499990"",""update_time"":""2025-01-06T08:00:00.000Z"",""confidence"":0.7927927927927928}]","[{""property"":"""",""dataset"":""FourSquare"",""record_id"":""88dfb77df1f24d07d0b2ff4f"",""update_time"":""2024-08-07T00:00:00.000"",""confidence"":1.0}]",false,false,false,false,false,false,false,false
genuinely_different,"",08f48a207109565603f5020f2b700fe4,"Harmonia Centro Medico, Centro de Cirugía Ambulatoria",Harmonia Centro de Cirugía Ambulatoria,53,38,-15,7,5,-2,Avenida Simón Bolívar 919,Ave. Simón Bolívar 919,Monterrey,,hospital,Health and Medicine > Medical Center,0.9837452982267598,1.0,"[{""property"":"""",""dataset"":""meta"",""record_id"":""362608260557340"",""update_time"":""2025-01-06T08:00:00.000Z"",""confidence"":0.9837452982267598}]","[{""property"":"""",""dataset"":""FourSquare"",""record_id"":""51c35347498ea9b8af51ff0c"",""update_time"":""2020-11-30T00:00:00.000"",""confidence"":1.0}]",false,false,false,false,false,false,false,false
genuinely_different,"",08f49802310da7460340686ba19db1f2,"San Miguelito Desayunos, Carnes y Mariscos",San Miguelito Restauran Bar,42,27,-15,6,4,-2,Boulevard José María Morelos 148,"Blv. José María Morelos #148",Uriangato,,seafood_restaurant,Dining and Drinking > Restaurant > Seafood Restaurant,0.9837452982267598,1.0,"[{""property"":"""",""dataset"":""meta"",""record_id"":""115734923886632"",""update_time"":""2025-01-06T08:00:00.000Z"",""confidence"":0.9837452982267598}]","[{""property"":"""",""dataset"":""FourSquare"",""record_id"":""63daefba33ed275b7ef5577b"",""update_time"":""2023-02-01T00:00:00.000"",""confidence"":1.0}]",false,false,false,false,false,false,false,false
genuinely_different,"",08fa835d5a864a5903509e47f410055d,13º Batalhão de Bombeiros Militar - SC,13º Batalhão de Bombeiro Militar - Balneário Camboriú,38,53,15,7,8,1,"Alameda dos Estados Policial Luiz Carlos Rosa, 25","Alameda dos Estados Policial Luiz Carlos Rosa, 25 - Estados",Balneário Camboriú,SC,fire_department,Community and Government > Government Building > Law Enforcement and Public Safety > Fire Station,0.7927927927927928,1.0,"[{""property"":"""",""dataset"":""meta"",""record_id"":""1447293002179595"",""update_time"":""2025-01-06T08:00:00.000Z"",""confidence"":0.7927927927927928}]","[{""property"":"""",""dataset"":""FourSquare"",""record_id"":""63e27bd93111030144f5f3b2"",""update_time"":""2024-07-02T00:00:00.000"",""confidence"":1.0}]",false,false,false,false,false,false,false,false
genuinely_different,"",08f182c8da25a6c003fdc90bdaf0dab7,Robert Walters Group,Robert Walters Recruitment Ireland,20,34,14,3,4,1,1 Custom House Quay,"Level 3, Custom House Plaza 2, IFSC, Dublin 1",Dublin,,professional_services,employment_agencies,0.9918379237288135,0.77,"[{""property"":"""",""dataset"":""meta"",""record_id"":""255106175182237"",""update_time"":""2025-01-06T00:00:00.000Z""},{""property"":""/properties/existence"",""dataset"":""msft"",""record_id"":""281474979998604"",""update_time"":""2025-01-06T00:00:00.000Z""}]","[{""dataset"":""Microsoft"",""record_id"":""281474979998604"",""update_time"":""2023-01-06T14:42:22.53"",""confidence"":0.77}]",false,false,false,false,false,false,false,false
genuinely_different,"",08f1909aed2538c603ebfbd517330f80,Arnold Clark Glasgow Vauxhall,Arnold Clark Glasgow Hamilton Road Vauxhall,29,43,14,4,6,2,"55 Hamilton Rd, Mount Vernon","55 Hamilton Rd, Mount Vernon",Glasgow,,automotive,automotive,0.77,0.77,"[{""property"":"""",""dataset"":""msft"",""record_id"":""1970324839487421"",""update_time"":""2025-01-06T00:00:00.000Z""},{""property"":""/properties/existence"",""dataset"":""msft"",""record_id"":""1970324839189203"",""update_time"":""2025-01-06T00:00:00.000Z""},{""property"":""/properties/existence"",""dataset"":""msft"",""record_id"":""1125899909336278"",""update_time"":""2025-01-06T00:00:00.000Z""}]","[{""property"":"""",""dataset"":""msft"",""record_id"":""1407374890859307"",""update_time"":""2025-01-06T00:00:00.000Z""},{""property"":""/properties/existence"",""dataset"":""msft"",""record_id"":""1407374888024470"",""update_time"":""2025-01-06T00:00:00.000Z""}]",false,false,false,false,false,false,false,false
genuinely_different,"",08f194accba9942903aa1e12417025c5,Barclays ATM,Barclays Bank Cash Machine,12,26,14,2,4,2,"Upper Mall, Crawley",Upper Mall,West Sussex,"",atms,Business and Professional Services > Financial Service > Banking and Finance > ATM,0.77,1.0,"[{""property"":"""",""dataset"":""Microsoft"",""record_id"":""562949965241176"",""update_time"":""2024-08-06T13:21:22.537Z"",""confidence"":0.77}]","[{""property"":"""",""dataset"":""FourSquare"",""record_id"":""6b5b49ef169b44f2f0aeaadf"",""update_time"":""2024-10-08T00:00:00.000"",""confidence"":1.0}]",false,false,false,false,false,false,false,false
genuinely_different,"",08f1955b54b2a74c0328fbe52b771e1c,Barclays ATM,Barclays Bank Cash Machine,12,26,14,2,4,2,"Richmond Centre, Munster Barracks, Ava Road, Catterick","Richmond Centre, Munster Barracks, Ava Rd",North Yorkshire,"",atms,Business and Professional Services > Financial Service > Banking and Finance > ATM,0.77,1.0,"[{""property"":"""",""dataset"":""Microsoft"",""record_id"":""562949965243245"",""update_time"":""2024-08-06T13:59:17.537Z"",""confidence"":0.77}]","[{""property"":"""",""dataset"":""FourSquare"",""record_id"":""5e8dca0d7f66550f4c76fdb8"",""update_time"":""2024-10-09T00:00:00.000"",""confidence"":1.0}]",false,false,false,false,false,false,false,false
genuinely_different,"",08f195eb5814168503a03f0497a4ce5c,Barclays ATM,Barclays Bank Cash Machine,12,26,14,2,4,2,"Post Office, 1 Coverdale Road, Craven Arms","Post Office, 1 Coverdale Rd",Shropshire,"",atms,Business and Professional Services > Financial Service > Banking and Finance > ATM,0.77,1.0,"[{""property"":"""",""dataset"":""Microsoft"",""record_id"":""562949965234122"",""update_time"":""2024-08-06T13:59:17.537Z"",""confidence"":0.77}]","[{""property"":"""",""dataset"":""FourSquare"",""record_id"":""8115622308e1436c2d215657"",""update_time"":""2024-08-13T00:00:00.000"",""confidence"":1.0}]",false,false,false,false,false,false,false,false
genuinely_different,"",08f1e3668bcac02c03dbac87daaf49a4,A.F.K. Automobile GmbH,A.F.K. Autoteile Fachmarkt Kale GmbH,22,36,14,3,5,2,Landshuter Straße 188,Landshuter Straße 188,Straubing,,automotive_repair,Business and Professional Services > Automotive Service > Automotive Repair Shop,0.9645127118644068,1.0,"[{""property"":"""",""dataset"":""meta"",""record_id"":""151057452207818"",""update_time"":""2025-01-06T08:00:00.000Z"",""confidence"":0.9645127118644068}]","[{""property"":"""",""dataset"":""FourSquare"",""record_id"":""f0d7461bb0884fc4968657aa"",""update_time"":""2024-10-08T00:00:00.000"",""confidence"":1.0}]",false,false,true,true,false,false,false,false
genuinely_different,"",08f498ed66461d6c03d8a6d824918483,Mudanzas y Transportes ARCA,Mudanzas Arca,27,13,-14,4,2,-2,Calle Roca 703,Maestros 802,León,,freight_and_cargo_service,Retail > Furniture and Home Store,0.3941504178272981,1.0,"[{""property"":"""",""dataset"":""meta"",""record_id"":""2269995356578498"",""update_time"":""2025-01-06T08:00:00.000Z"",""confidence"":0.39415041782729804}]","[{""property"":"""",""dataset"":""FourSquare"",""record_id"":""3f07a9dfe7604ff86271940e"",""update_time"":""2024-08-30T00:00:00.000"",""confidence"":1.0}]",false,false,false,false,false,false,false,false
genuinely_different,"",08f3964499484ce203f015cb20e05d1f,Tous en Scène La Bouquerie Condom,Tous en Scène Condom,33,20,-13,6,4,-2,35 Rue de la République,35 rue de la République,Condom,,theatre,Community and Government > Organization > Non-Profit Organization,0.7927927927927928,1.0,"[{""property"":"""",""dataset"":""meta"",""record_id"":""696982780425153"",""update_time"":""2025-01-06T08:00:00.000Z"",""confidence"":0.7927927927927928}]","[{""property"":"""",""dataset"":""FourSquare"",""record_id"":""35fcae19825942fffa3c1f92"",""update_time"":""2024-07-03T00:00:00.000"",""confidence"":1.0}]",false,false,false,false,false,false,false,false
genuinely_different,"",08f1eb4d75b70952032fe68b67de3608,Panificio De Mattei,Panificio Saraceno di De Mattei,19,31,12,3,5,2,"Piazza Cristoforo Colombo, 9",Piazza Colombo Cristoforo 9,Sanremo,42,bakery,Dining and Drinking > Bakery,0.9837452982267598,1.0,"[{""property"":"""",""dataset"":""meta"",""record_id"":""1561321574116902"",""update_time"":""2025-01-06T08:00:00.000Z"",""confidence"":0.9837452982267598}]","[{""property"":"""",""dataset"":""FourSquare"",""record_id"":""4fb50d19e4b0a0f95a1c675d"",""update_time"":""2024-07-03T00:00:00.000"",""confidence"":1.0}]",false,false,false,false,false,false,false,false
genuinely_different,"",08f1f10114810808039880fe9ebe7eaa,Kreutzer Taxi,"Kreutzer, Otto Taxidienst",13,25,12,2,3,1,Nienburger Str. 66,Nienburger Str. 66,Rehden,"",taxi_service,Travel and Transportation > Transportation Service > Taxi,0.77,1.0,"[{""property"":"""",""dataset"":""Microsoft"",""record_id"":""562949961045196"",""update_time"":""2022-05-14T04:16:04.563Z"",""confidence"":0.77}]","[{""property"":"""",""dataset"":""FourSquare"",""record_id"":""52e602ddb32c43823e4afa1e"",""update_time"":""2024-05-23T00:00:00.000"",""confidence"":1.0}]",false,false,false,false,false,false,false,false
genuinely_different,"",08f27430d0a8b980030095869e58c225,Mishicot Fire Dept,Mishicot Volunteer Fire Depart,18,30,12,3,4,1,214 S Main St,"214 S Main St # 130",Mishicot,WI,fire_department,Community and Government > Government Building > Law Enforcement and Public Safety > Fire Station,0.9645127118644068,1.0,"[{""property"":"""",""dataset"":""meta"",""record_id"":""100120146394334"",""update_time"":""2025-01-06T08:00:00.000Z"",""confidence"":0.9645127118644068}]","[{""property"":"""",""dataset"":""FourSquare"",""record_id"":""0d7ff12a49174694269583ce"",""update_time"":""2023-11-28T00:00:00.000"",""confidence"":1.0}]",false,false,false,false,false,false,false,false
genuinely_different,"",08f29a4c756c0a6a03806f24e601e3ff,Alebrijes Restaurante Bar,Alebrijes bar,25,13,-12,3,2,-1,Avenida Revolución 557,Ave revolucion,Tijuana,,restaurant,Dining and Drinking > Bar > Beer Bar,0.9445655559015883,1.0,"[{""property"":"""",""dataset"":""meta"",""record_id"":""107358408813396"",""update_time"":""2025-01-06T08:00:00.000Z"",""confidence"":0.9445655559015883}]","[{""property"":"""",""dataset"":""FourSquare"",""record_id"":""576e1c17498e3f855268343f"",""update_time"":""2020-11-24T00:00:00.000"",""confidence"":1.0}]",false,false,false,false,false,false,false,false
genuinely_different,"",08f44c172aba3061037c50a9d048d1eb,Roto-Rooter Plumbing and Water Cleanup,Roto-Rooter Plumbing & Water Cleanup of Loganville,38,50,12,5,7,2,150 Athens Hwy,150 Athens Highway Ste 500,Loganville,GA,plumbing,plumbing,0.9803712632594022,0.77,"[{""property"":"""",""dataset"":""meta"",""record_id"":""123434273989808"",""update_time"":""2025-01-06T00:00:00.000Z""},{""property"":""/properties/existence"",""dataset"":""msft"",""record_id"":""562949966622320"",""update_time"":""2025-01-06T00:00:00.000Z""},{""property"":""/properties/existence"",""dataset"":""msft"",""record_id"":""1407374891236343"",""update_time"":""2025-01-06T00:00:00.000Z""},{""property"":""/properties/existence"",""dataset"":""msft"",""record_id"":""1407374890986044"",""update_time"":""2025-01-06T00:00:00.000Z""},{""property"":""/properties/existence"",""dataset"":""msft"",""record_id"":""1407374890752227"",""update_time"":""2025-01-06T00:00:00.000Z""},{""property"":""/properties/existence"",""dataset"":""msft"",""record_id"":""1125899913135736"",""update_time"":""2025-01-06T00:00:00.000Z""}]","[{""dataset"":""Microsoft"",""record_id"":""562949966622320"",""update_time"":""2024-11-20T19:56:24.603"",""confidence"":0.77}]",false,false,false,false,false,false,false,false
genuinely_different,"",1970324840260511,Courtyard Philadelphia Springfield,Courtyard by Marriott Philadelphia Springfield,34,46,12,3,5,2,400 West Sproul Road,400 W Sproul Rd,Springfield,PA,resort,resort,0.77,0.77,"[{""dataset"":""Microsoft"",""record_id"":""1970324840260511"",""update_time"":""2024-11-18T22:21:45.07"",""confidence"":0.77}]","[{""dataset"":""Microsoft"",""record_id"":""2251799813751585"",""update_time"":""2018-10-02T16:59:43.523"",""confidence"":0.77}]",false,false,false,false,false,false,false,false
genuinely_different,"",08f1e832b2d834640363c21800e2646c,Di Vicino Forni a Legna e a Gas,Di Vicino Forni Srls,31,20,-11,8,4,-4,"Via Dino Campana, 212",Via Campana 212- Quarto,Quarto,72,restaurant_equipment_and_supply,Dining and Drinking > Restaurant,0.9544061302681992,1.0,"[{""property"":"""",""dataset"":""meta"",""record_id"":""897399683609025"",""update_time"":""2025-01-06T08:00:00.000Z"",""confidence"":0.9544061302681992}]","[{""property"":"""",""dataset"":""FourSquare"",""record_id"":""849c6c222d972ee97c7100c9"",""update_time"":""2024-07-03T00:00:00.000"",""confidence"":1.0}]",false,false,false,false,false,false,false,false
genuinely_different,"",08f1fa92de5b0082037f3d436a2668d0,Schott-Rohrglas GmbH,SCHOTT AG,20,9,-11,2,2,0,Erich-Schott-Straße 14,Erich-Schott-Str. 14,Mitterteich,,event_planning,active_life,0.28671328671328666,0.77,"[{""property"":"""",""dataset"":""meta"",""record_id"":""181585835207423"",""update_time"":""2025-01-06T00:00:00.000Z""}]","[{""dataset"":""Microsoft"",""record_id"":""1125899912539050"",""update_time"":""2024-12-25T21:07:23.333"",""confidence"":0.77}]",false,false,true,false,false,false,false,false
genuinely_different,"",08f2aac958c59b1b03fcabb8e82f50cf,"Scott J Morris, DMD",Scott J Morris Family Practice,19,30,11,4,5,1,1719 W Main St,1719 W Main St,West Norriton Twp,PA,dentist,cosmetic_dentist,0.9962614185921548,0.77,"[{""property"":"""",""dataset"":""meta"",""record_id"":""1917151581838821"",""update_time"":""2025-01-06T00:00:00.000Z""},{""property"":""/properties/existence"",""dataset"":""msft"",""record_id"":""562949958007766"",""update_time"":""2025-01-06T00:00:00.000Z""},{""property"":""/properties/existence"",""dataset"":""msft"",""record_id"":""562949957570719"",""update_time"":""2025-01-06T00:00:00.000Z""},{""property"":""/properties/existence"",""dataset"":""msft"",""record_id"":""1407374883592772"",""update_time"":""2025-01-06T00:00:00.000Z""}]","[{""dataset"":""Microsoft"",""record_id"":""1407374883592772"",""update_time"":""2014-07-16T12:18:07.78"",""confidence"":0.77}]",false,false,false,false,false,false,false,false
genuinely_different,"",08f3961561d3094c038780c81f579575,Maison Nègre,Maison Artisanale Nègre,12,23,11,2,3,1,14 Rue de l'École,"14 rue de l'Ecole, les Vidals",Lacaune,,shopping,Retail > Food and Beverage Retail > Butcher,0.9645127118644068,1.0,"[{""property"":"""",""dataset"":""meta"",""record_id"":""628870747260614"",""update_time"":""2025-01-06T08:00:00.000Z"",""confidence"":0.9645127118644068}]","[{""property"":"""",""dataset"":""FourSquare"",""record_id"":""a92393a03ca24cce17da5952"",""update_time"":""2024-07-03T00:00:00.000"",""confidence"":1.0}]",false,false,false,false,false,false,false,false
genuinely_different,"",08f60a25956e9c32031d3abfcc0d56db,Profile Publishing Location 1,Profile Publishing Location Name - Suite,29,40,11,4,6,2,1766 Palo Verde Ave,1766 Palo Verde Ave,East Palo Alto,CA,automotive,automotive,0.77,0.77,"[{""property"":"""",""dataset"":""msft"",""record_id"":""1407374890545514"",""update_time"":""2025-01-06T00:00:00.000Z""}]","[{""property"":"""",""dataset"":""msft"",""record_id"":""1407374891446341"",""update_time"":""2025-01-06T00:00:00.000Z""}]",false,false,false,false,true,true,false,false
genuinely_different,"",08f60a25956e9c3203411ea2c362c408,Profile Publishing Location Name - Suite,Profile Publishing Location 1,40,29,-11,6,4,-2,1766 Palo Verde Ave,1766 Palo Verde Ave,East Palo Alto,CA,automotive,automotive,0.77,0.77,"[{""property"":"""",""dataset"":""msft"",""record_id"":""1407374891461732"",""update_time"":""2025-01-06T00:00:00.000Z""}]","[{""property"":"""",""dataset"":""msft"",""record_id"":""1407374890517607"",""update_time"":""2025-01-06T00:00:00.000Z""}]",false,false,false,false,true,true,false,false
genuinely_different,"",08f60a25956e9c3203553490e0ffcadc,Profile Publishing Location Name - Suite,Profile Publishing Location 1,40,29,-11,6,4,-2,1766 Palo Verde Ave,1766 Palo Verde Ave,East Palo Alto,CA,automotive,automotive,0.77,0.77,"[{""property"":"""",""dataset"":""msft"",""record_id"":""1407374891125233"",""update_time"":""2025-01-06T00:00:00.000Z""}]","[{""property"":"""",""dataset"":""msft"",""record_id"":""1407374890676470"",""update_time"":""2025-01-06T00:00:00.000Z""}]",false,false,false,false,true,true,false,false
genuinely_different,"",08f60a25956e9c3203759670b9155dc7,Profile Publishing Location 1,Profile Publishing Location Name - Suite,29,40,11,4,6,2,1766 Palo Verde Ave,1766 Palo Verde Ave,East Palo Alto,CA,automotive,automotive,0.77,0.77,"[{""property"":"""",""dataset"":""msft"",""record_id"":""1407374890544839"",""update_time"":""2025-01-06T00:00:00.000Z""}]","[{""property"":"""",""dataset"":""msft"",""record_id"":""1407374891532846"",""update_time"":""2025-01-06T00:00:00.000Z""}]",false,false,false,false,true,true,false,false
genuinely_different,"",08f60a25956e9c32037d249a03ec6a9a,Profile Publishing Location 1,Profile Publishing Location Name - Local,29,40,11,4,6,2,1766 Palo Verde Ave,1766 Palo Verde Ave,East Palo Alto,CA,automotive,automotive,0.77,0.77,"[{""property"":"""",""dataset"":""msft"",""record_id"":""1407374890571860"",""update_time"":""2025-01-06T00:00:00.000Z""}]","[{""property"":"""",""dataset"":""msft"",""record_id"":""1407374890930112"",""update_time"":""2025-01-06T00:00:00.000Z""}]",false,false,false,false,true,true,false,false
genuinely_different,"",08f6490a53ca6a1603e39757b97e3142,ตี๋นมสด เชียงราย,ตี๋นมสด(Teenomsod) เชียงราย,16,27,11,2,2,0,ถนนม.ราชภัฏ,ถนนม.ราชภัฏ เชียงราย,,,cafe,"Dining and Drinking > Cafe, Coffee, and Tea House > Café",0.23154848046309695,1.0,"[{""property"":"""",""dataset"":""meta"",""record_id"":""1686354478321897"",""update_time"":""2025-01-06T08:00:00.000Z"",""confidence"":0.23154848046309695}]","[{""property"":"""",""dataset"":""FourSquare"",""record_id"":""569f64e6498e96f43b49970b"",""update_time"":""2024-02-07T00:00:00.000"",""confidence"":1.0}]",false,false,false,false,false,false,false,false
genuinely_different,"",1125899907949040,PPG Paints - Louisville Paint Store,PPG Paints - Paint Store,35,24,-11,6,5,-1,12721 Shelbyville Rd,12721 Shelbyville Rd,Louisville,KY,paint_store,paint_store,0.77,0.77,"[{""dataset"":""Microsoft"",""record_id"":""1125899907949040"",""update_time"":""2016-10-11T14:24:10.117"",""confidence"":0.77}]","[{""dataset"":""Microsoft"",""record_id"":""1125899908319925"",""update_time"":""2016-10-12T20:07:31.13"",""confidence"":0.77}]",false,false,false,false,false,false,false,false
genuinely_different,"",281474977374045,Interstate Battery,Interstate All Battery Center,18,29,11,2,4,2,52 Daniel Webster Hwy,52 Daniel Webster Hwy,Merrimack,NH,battery_store,battery_store,0.77,0.77,"[{""dataset"":""Microsoft"",""record_id"":""281474977374045"",""update_time"":""2014-10-24T19:33:28.26"",""confidence"":0.77}]","[{""dataset"":""Microsoft"",""record_id"":""844424931551851"",""update_time"":""2021-12-07T16:02:30.137"",""confidence"":0.77}]",false,false,false,false,false,false,false,false
genuinely_different,"",08f1e8828ac4a04b03e9df4bbc9c6e7f,"The Butcher's - Macelleria, Gastronomia e Braceria",The Butcher's - Macelleria e Gastronomia,50,40,-10,7,6,-1,"Via Vittorio Veneto, 4",Via Vittorio Veneto 4,Monopoli,75,butcher_shop,Dining and Drinking > Food Court,0.9645127118644068,1.0,"[{""property"":"""",""dataset"":""meta"",""record_id"":""271961619330972"",""update_time"":""2025-01-06T08:00:00.000Z"",""confidence"":0.9645127118644068}]","[{""property"":"""",""dataset"":""FourSquare"",""record_id"":""664b1cabe272b86722b684e0"",""update_time"":""2024-05-20T00:00:00.000"",""confidence"":1.0}]",false,false,false,false,false,false,false,false
genuinely_different,"",08f1ea3c489b4273031b699369b01d32,Pasticceria Soriani,Pasticceria Monti & Nanni SNC,19,29,10,2,5,3,"Via Vittoria Colonna, 19",Via Colonna 19,Rimini,45,desserts,Dining and Drinking > Dessert Shop,0.9837452982267598,1.0,"[{""property"":"""",""dataset"":""meta"",""record_id"":""1431711290378821"",""update_time"":""2025-01-06T08:00:00.000Z"",""confidence"":0.9837452982267598}]","[{""property"":"""",""dataset"":""FourSquare"",""record_id"":""1f2495b669dc4e64ad236d73"",""update_time"":""2024-07-03T00:00:00.000"",""confidence"":1.0}]",false,false,false,false,false,false,false,false
genuinely_different,"",08f1fa9b74c33ccc039483228348fd42,Euronics hifiboehm Zeulenroda,EURONICS Zeulenroda,29,19,-10,3,2,-1,Markt 5,Markt 5,Zeulenroda-Triebes,TH,electronics,Retail > Computers and Electronics Retail > Electronics Store,0.6214335421016005,1.0,"[{""property"":"""",""dataset"":""meta"",""record_id"":""225001078197147"",""update_time"":""2025-01-06T08:00:00.000Z"",""confidence"":0.6214335421016005}]","[{""property"":"""",""dataset"":""FourSquare"",""record_id"":""588080e784677a061979b24a"",""update_time"":""2024-10-08T00:00:00.000"",""confidence"":1.0}]",false,false,false,false,false,false,false,false
genuinely_different,"",08f264d122640821036926d1ffe848b2,Bitcoin of America ATM,Bitcoin of America - Bitcoin ATM,22,32,10,4,6,2,726 McFerrin Ave,722 Mcferrin Avenue,Nashville,TN,atms,Business and Professional Services > Financial Service > Currency Exchange,0.48103896103896104,1.0,"[{""property"":"""",""dataset"":""meta"",""record_id"":""101607629013621"",""update_time"":""2025-01-06T08:00:00.000Z"",""confidence"":0.48103896103896104}]","[{""property"":"""",""dataset"":""FourSquare"",""record_id"":""5f55f4477a94165cd957e503"",""update_time"":""2024-10-11T00:00:00.000"",""confidence"":1.0}]",false,false,false,false,false,false,false,false
genuinely_different,"",08f2993ba6018d2b03ebc7c0583da1c5,Fishlake Lumber Company,Fishlake Lumber Co & Ace Hardware,23,33,10,3,6,3,1627 N Highway 357,1627 N Highway 357,Beaver,UT,retail,retail,0.77,0.77,"[{""property"":"""",""dataset"":""msft"",""record_id"":""281474978313208"",""update_time"":""2025-01-06T00:00:00.000Z""},{""property"":""/properties/existence"",""dataset"":""msft"",""record_id"":""281474976869275"",""update_time"":""2025-01-06T00:00:00.000Z""}]","[{""property"":"""",""dataset"":""msft"",""record_id"":""1970324838235954"",""update_time"":""2025-01-06T00:00:00.000Z""}]",false,false,true,false,false,false,false,false
genuinely_different,"",08f2a9d2d52ac008038bdf1686888347,Brandon Disney - State Farm Agent,Brandon Disney - State Farm Insurance Agent,33,43,10,6,7,1,513 Cherry St,513 Cherry St,Bluefield,WV,insurance_agency,Business and Professional Services > Financial Service,0.9837452982267598,1.0,"[{""property"":"""",""dataset"":""meta"",""record_id"":""685416641484894"",""update_time"":""2025-01-06T08:00:00.000Z"",""confidence"":0.9837452982267598}]","[{""property"":"""",""dataset"":""FourSquare"",""record_id"":""4dbefb3e43a1d8504bcbb9e7"",""update_time"":""2024-10-15T00:00:00.000"",""confidence"":1.0}]",false,false,false,false,false,false,false,false
genuinely_different,"",08f2aac6eb4582ea0312c7b3c0c3b42c,Trinity Joppa,Trinity Lutheran Church,13,23,10,2,3,1,1100 Philadelphia Rd,1100 Philadelphia Rd,Joppa,MD,church_cathedral,church_cathedral,0.7927927927927928,0.9837452982267598,"[{""property"":"""",""dataset"":""meta"",""record_id"":""130807740311633"",""update_time"":""2025-01-06T00:00:00.000Z""}]","[{""property"":"""",""dataset"":""meta"",""record_id"":""142804005750419"",""update_time"":""2025-01-06T00:00:00.000Z""}]",false,false,false,false,false,false,false,false
genuinely_different,"",08fbe184e32632a503fa980d1ab35e1a,Kempsey Skip Bins,Kempsey Skips & Scrap Metal,17,27,10,3,5,2,9 Akubra Pl,9-11 Akubra Pl,South Kempsey,NSW,garbage_collection_service,Business and Professional Services > Home Improvement Service,0.8650306748466258,1.0,"[{""property"":"""",""dataset"":""meta"",""record_id"":""801956153189794"",""update_time"":""2025-01-06T08:00:00.000Z"",""confidence"":0.8650306748466258}]","[{""property"":"""",""dataset"":""FourSquare"",""record_id"":""d170f73043b64bc80d7aec91"",""update_time"":""2024-06-07T00:00:00.000"",""confidence"":1.0}]",false,false,false,false,false,false,false,false
genuinely_different,"",08f18252ed2e644003e208e0b4a322d1,Speedwell Family Support,Speedwell Trust,24,15,-9,3,2,-1,48 Parkanaur Road,57a Parkanaur Rd,Dungannon,NIR,charity_organization,Community and Government > Organization > Charity,0.3941504178272981,1.0,"[{""property"":"""",""dataset"":""meta"",""record_id"":""557968681042209"",""update_time"":""2025-01-06T08:00:00.000Z"",""confidence"":0.39415041782729804}]","[{""property"":"""",""dataset"":""FourSquare"",""record_id"":""635db9fa792a4f8b2d775d4b"",""update_time"":""2023-12-03T00:00:00.000"",""confidence"":1.0}]",false,false,false,false,false,false,false,false
genuinely_different,"",08f1e8439298263003d04efb18ab2497,Ristorante Pizzeria Cavour,Ristorante Cavour,26,17,-9,3,2,-1,"Corso Camillo Benso di Cavour, 21",Corso Cavour 21,Todi,55,pizza_restaurant,Dining and Drinking > Restaurant > Italian Restaurant,0.9908651262761956,1.0,"[{""property"":"""",""dataset"":""meta"",""record_id"":""114427513574909"",""update_time"":""2025-01-06T08:00:00.000Z"",""confidence"":0.9908651262761956}]","[{""property"":"""",""dataset"":""FourSquare"",""record_id"":""4cee635ced62721e734d5bfd"",""update_time"":""2024-07-03T00:00:00.000"",""confidence"":1.0}]",false,false,false,false,false,false,false,false
genuinely_different,"",08f2aaab4d4c0d620325d61d2ce778c7,Draeger Interlock,Draeger Ignition Interlock,17,26,9,2,3,1,7627 Fullerton Rd,7635 Fullerton Rd,Springfield,VA,automotive_parts_and_accessories,Business and Professional Services > Factory,0.28671328671328666,1.0,"[{""property"":"""",""dataset"":""meta"",""record_id"":""387717151787015"",""update_time"":""2025-01-06T08:00:00.000Z"",""confidence"":0.2867132867132867}]","[{""property"":"""",""dataset"":""FourSquare"",""record_id"":""57ebe226498e1b4545734a20"",""update_time"":""2024-10-14T00:00:00.000"",""confidence"":1.0}]",false,false,false,false,false,false,false,false
genuinely_different,"",08f2b9864918641603e350d0663441fa,Sky Zone Whitby,Sky Zone Trampoline Park,15,24,9,3,4,1,240 S Blair St,240 South Blair Street,Whitby,ON,sports_and_recreation_venue,trampoline_park,0.9523423423423424,0.77,"[{""property"":"""",""dataset"":""meta"",""record_id"":""1610506545832512"",""update_time"":""2025-01-06T00:00:00.000Z""},{""property"":""/properties/existence"",""dataset"":""msft"",""record_id"":""562949964719137"",""update_time"":""2025-01-06T00:00:00.000Z""},{""property"":""/properties/existence"",""dataset"":""msft"",""record_id"":""562949956300970"",""update_time"":""2025-01-06T00:00:00.000Z""},{""property"":""/properties/existence"",""dataset"":""msft"",""record_id"":""281474980390173"",""update_time"":""2025-01-06T00:00:00.000Z""},{""property"":""/properties/existence"",""dataset"":""msft"",""record_id"":""2251799821040865"",""update_time"":""2025-01-06T00:00:00.000Z""},{""property"":""/properties/existence"",""dataset"":""msft"",""record_id"":""1970324839909604"",""update_time"":""2025-01-06T00:00:00.000Z""}]","[{""dataset"":""Microsoft"",""record_id"":""562949964719137"",""update_time"":""2024-12-18T21:56:14.547"",""confidence"":0.77}]",false,false,false,false,false,false,false,false
genuinely_different,"",08f2e1bb53cd504403234c70bf5394f2,ヤマト運輸 YamatoTransport,ヤマト運輸 伊達センター,21,12,-9,2,2,0,末永町9-14,末永町9-14,Date-shi,01,freight_and_cargo_service,"Business and Professional Services > Shipping, Freight, and Material Transportation Service",0.6214335421016005,1.0,"[{""property"":"""",""dataset"":""meta"",""record_id"":""104288721058287"",""update_time"":""2025-01-06T08:00:00.000Z"",""confidence"":0.6214335421016005}]","[{""property"":"""",""dataset"":""FourSquare"",""record_id"":""5b9266ddf709c1002ceb26ff"",""update_time"":""2024-08-07T00:00:00.000"",""confidence"":1.0}]",false,false,false,false,false,false,false,false
genuinely_different,"",08f46482d0a8a4a90323ae59d69f7b7c,Contractors' Equipment and Service Corporation,Contractors' Equipment & Service Corp,46,37,-9,5,5,0,94-460 Ukee St,94-460 Ukee St,Honolulu,HI,professional_services,metal_fabricator,0.9895134099616858,0.77,"[{""property"":"""",""dataset"":""meta"",""record_id"":""104080022387441"",""update_time"":""2025-01-06T00:00:00.000Z""},{""property"":""/properties/existence"",""dataset"":""msft"",""record_id"":""562949966535401"",""update_time"":""2025-01-06T00:00:00.000Z""},{""property"":""/properties/existence"",""dataset"":""msft"",""record_id"":""562949963193293"",""update_time"":""2025-01-06T00:00:00.000Z""},{""property"":""/properties/existence"",""dataset"":""msft"",""record_id"":""562949955250478"",""update_time"":""2025-01-06T00:00:00.000Z""},{""property"":""/properties/existence"",""dataset"":""msft"",""record_id"":""562949954975372"",""update_time"":""2025-01-06T00:00:00.000Z""}]","[{""dataset"":""Microsoft"",""record_id"":""562949954975372"",""update_time"":""2015-05-14T09:25:14.307"",""confidence"":0.77}]",false,false,false,true,false,false,false,false
genuinely_different,"",08f60a25956e9c32034847482ee7fad4,"PUBLIC location 324234 #%&*",PUBLIC LOCATION NAME EXTERNALID NAME,27,36,9,4,5,1,1766 Palo Verde Ave,1766 Palo Verde Ave,East Palo Alto,CA,,,0.77,0.77,"[{""property"":"""",""dataset"":""msft"",""record_id"":""1407374891555799"",""update_time"":""2025-01-06T00:00:00.000Z""}]","[{""property"":"""",""dataset"":""msft"",""record_id"":""1407374891238192"",""update_time"":""2025-01-06T00:00:00.000Z""}]",false,false,false,false,true,true,false,false
genuinely_different,"",08f60a25956e9c3203cc9c5c8269996d,"PUBLIC location 324234 #%&*",PUBLIC LOCATION NAME EXTERNALID NAME,27,36,9,4,5,1,1766 Palo Verde Ave,1766 Palo Verde Ave,East Palo Alto,CA,,,0.77,0.77,"[{""property"":"""",""dataset"":""msft"",""record_id"":""1407374891410840"",""update_time"":""2025-01-06T00:00:00.000Z""}]","[{""property"":"""",""dataset"":""msft"",""record_id"":""1407374891214432"",""update_time"":""2025-01-06T00:00:00.000Z""}]",false,false,false,false,true,true,false,false
genuinely_different,"",08f64a485d91a2400381ef1cf4f861c9,สำนักงานอธิการบดี ม.รามคำแหง,สำนักงานอธิการบดี มหาวิทยาลัยรามคำแหง,28,37,9,2,2,0,,,,,campus_building,Community and Government > Education > College and University > College Administrative Building,0.6214335421016005,1.0,"[{""property"":"""",""dataset"":""meta"",""record_id"":""127668624572717"",""update_time"":""2025-01-06T08:00:00.000Z"",""confidence"":0.6214335421016005}]","[{""property"":"""",""dataset"":""FourSquare"",""record_id"":""502a010ee4b06079cd42879d"",""update_time"":""2021-08-14T00:00:00.000"",""confidence"":1.0}]",false,false,false,false,false,false,false,false
genuinely_different,"",08f195ba26a456b20320b75eb5569034,Howards Dorchester,Howards Hyundai Dorchester,18,26,8,2,3,1,London Road,London Road,Dorchester,,car_dealer,automotive,0.9645127118644068,0.77,"[{""property"":"""",""dataset"":""meta"",""record_id"":""1829895223893817"",""update_time"":""2025-01-06T00:00:00.000Z""}]","[{""dataset"":""Microsoft"",""record_id"":""1407374888509069"",""update_time"":""2024-12-15T16:33:25.597"",""confidence"":0.77}]",false,false,false,false,false,false,false,false
genuinely_different,"",08f1f2e5048d164e03fd620dbb04a308,Lindell's Car Nissan,Lindells Bil,20,12,-8,3,2,-1,Fibergatan 3,Fiberg. 3,Billesholm,,automotive_repair,Business and Professional Services > Automotive Service > Automotive Repair Shop,0.9645127118644068,1.0,"[{""property"":"""",""dataset"":""meta"",""record_id"":""196576851223977"",""update_time"":""2025-01-06T08:00:00.000Z"",""confidence"":0.9645127118644068}]","[{""property"":"""",""dataset"":""FourSquare"",""record_id"":""3093145894944c71bd8df0c0"",""update_time"":""2024-09-23T00:00:00.000"",""confidence"":1.0}]",false,false,false,false,false,false,false,false
genuinely_different,"",08f2661881ba399603682b034d3b72e9,Western Boone Junior-Senior High School,Western Boone Jr-Sr High School,39,31,-8,5,5,0,1205 N IN-75,,Thorntown,IN,high_school,Community and Government > Education > Primary and Secondary School > High School,0.9645127118644068,1.0,"[{""property"":"""",""dataset"":""meta"",""record_id"":""134456093249184"",""update_time"":""2025-01-06T08:00:00.000Z"",""confidence"":0.9645127118644068}]","[{""property"":"""",""dataset"":""FourSquare"",""record_id"":""4bc61f0f51b376b078061b6f"",""update_time"":""2024-10-14T00:00:00.000"",""confidence"":1.0}]",false,false,false,false,false,false,false,false
genuinely_different,"",08f26d150e91944a034f3b7432d8f3e2,Coin Cloud DCM,Coin Cloud Bitcoin ATM,14,22,8,3,4,1,2151 SE 34th Ave,2151 SE 34th Ave,Amarillo,TX,atms,,0.3941504178272981,1.0,"[{""property"":"""",""dataset"":""meta"",""record_id"":""106220691971426"",""update_time"":""2025-01-06T08:00:00.000Z"",""confidence"":0.39415041782729804}]","[{""property"":"""",""dataset"":""FourSquare"",""record_id"":""b7549cc77e3846858dc42993"",""update_time"":""2024-10-15T00:00:00.000"",""confidence"":1.0}]",false,false,false,false,false,false,false,false
genuinely_different,"",08f28d10722001230319f908c02b1fbc,San Juan Safaris - Orca Whale Watching,San Juan Safari Whale Watching,38,30,-8,7,5,-2,10 Front St,2 Spring St Landing,Friday Harbor,WA,tours,Travel and Transportation > Boat or Ferry,0.9837452982267598,1.0,"[{""property"":"""",""dataset"":""meta"",""record_id"":""277754894231"",""update_time"":""2025-01-06T08:00:00.000Z"",""confidence"":0.9837452982267598}]","[{""property"":"""",""dataset"":""FourSquare"",""record_id"":""4c17d7766a21c9b62f23c897"",""update_time"":""2024-10-11T00:00:00.000"",""confidence"":1.0}]",false,false,false,false,false,false,false,false
genuinely_different,"",08f29a4d66d26d9903959dd6a159ac71,La Villa Cafe Bar,La Villa Con Sabor A Cafe,17,25,8,4,6,2,Boulevard Benito Juárez 4356,"Bulevar Benito Juarez #4356 Int #3",Playas de Rosarito,,cafe,"Dining and Drinking > Cafe, Coffee, and Tea House > Coffee Shop",0.9837452982267598,1.0,"[{""property"":"""",""dataset"":""meta"",""record_id"":""624558357713306"",""update_time"":""2025-01-06T08:00:00.000Z"",""confidence"":0.9837452982267598}]","[{""property"":"""",""dataset"":""FourSquare"",""record_id"":""5dad086828f17a0008299ff2"",""update_time"":""2020-11-24T00:00:00.000"",""confidence"":1.0}]",false,false,false,false,false,false,false,false
genuinely_different,"",08f2aa641dac166c0396504b89284b46,Seneca Nation Indians Library,Seneca Nation Library,29,21,-8,4,3,-1,3 Thomas Indian School Dr,3 Thomas Indian School Dr,Irving,NY,library,Community and Government > Library,0.9645127118644068,1.0,"[{""property"":"""",""dataset"":""meta"",""record_id"":""1508665346097371"",""update_time"":""2025-01-06T08:00:00.000Z"",""confidence"":0.9645127118644068}]","[{""property"":"""",""dataset"":""FourSquare"",""record_id"":""50ac1598e4b08e127aac8817"",""update_time"":""2024-10-15T00:00:00.000"",""confidence"":1.0}]",false,false,false,false,false,false,false,false
genuinely_different,"",08f4445528791c51030532d8525b37ad,Chevron Rayne,Chevron Station Rayne,13,21,8,2,3,1,1045 Church Point Hwy,1045 Church Point Hwy,Rayne,LA,gas_station,gas_station,0.9962614185921548,0.77,"[{""property"":"""",""dataset"":""meta"",""record_id"":""154894361213022"",""update_time"":""2025-01-06T00:00:00.000Z""},{""property"":""/properties/existence"",""dataset"":""msft"",""record_id"":""1970324837108709"",""update_time"":""2025-01-06T00:00:00.000Z""}]","[{""dataset"":""Microsoft"",""record_id"":""1970324837108709"",""update_time"":""2013-09-18T15:47:17.24"",""confidence"":0.77}]",false,false,false,false,false,false,false,false
genuinely_different,"",08f489c0a988d91c03d200b109f53df7,Coin Cloud DCM,Coin Cloud Bitcoin ATM,14,22,8,3,4,1,2003 N TX-1604-LOOP E,2003 N Loop 1604 E Ste 111,San Antonio,TX,financial_service,,0.3941504178272981,1.0,"[{""property"":"""",""dataset"":""meta"",""record_id"":""112176861367751"",""update_time"":""2025-01-06T08:00:00.000Z"",""confidence"":0.39415041782729804}]","[{""property"":"""",""dataset"":""FourSquare"",""record_id"":""b3e1db3aef164ec7399674ab"",""update_time"":""2024-10-14T00:00:00.000"",""confidence"":1.0}]",false,false,false,false,false,false,false,false
genuinely_different,"",08f48eba494e2cd6031f3fc948616b0a,Ombudsman Arizona Charter East II,Ombudsman Charter East II,33,25,-8,5,4,-1,4041 E Thomas Rd,"4041 E. Thomas Rd, Ste. 210",Phoenix,AZ,high_school,Community and Government > Education,0.9962614185921548,1.0,"[{""property"":"""",""dataset"":""meta"",""record_id"":""780610188644983"",""update_time"":""2025-01-06T08:00:00.000Z"",""confidence"":0.9837452982267598},{""property"":""/properties/existence"",""dataset"":""Microsoft"",""record_id"":""562949965690716"",""update_time"":""2024-08-30T07:28:41.837Z"",""confidence"":0.77}]","[{""property"":"""",""dataset"":""FourSquare"",""record_id"":""5a9482fd0d173f6c7605fcba"",""update_time"":""2024-10-14T00:00:00.000"",""confidence"":1.0}]",false,false,false,false,false,false,false,false
genuinely_different,"",2251799818828079,Assured Storage Jackson,"Assured Storage of Jackson, LLC",23,31,8,3,5,2,444 Wiley Parker Rd,444 Wiley Parker Rd,Jackson,TN,self_storage_facility,self_storage_facility,0.77,0.77,"[{""dataset"":""Microsoft"",""record_id"":""2251799818828079"",""update_time"":""2019-04-21T12:17:06.64"",""confidence"":0.77}]","[{""dataset"":""Microsoft"",""record_id"":""562949961563040"",""update_time"":""2024-12-01T17:00:16.18"",""confidence"":0.77}]",false,false,false,true,false,false,false,false
genuinely_different,"",08f1ea2d93cc3a9e035b43ef4cb52ad1,Centro Nazionale Per Il Volontariato,Centro Nazionale Volontariato,36,29,-7,5,3,-2,"Via Alfredo Catalani, 158",VIA Catalani 158,Lucca,52,community_services_non_profits,Business and Professional Services > Convention Center > Conference Room,0.9467515923566879,1.0,"[{""property"":"""",""dataset"":""meta"",""record_id"":""104371149606519"",""update_time"":""2025-01-06T08:00:00.000Z"",""confidence"":0.9467515923566879}]","[{""property"":"""",""dataset"":""FourSquare"",""record_id"":""4e954be96da11612547fc015"",""update_time"":""2024-07-03T00:00:00.000"",""confidence"":1.0}]",false,false,false,false,false,false,false,false
genuinely_different,"",08f1f146cd8f4d8b034df7d18ab5f6fc,Fahrschule Walter Lohmann,Fahrschule Lohmann,25,18,-7,3,2,-1,Zum Esch 25,Zum Esch 25,Emstek,,driving_school,Community and Government > Education > Driving School,0.9645127118644068,1.0,"[{""property"":"""",""dataset"":""meta"",""record_id"":""187619771275244"",""update_time"":""2025-01-06T08:00:00.000Z"",""confidence"":0.9645127118644068}]","[{""property"":"""",""dataset"":""FourSquare"",""record_id"":""2e8a3ccef08d4e5c597847f4"",""update_time"":""2024-10-08T00:00:00.000"",""confidence"":1.0}]",false,false,false,false,false,false,false,false
genuinely_different,"",08f1fb14213b534803295839333df491,Amplifon France,Amplifon Sainte Savine,15,22,7,2,3,1,27B Avenue du Général Gallieni,27 bis avenue du Général Galliéni,Sainte-Savine,,health_and_medical,Health and Medicine > Medical Center,0.9467515923566879,1.0,"[{""property"":"""",""dataset"":""meta"",""record_id"":""188228328614760"",""update_time"":""2025-01-06T08:00:00.000Z"",""confidence"":0.9467515923566879}]","[{""property"":"""",""dataset"":""FourSquare"",""record_id"":""7f972e70283f4a17a2a05035"",""update_time"":""2024-07-03T00:00:00.000"",""confidence"":1.0}]",false,false,false,false,false,false,false,false
genuinely_different,"",08f2b9da094a66c6032deedf522acb43,Kingston Community Credit Union (KCCU),Kingston Community Credit Uniom,38,31,-7,5,4,-1,1201 Division St,4-34 Benson St,Kingston,ON,credit_union,Business and Professional Services > Financial Service > Banking and Finance > Bank,0.77,1.0,"[{""property"":"""",""dataset"":""Microsoft"",""record_id"":""1125899912627923"",""update_time"":""2024-10-31T01:22:50.617Z"",""confidence"":0.77}]","[{""property"":"""",""dataset"":""FourSquare"",""record_id"":""4dc97457d22dc853b4e64afa"",""update_time"":""2024-11-09T00:00:00.000"",""confidence"":1.0}]",false,false,false,false,false,false,false,false
genuinely_different,"",08f44a90f6b6e4b403c3dc2aa2690a0d,Advanced Tow Service,Advanced Towing Service LLC,20,27,7,3,4,1,8218 Troxler Dr,8218 Troxler Dr,Orlando,FL,towing_service,towing_service,0.9828411287205256,0.77,"[{""property"":"""",""dataset"":""meta"",""record_id"":""122453280796542"",""update_time"":""2025-01-06T00:00:00.000Z""},{""property"":""/properties/existence"",""dataset"":""msft"",""record_id"":""562949964765303"",""update_time"":""2025-01-06T00:00:00.000Z""},{""property"":""/properties/existence"",""dataset"":""msft"",""record_id"":""562949960110304"",""update_time"":""2025-01-06T00:00:00.000Z""},{""property"":""/properties/existence"",""dataset"":""msft"",""record_id"":""562949959930415"",""update_time"":""2025-01-06T00:00:00.000Z""},{""property"":""/properties/existence"",""dataset"":""msft"",""record_id"":""1688849863601826"",""update_time"":""2025-01-06T00:00:00.000Z""},{""property"":""/properties/existence"",""dataset"":""msft"",""record_id"":""1125899913002162"",""update_time"":""2025-01-06T00:00:00.000Z""},{""property"":""/properties/existence"",""dataset"":""msft"",""record_id"":""1125899909681261"",""update_time"":""2025-01-06T00:00:00.000Z""}]","[{""dataset"":""Microsoft"",""record_id"":""562949959930415"",""update_time"":""2020-01-01T14:50:10.857"",""confidence"":0.77}]",false,false,false,true,false,false,false,false
genuinely_different,"",08f489c199a9881a0391dce2dd986d7e,My Econo's 3995 Optical,My Econo Optical,23,16,-7,4,3,-1,5275 Walzem Rd,5275 Walzem Rd,Windcrest,TX,eyewear_and_optician,Retail > Eyecare Store,0.9872500778573653,1.0,"[{""property"":"""",""dataset"":""meta"",""record_id"":""205336529488866"",""update_time"":""2025-01-06T08:00:00.000Z"",""confidence"":0.9445655559015883},{""property"":""/properties/existence"",""dataset"":""Microsoft"",""record_id"":""1125899910316671"",""update_time"":""2021-09-27T18:04:42.623Z"",""confidence"":0.77}]","[{""property"":"""",""dataset"":""FourSquare"",""record_id"":""506ca139498ead4133cb8586"",""update_time"":""2024-10-15T00:00:00.000"",""confidence"":1.0}]",false,false,false,false,false,false,false,false
genuinely_different,"",08f64a5d44030394034f454700680878,เนื้อต้มแม่สมร สะพานขาว,เนื้อต้มสะพานขาว,23,16,-7,2,1,-1,สะพานขาว,สะพานขาว,Photharam,,thai_restaurant,Dining and Drinking > Restaurant > Asian Restaurant > Thai Restaurant,0.7927927927927928,1.0,"[{""property"":"""",""dataset"":""meta"",""record_id"":""134342986965064"",""update_time"":""2025-01-06T08:00:00.000Z"",""confidence"":0.7927927927927928}]","[{""property"":"""",""dataset"":""FourSquare"",""record_id"":""4e004c071495692a4bb55752"",""update_time"":""2020-11-25T00:00:00.000"",""confidence"":1.0}]",false,false,false,false,false,false,false,false
genuinely_different,"",08fa8100e16b275b035e3f9f5d9abecc,Galeria Caribé,Galeria Sergio Caribé,14,21,7,2,3,1,"Rua João Lourenço, 79",Rua João Lourenço 79,São Paulo,SP,art_gallery,Arts and Entertainment > Art Gallery,0.7927927927927928,1.0,"[{""property"":"""",""dataset"":""meta"",""record_id"":""130305243648465"",""update_time"":""2025-01-06T08:00:00.000Z"",""confidence"":0.7927927927927928}]","[{""property"":"""",""dataset"":""FourSquare"",""record_id"":""4dc16193d22da015334dcb82"",""update_time"":""2024-07-02T00:00:00.000"",""confidence"":1.0}]",false,false,false,false,false,false,false,false
genuinely_different,"",08f1f840ea021482035b7b83cdf340f6,Ecole Primaire Emile Gebhart,Ecole Primaire Gebhart,28,22,-6,4,3,-1,31 Rue Émile Gebhart,33 rue emile gebhart,Nancy,,elementary_school,Community and Government > Education > College and University > Student Center,0.6214335421016005,1.0,"[{""property"":"""",""dataset"":""meta"",""record_id"":""111577562329127"",""update_time"":""2025-01-06T08:00:00.000Z"",""confidence"":0.6214335421016005}]","[{""property"":"""",""dataset"":""FourSquare"",""record_id"":""4d85c7ab40a7a35db1fb27be"",""update_time"":""2024-07-03T00:00:00.000"",""confidence"":1.0}]",false,false,false,false,false,false,false,false
genuinely_different,"",08f26533507a2d40030feb6451cc6d92,Ozark Mountain Crossing Apartments,Ozark Mountain Crossing Apts,34,28,-6,4,4,0,5513 N 12th St,5620 N 13th Ave,Ozark,MO,real_estate,Business and Professional Services > Storage Facility,0.9445655559015883,1.0,"[{""property"":"""",""dataset"":""meta"",""record_id"":""2111636232421225"",""update_time"":""2025-01-06T08:00:00.000Z"",""confidence"":0.9445655559015883}]","[{""property"":"""",""dataset"":""FourSquare"",""record_id"":""b800effbf5824f2403537aed"",""update_time"":""2024-10-14T00:00:00.000"",""confidence"":1.0}]",false,false,false,false,false,false,false,false
genuinely_different,"",08f2681a31808050037d5e7ecf9e1b01,Larry H. Miller Toyota Scion Boulder,Larry H. Miller Toyota Boulder,36,30,-6,6,5,-1,2465 48th Ct,2465 48th Ct,Boulder,CO,car_dealer,used_car_dealer,0.9962614185921548,0.77,"[{""property"":"""",""dataset"":""meta"",""record_id"":""1031332963577557"",""update_time"":""2025-01-06T00:00:00.000Z""},{""property"":""/properties/existence"",""dataset"":""msft"",""record_id"":""2251799818571080"",""update_time"":""2025-01-06T00:00:00.000Z""},{""property"":""/properties/existence"",""dataset"":""msft"",""record_id"":""1407374886265532"",""update_time"":""2025-01-06T00:00:00.000Z""},{""property"":""/properties/existence"",""dataset"":""msft"",""record_id"":""1407374886265475"",""update_time"":""2025-01-06T00:00:00.000Z""},{""property"":""/properties/existence"",""dataset"":""msft"",""record_id"":""1407374885530678"",""update_time"":""2025-01-06T00:00:00.000Z""}]","[{""dataset"":""Microsoft"",""record_id"":""1407374886265475"",""update_time"":""2019-10-11T15:47:15.407"",""confidence"":0.77}]",false,false,false,false,false,false,false,false
genuinely_different,"",08f2830d726819b2033d44933919d04c,Classic Patio Inc,Classic Patio Furniture,17,23,6,3,3,0,3426 Camino Tassajara,3426 Camino Tassajara,Danville,CA,furniture_store,Retail > Miscellaneous Store,0.997898979043525,1.0,"[{""property"":"""",""dataset"":""meta"",""record_id"":""153018441416592"",""update_time"":""2025-01-06T08:00:00.000Z"",""confidence"":0.9908651262761956},{""property"":""/properties/existence"",""dataset"":""Microsoft"",""record_id"":""1125899910296567"",""update_time"":""2021-12-10T09:39:16.797Z"",""confidence"":0.77}]","[{""property"":"""",""dataset"":""FourSquare"",""record_id"":""5ee2650cd5c79a5b94ccc473"",""update_time"":""2024-10-16T00:00:00.000"",""confidence"":1.0}]",false,false,true,false,false,false,false,false
genuinely_different,"",08f283470049638d0310a3fc3bc5f39f,Target Store Santa-Clara,Target Santa Clara,24,18,-6,3,3,0,2004 El Camino Real,2004 El Camino Real,Santa Clara,CA,department_store,department_store,0.9962614185921548,0.77,"[{""property"":"""",""dataset"":""meta"",""record_id"":""1573251676305026"",""update_time"":""2025-01-06T00:00:00.000Z""},{""property"":""/properties/existence"",""dataset"":""msft"",""record_id"":""1125899911150434"",""update_time"":""2025-01-06T00:00:00.000Z""},{""property"":""/properties/existence"",""dataset"":""msft"",""record_id"":""1125899907901528"",""update_time"":""2025-01-06T00:00:00.000Z""}]","[{""dataset"":""Microsoft"",""record_id"":""1125899907901528"",""update_time"":""2015-06-23T13:58:26.663"",""confidence"":0.77}]",false,false,false,false,false,false,false,false
genuinely_different,"",08f2a122b34060f1033f6a3fcca4ddb0,Target Store Richland-Twp,Target Richland Twp,25,19,-6,3,3,0,610 N West End Blvd,610 N West End Blvd,Quakertown,PA,department_store,department_store,0.9962614185921548,0.77,"[{""property"":"""",""dataset"":""meta"",""record_id"":""353639738086353"",""update_time"":""2025-01-06T00:00:00.000Z""},{""property"":""/properties/existence"",""dataset"":""msft"",""record_id"":""562949955220948"",""update_time"":""2025-01-06T00:00:00.000Z""},{""property"":""/properties/existence"",""dataset"":""msft"",""record_id"":""562949955053425"",""update_time"":""2025-01-06T00:00:00.000Z""},{""property"":""/properties/existence"",""dataset"":""msft"",""record_id"":""1970324837203300"",""update_time"":""2025-01-06T00:00:00.000Z""},{""property"":""/properties/existence"",""dataset"":""msft"",""record_id"":""1125899911150361"",""update_time"":""2025-01-06T00:00:00.000Z""},{""property"":""/properties/existence"",""dataset"":""msft"",""record_id"":""1125899907901154"",""update_time"":""2025-01-06T00:00:00.000Z""}]","[{""dataset"":""Microsoft"",""record_id"":""1125899907901154"",""update_time"":""2015-06-23T13:58:26.663"",""confidence"":0.77}]",false,false,false,false,false,false,false,false
genuinely_different,"",08f2a149153094820329fd6db5d1e4f6,Coinstar Kiosk - Bitcoin ATM,Coinstar | Bitcoin ATM,28,22,-6,5,4,-1,"1600 Memorial Dr, Price Rite",1600 Memorial Dr,Chicopee,MA,atms,,0.77,1.0,"[{""property"":"""",""dataset"":""Microsoft"",""record_id"":""1407374891296294"",""update_time"":""2024-12-30T07:40:23.530Z"",""confidence"":0.77}]","[{""property"":"""",""dataset"":""FourSquare"",""record_id"":""d1e316a6c214238e7f3f989e"",""update_time"":""2024-10-11T00:00:00.000"",""confidence"":1.0}]",false,false,false,false,false,false,false,false
genuinely_different,"",08f2aad39c474c9c03e6e7b74bca7273,Five Pointe Barber Shop,Five Points Plaza,23,17,-6,4,3,-1,17601 Coastal Hwy,17601 Coastal Hwy,Lewes,DE,barber,flowers_and_gifts_shop,0.9837452982267598,0.9097222222222222,"[{""property"":"""",""dataset"":""meta"",""record_id"":""1691483661121966"",""update_time"":""2025-01-06T00:00:00.000Z""}]","[{""property"":"""",""dataset"":""meta"",""record_id"":""102579202136726"",""update_time"":""2025-01-06T00:00:00.000Z""}]",false,false,false,false,false,false,false,false
genuinely_different,"",08f2f5a303d554d303096596fd9b8ec4,セブン銀行ATM 東武鉄道 伊勢崎線 梅島駅 共同出張所,セブン銀行 東武鉄道伊勢崎線梅島駅共同出張所,28,22,-6,5,2,-3,梅田7丁目37-1,梅田7-37-1,足立区,東京都,atms,Business and Professional Services > Financial Service > Banking and Finance > ATM,0.77,1.0,"[{""property"":"""",""dataset"":""Microsoft"",""record_id"":""1125899910125410"",""update_time"":""2023-09-07T09:08:11.967Z"",""confidence"":0.77}]","[{""property"":"""",""dataset"":""FourSquare"",""record_id"":""5ef23d75a43b030008e27383"",""update_time"":""2023-06-06T00:00:00.000"",""confidence"":1.0}]",false,false,false,false,false,false,false,false
genuinely_different,"",08f396c4a392530a03ba75015b9d5616,Stade André Cancel,Stade Cancel,18,12,-6,3,2,-1,227 Avenue Gaston Baissette,227 avenue Gaston Baissette,Mauguio,,tennis_court,Sports and Recreation > Soccer > Soccer Field,0.9544061302681992,1.0,"[{""property"":"""",""dataset"":""meta"",""record_id"":""189970201119630"",""update_time"":""2025-01-06T08:00:00.000Z"",""confidence"":0.9544061302681992}]","[{""property"":"""",""dataset"":""FourSquare"",""record_id"":""5a5e301d625a666c5b101c66"",""update_time"":""2024-07-02T00:00:00.000"",""confidence"":1.0}]",false,false,false,false,false,false,false,false
genuinely_different,"",08f446ea9534aa0203777492a4a9ca98,"Maida Clark Law Firm, P.C.","Maida Law Firm, P.C.",26,20,-6,5,4,-1,4320 Calder Ave,4320 Calder Ave,Beaumont,TX,bankruptcy_law,Business and Professional Services > Legal Service > Law Office,0.77,1.0,"[{""property"":"""",""dataset"":""Microsoft"",""record_id"":""1407374886611656"",""update_time"":""2021-02-17T00:38:26.670Z"",""confidence"":0.77}]","[{""property"":"""",""dataset"":""FourSquare"",""record_id"":""4e02052d483bd352f7232056"",""update_time"":""2024-06-11T00:00:00.000"",""confidence"":1.0}]",false,false,false,false,false,false,false,false
genuinely_different,"",08f44cd590505c4d031e70722821a0fa,ABRA Auto Body Chattanooga,Abra Auto Body Repair of America,26,32,6,4,6,2,6009 International Dr,6009 International Dr,Chattanooga,TN,auto_glass_service,auto_glass_service,0.77,0.77,"[{""property"":"""",""dataset"":""msft"",""record_id"":""844424933509664"",""update_time"":""2025-01-06T00:00:00.000Z""},{""property"":""/properties/existence"",""dataset"":""msft"",""record_id"":""844424933374837"",""update_time"":""2025-01-06T00:00:00.000Z""},{""property"":""/properties/existence"",""dataset"":""msft"",""record_id"":""844424933373666"",""update_time"":""2025-01-06T00:00:00.000Z""},{""property"":""/properties/existence"",""dataset"":""msft"",""record_id"":""844424933372875"",""update_time"":""2025-01-06T00:00:00.000Z""},{""property"":""/properties/existence"",""dataset"":""msft"",""record_id"":""844424933372783"",""update_time"":""2025-01-06T00:00:00.000Z""},{""property"":""/properties/existence"",""dataset"":""msft"",""record_id"":""844424933372717"",""update_time"":""2025-01-06T00:00:00.000Z""},{""property"":""/properties/existence"",""dataset"":""msft"",""record_id"":""844424933371799"",""update_time"":""2025-01-06T00:00:00.000Z""},{""property"":""/properties/existence"",""dataset"":""msft"",""record_id"":""844424933370499"",""update_time"":""2025-01-06T00:00:00.000Z""},{""property"":""/properties/existence"",""dataset"":""msft"",""record_id"":""844424933368183"",""update_time"":""2025-01-06T00:00:00.000Z""},{""property"":""/properties/existence"",""dataset"":""msft"",""record_id"":""844424933364161"",""update_time"":""2025-01-06T00:00:00.000Z""},{""property"":""/properties/existence"",""dataset"":""msft"",""record_id"":""844424933361221"",""update_time"":""2025-01-06T00:00:00.000Z""},{""property"":""/properties/existence"",""dataset"":""msft"",""record_id"":""844424933254204"",""update_time"":""2025-01-06T00:00:00.000Z""},{""property"":""/properties/existence"",""dataset"":""msft"",""record_id"":""562949953613741"",""update_time"":""2025-01-06T00:00:00.000Z""}]","[{""dataset"":""Microsoft"",""record_id"":""562949953613741"",""update_time"":""2018-07-10T19:44:19.893"",""confidence"":0.77}]",false,false,false,false,false,false,false,false
genuinely_different,"",08f4995d6c868948032cc85868485bf9,Restaurante Sazon El Capricho,Restaurante El Capricho,29,23,-6,4,3,-1,C. Pichardo Pagaza MZ 003,PICHARDO PAGAZA 3,,,restaurant,Dining and Drinking > Restaurant > Fast Food Restaurant,0.9837452982267598,1.0,"[{""property"":"""",""dataset"":""meta"",""record_id"":""107301582182301"",""update_time"":""2025-01-06T08:00:00.000Z"",""confidence"":0.9837452982267598}]","[{""property"":"""",""dataset"":""FourSquare"",""record_id"":""65c2c007e4ef34751f7bbec4"",""update_time"":""2024-02-06T00:00:00.000"",""confidence"":1.0}]",false,false,false,false,false,false,false,false
genuinely_different,"",08f64a4d9eb6d72e033570a0d94c1cee,ก๋วยเตี๋ยวปลาในตำนาน นครนายก,ก๋วยเตี๋ยวปลาสดนครนายก,28,22,-6,2,1,-1,,,,,noodles_restaurant,Dining and Drinking > Restaurant > Asian Restaurant > Noodle Restaurant,0.6214335421016005,1.0,"[{""property"":"""",""dataset"":""meta"",""record_id"":""486665972143029"",""update_time"":""2025-01-06T08:00:00.000Z"",""confidence"":0.6214335421016005}]","[{""property"":"""",""dataset"":""FourSquare"",""record_id"":""5664fda2498ef74a72f417a5"",""update_time"":""2020-11-25T00:00:00.000"",""confidence"":1.0}]",false,false,false,false,false,false,false,false
genuinely_different,"",08f658a35bc6338303545cf39393f9b7,Gala House Bangsaen,Gala House (กาล่า เฮ้าส์),19,25,6,3,4,1,"33/3 Bangsaen Lang Road, Saensuk",33/3 Bangsaenlang Rd,Bang Saen,,thai_restaurant,Dining and Drinking > Restaurant > Italian Restaurant,0.7927927927927928,1.0,"[{""property"":"""",""dataset"":""meta"",""record_id"":""610971968917770"",""update_time"":""2025-01-06T08:00:00.000Z"",""confidence"":0.7927927927927928}]","[{""property"":"""",""dataset"":""FourSquare"",""record_id"":""51eaa284498e9a066921fb20"",""update_time"":""2020-11-30T00:00:00.000"",""confidence"":1.0}]",false,false,false,false,false,false,false,false
genuinely_different,"",1125899910258352,Braum's Ice Cream & Dairy Store,Braum's Ice Cream & Burger Restaurant,31,37,6,6,6,0,5300 Matlock Rd,5300 Matlock Rd,Arlington,TX,ice_cream_and_frozen_yoghurt,ice_cream_and_frozen_yoghurt,0.77,0.77,"[{""dataset"":""Microsoft"",""record_id"":""1125899910258352"",""update_time"":""2024-12-28T17:02:00.46"",""confidence"":0.77}]","[{""dataset"":""Microsoft"",""record_id"":""562949955061334"",""update_time"":""2018-12-31T15:56:01.64"",""confidence"":0.77}]",false,false,false,false,false,false,false,false
genuinely_different,"",08f194ad32accc120378a4a13d751f03,Tonkotsu Bar and Ramen,Tonkotsu Bankside,22,17,-5,4,2,-2,4 Canvey Street,"4 Canvey Street, Bankside",London,ENG,japanese_restaurant,soup_restaurant,0.9962614185921548,0.77,"[{""property"":"""",""dataset"":""meta"",""record_id"":""147665282538627"",""update_time"":""2025-01-06T00:00:00.000Z""},{""property"":""/properties/existence"",""dataset"":""msft"",""record_id"":""1407374891474607"",""update_time"":""2025-01-06T00:00:00.000Z""}]","[{""dataset"":""Microsoft"",""record_id"":""1407374891474607"",""update_time"":""2024-12-29T20:39:42.82"",""confidence"":0.77}]",false,false,false,false,false,false,false,false
genuinely_different,"",08f1f1257095c30a03dd49b88eedb74e,H. Hesse Kaltprofile und Bearbeitung GmbH und Co.,H. Hesse Kaltprofile + Bearbeitung GmbH & Co,49,44,-5,8,8,0,Binnerheide 14,Binnerheide 16,Schwerte,,metal_fabricator,,0.9467515923566879,1.0,"[{""property"":"""",""dataset"":""meta"",""record_id"":""477186765676208"",""update_time"":""2025-01-06T08:00:00.000Z"",""confidence"":0.9467515923566879}]","[{""property"":"""",""dataset"":""FourSquare"",""record_id"":""92bba497c70841460bb33a0f"",""update_time"":""2024-10-08T00:00:00.000"",""confidence"":1.0}]",false,false,true,false,false,false,false,false
genuinely_different,"",08f1fb432c6d432b030f6b6a47ed6ec0,Gare de Creil,Gare SNCF de Creil,13,18,5,3,4,1,"Place Charles de Gaulle, 60100 Creil",Place Charles de Gaulle,Creil,,train_station,Travel and Transportation > Transport Hub > Rail Station,0.6214335421016005,1.0,"[{""property"":"""",""dataset"":""meta"",""record_id"":""153234148042665"",""update_time"":""2025-01-06T08:00:00.000Z"",""confidence"":0.6214335421016005}]","[{""property"":"""",""dataset"":""FourSquare"",""record_id"":""4b8570d7f964a5201d5e31e3"",""update_time"":""2024-10-30T00:00:00.000"",""confidence"":1.0}]",false,false,false,false,false,false,false,false
genuinely_different,"",08f26cbc6b03510003553ce6709596c4,Palio’s Pizza Cafe Midlothian,Palio's Pizza midlothian,29,24,-5,4,3,-1,"151 Walton Way #110",151 Walton Way,Midlothian,TX,gluten_free_restaurant,Dining and Drinking > Restaurant > Pizzeria,0.77,1.0,"[{""property"":"""",""dataset"":""Microsoft"",""record_id"":""2251799819015168"",""update_time"":""2019-02-07T22:12:09.140Z"",""confidence"":0.77}]","[{""property"":"""",""dataset"":""FourSquare"",""record_id"":""5490d15f498eff67ca458729"",""update_time"":""2024-10-13T00:00:00.000"",""confidence"":1.0}]",false,false,false,false,false,false,false,false
genuinely_different,"",08f275802d4745a4036f3b1a815dd617,BMO Harris Bank ATM,BMO Harris ATM,19,14,-5,4,3,-1,3859 E Washington Ave,3859 E Washington,Madison,WI,bank_credit_union,Business and Professional Services > Financial Service > Banking and Finance > ATM,0.77,1.0,"[{""property"":"""",""dataset"":""Microsoft"",""record_id"":""2251799813743687"",""update_time"":""2014-03-26T03:43:43.643Z"",""confidence"":0.77}]","[{""property"":"""",""dataset"":""FourSquare"",""record_id"":""5668a64f498e6205ba86f05c"",""update_time"":""2024-10-11T00:00:00.000"",""confidence"":1.0}]",false,false,false,false,false,false,false,false
genuinely_different,"",08f2832b85a12b3203fb6b84f25c83de,Windshield Repair Sacramento,Windshield Replacement Sacramento,28,33,5,3,3,0,3420 Harmony Ln,"3420 Harmony Ln #2",Sacramento,CA,auto_glass_service,Business and Professional Services > Automotive Service > Automotive Repair Shop,0.9146576663452266,1.0,"[{""property"":"""",""dataset"":""meta"",""record_id"":""100479015548874"",""update_time"":""2025-01-06T08:00:00.000Z"",""confidence"":0.9146576663452266}]","[{""property"":"""",""dataset"":""FourSquare"",""record_id"":""610502b6b495c47e56a31489"",""update_time"":""2024-10-12T00:00:00.000"",""confidence"":1.0}]",false,false,false,false,false,false,false,false
genuinely_different,"",08f2a1008d1b3a8103c4ba07705332c0,The Bridge Golf Foundation,The Bridge Golf Learning Center,26,31,5,4,5,1,33 W 116th St,33 West 116th Street,New York,NY,golf_instructor,Sports and Recreation > Golf > Golf Driving Range,0.9837452982267598,1.0,"[{""property"":"""",""dataset"":""meta"",""record_id"":""1468554783460665"",""update_time"":""2025-01-06T08:00:00.000Z"",""confidence"":0.9837452982267598}]","[{""property"":"""",""dataset"":""FourSquare"",""record_id"":""57939b46498e58862cbfba9b"",""update_time"":""2024-10-14T00:00:00.000"",""confidence"":1.0}]",false,false,false,false,false,false,false,false
genuinely_different,"",08f3966534d9dc000361acdf01425035,Boulangerie Darrigrand,Boulangerie Pât. Darrigrand,22,27,5,2,3,1,Rue Berlioz,rue Berlioz,,,bakery,Dining and Drinking > Bakery,0.9445655559015883,1.0,"[{""property"":"""",""dataset"":""meta"",""record_id"":""637633879770965"",""update_time"":""2025-01-06T08:00:00.000Z"",""confidence"":0.9445655559015883}]","[{""property"":"""",""dataset"":""FourSquare"",""record_id"":""090da4b33e7549d073402853"",""update_time"":""2024-09-23T00:00:00.000"",""confidence"":1.0}]",false,false,false,false,false,false,false,false
genuinely_different,"",08f444381a58e79b03f8e497300cac10,Natchez Children's Services,Natchez Children's Home Services,27,32,5,3,4,1,815 N Union St,806 N Union St,Natchez,MS,social_service_organizations,Community and Government > Public and Social Service,0.48103896103896104,1.0,"[{""property"":"""",""dataset"":""meta"",""record_id"":""287557546630"",""update_time"":""2025-01-06T08:00:00.000Z"",""confidence"":0.48103896103896104}]","[{""property"":"""",""dataset"":""FourSquare"",""record_id"":""7b8c6f21722f43c634656f8b"",""update_time"":""2024-10-14T00:00:00.000"",""confidence"":1.0}]",false,false,false,false,false,false,false,false
genuinely_different,"",08f44a104a50598a032ad870a8bc08da,Advanced Contractors,Advanced Construction Inc,20,25,5,2,3,1,4751 SW 42nd Ter,4751 SW 42nd Ter,Fort Lauderdale,FL,,,0.77,0.77,"[{""property"":"""",""dataset"":""msft"",""record_id"":""1407374887671589"",""update_time"":""2025-01-06T00:00:00.000Z""},{""property"":""/properties/existence"",""dataset"":""msft"",""record_id"":""1125899911543284"",""update_time"":""2025-01-06T00:00:00.000Z""}]","[{""property"":"""",""dataset"":""msft"",""record_id"":""1688849862705350"",""update_time"":""2025-01-06T00:00:00.000Z""}]",false,false,false,true,false,false,false,false
genuinely_different,"",08f44a966ad86ae40341ae6d783ab450,AdventHealth Medical Group OB GYN at Deltona,AdventHealth Medical Group GYN Surgery at Deltona,44,49,5,7,7,0,1745 Sterling Silver Blvd Ste 104,1745 Sterling Silver Blvd Ste 104,Deltona,FL,obstetrician_and_gynecologist,women's_health_clinic,0.77,0.77,"[{""property"":"""",""dataset"":""msft"",""record_id"":""844424932698651"",""update_time"":""2025-01-06T00:00:00.000Z""},{""property"":""/properties/existence"",""dataset"":""msft"",""record_id"":""1970324842086184"",""update_time"":""2025-01-06T00:00:00.000Z""},{""property"":""/properties/existence"",""dataset"":""msft"",""record_id"":""1688849864427873"",""update_time"":""2025-01-06T00:00:00.000Z""},{""property"":""/properties/existence"",""dataset"":""msft"",""record_id"":""1688849864424287"",""update_time"":""2025-01-06T00:00:00.000Z""}]","[{""dataset"":""Microsoft"",""record_id"":""1970324842086184"",""update_time"":""2024-12-29T14:04:06.36"",""confidence"":0.77}]",false,false,false,false,false,false,false,false
genuinely_different,"",08f49824998a425003760394c03c89c5,Parque Acuático Tephé,Parque Acuático 'El Thepe',21,26,5,3,4,1,"Carr. México Laredo, Km 152, 42323 El Tephé, Hgo.",Carr. México-Laredo Km. 152,Ixmiquilpan,,swimming_pool,Sports and Recreation > Water Sports > Swimming > Swimming Pool,0.7927927927927928,1.0,"[{""property"":"""",""dataset"":""meta"",""record_id"":""188579854545900"",""update_time"":""2025-01-06T08:00:00.000Z"",""confidence"":0.7927927927927928}]","[{""property"":"""",""dataset"":""FourSquare"",""record_id"":""4ba5225af964a520f2e138e3"",""update_time"":""2020-11-23T00:00:00.000"",""confidence"":1.0}]",false,false,false,false,false,false,false,false
genuinely_different,"",08fa831a5528368003cb9d0c38305d24,Colégio Estadual Professora Maria Gai Grendel,Colégio Estadual Prof. Maria Gai Grendel,45,40,-5,6,6,0,"Estrada Delegado Bruno de Almeida, 9001","Rua Delegado Bruno De Almeida, 9001 - Caximba",Curitiba,PR,school,Community and Government > Education > Trade School,0.7927927927927928,1.0,"[{""property"":"""",""dataset"":""meta"",""record_id"":""102474124756875"",""update_time"":""2025-01-06T08:00:00.000Z"",""confidence"":0.7927927927927928}]","[{""property"":"""",""dataset"":""FourSquare"",""record_id"":""5527a04a498e8b2e61644127"",""update_time"":""2021-08-16T00:00:00.000"",""confidence"":1.0}]",false,false,false,false,false,false,false,false
genuinely_different,"",08fbe8d0165185630322cd439aeeb8e0,Goodyear Autocare Australia,Goodyear Autocare Murrumba Downs,27,32,5,3,4,1,"Common Property 139 Dohles Rocks, 139 Dohles Rocks Rd",1/139 Dohles Rocks Road,Brisbane,QLD,automotive_repair,automotive,0.9837452982267598,0.77,"[{""property"":"""",""dataset"":""meta"",""record_id"":""896669260664503"",""update_time"":""2025-01-06T00:00:00.000Z""}]","[{""property"":"""",""dataset"":""msft"",""record_id"":""562949962683737"",""update_time"":""2025-01-06T00:00:00.000Z""}]",false,false,false,false,false,false,false,false
genuinely_different,"",1407374887573410,Locatec Essen - RÜFA,Locatec Düsseldorf - RÜFA,20,25,5,4,4,0,Burgfeld 13-15,Burgfeld 13-15,Velbert,North Rhine-Westphalia,fire_and_water_damage_restoration,fire_and_water_damage_restoration,0.77,0.77,"[{""dataset"":""Microsoft"",""record_id"":""1407374887573410"",""update_time"":""2024-10-07T08:44:28.117"",""confidence"":0.77}]","[{""dataset"":""Microsoft"",""record_id"":""1407374887707290"",""update_time"":""2024-10-07T08:44:32.167"",""confidence"":0.77}]",false,false,false,false,false,false,false,false
genuinely_different,"",844424933664824,GRUPPO BOSSONI - Alfa Romeo,Gruppo Bossoni Fiat Professional,27,32,5,5,4,-1,"Via Castelleone, 136",Via Castelleone 136,Cremona,CR,automotive,automotive,0.77,0.77,"[{""dataset"":""Microsoft"",""record_id"":""844424933664824"",""update_time"":""2024-10-14T19:55:08.977"",""confidence"":0.77}]","[{""dataset"":""Microsoft"",""record_id"":""844424934717048"",""update_time"":""2024-10-14T20:57:30.353"",""confidence"":0.77}]",false,false,false,false,false,false,false,false
genuinely_different,"",08f1ea3112774572035b62e8259ffacd,Hotel Zanarini,Hotel New Zanarini,14,18,4,2,3,1,"Viale Filippo Corridoni, 16",Viale Corridoni 16,Riccione,45,hotel,Travel and Transportation > Lodging > Hotel,0.9645127118644068,1.0,"[{""property"":"""",""dataset"":""meta"",""record_id"":""325912028110722"",""update_time"":""2025-01-06T08:00:00.000Z"",""confidence"":0.9645127118644068}]","[{""property"":"""",""dataset"":""FourSquare"",""record_id"":""5012ebaae4b0eba4bb8bec10"",""update_time"":""2024-07-03T00:00:00.000"",""confidence"":1.0}]",false,false,false,false,false,false,false,false
genuinely_different,"",08f1f1a61b65ea2a033b99f76642dac2,Raab Karcher Building Materials,Raab Karcher Baustoffhandel,31,27,-4,4,3,-1,Muldestraße 41,Muldestr. 41,Zwickau,,building_supply_store,Retail > Hardware Store,0.9895134099616858,1.0,"[{""property"":"""",""dataset"":""meta"",""record_id"":""354494528509063"",""update_time"":""2025-01-06T08:00:00.000Z"",""confidence"":0.9544061302681992},{""property"":""/properties/existence"",""dataset"":""Microsoft"",""record_id"":""562949962261346"",""update_time"":""2024-12-25T03:06:55.767Z"",""confidence"":0.77}]","[{""property"":"""",""dataset"":""FourSquare"",""record_id"":""5658a8ed498ef95a63da6b5d"",""update_time"":""2023-12-21T00:00:00.000"",""confidence"":1.0}]",false,false,false,false,false,false,false,false
genuinely_different,"",08f26628d08d4a2d030c4dc286d4b250,Little Jewels - Evergreen,Little Jewels Learning Center,25,29,4,4,4,0,1730 Evergreen Blvd,1730 Evergreen Blvd,Normal,IL,day_care_preschool,preschool,0.9962614185921548,0.77,"[{""property"":"""",""dataset"":""meta"",""record_id"":""101039205093429"",""update_time"":""2025-01-06T00:00:00.000Z""},{""property"":""/properties/existence"",""dataset"":""msft"",""record_id"":""1407374890474421"",""update_time"":""2025-01-06T00:00:00.000Z""},{""property"":""/properties/existence"",""dataset"":""msft"",""record_id"":""1125899907020744"",""update_time"":""2025-01-06T00:00:00.000Z""}]","[{""dataset"":""Microsoft"",""record_id"":""1407374890474421"",""update_time"":""2024-12-17T20:24:48.553"",""confidence"":0.77}]",false,false,false,false,false,false,false,false
genuinely_different,"",08f26cb8120b64f203d68aca639d4d4e,Waxahachie Ford Collision,Waxahachie Ford Parts,25,21,-4,3,3,0,2401 N 1-35 E,2401 N 1-35 E,Waxahachie,TX,,auto_parts_and_supply_store,0.77,0.77,"[{""property"":"""",""dataset"":""msft"",""record_id"":""1407374891326292"",""update_time"":""2025-01-06T00:00:00.000Z""},{""property"":""/properties/existence"",""dataset"":""msft"",""record_id"":""1407374890456982"",""update_time"":""2025-01-06T00:00:00.000Z""},{""property"":""/properties/existence"",""dataset"":""msft"",""record_id"":""1407374890456981"",""update_time"":""2025-01-06T00:00:00.000Z""}]","[{""dataset"":""Microsoft"",""record_id"":""1407374890456981"",""update_time"":""2024-12-29T14:53:45.953"",""confidence"":0.77}]",false,false,false,false,false,false,false,false
genuinely_different,"",08f2748ba583136103a98b5793ae4f2b,Pooches Parlor,Pooches Dog Parlor,14,18,4,2,3,1,1128 E Grand River Ave,1128 E Grand River Ave Ste A,Portland,MI,pet_groomer,pet_groomer,0.9962614185921548,0.77,"[{""property"":"""",""dataset"":""meta"",""record_id"":""936463366422173"",""update_time"":""2025-01-06T00:00:00.000Z""},{""property"":""/properties/existence"",""dataset"":""msft"",""record_id"":""562949963636355"",""update_time"":""2025-01-06T00:00:00.000Z""}]","[{""dataset"":""Microsoft"",""record_id"":""562949963636355"",""update_time"":""2024-10-20T09:12:12.083"",""confidence"":0.77}]",false,false,false,false,false,false,false,false
genuinely_different,"",08f3da11a880352a03e1b552a441aa16,Ebowla Gurgaon,Ebowla Club & BYOB,14,18,4,2,4,2,"Signature Tower Crossing, Near Star Mall, Main, Delhi - Jaipur Expy, Sector 30, Gurugram, Haryana 122001","SIGNATURE TOWER, crossing, Delhi - Jaipur Expy",Gurugram,,dance_club,dance_club,0.3941504178272981,0.9649446494464945,"[{""property"":"""",""dataset"":""meta"",""record_id"":""112512511876606"",""update_time"":""2025-01-06T00:00:00.000Z""}]","[{""property"":"""",""dataset"":""meta"",""record_id"":""148855188303466"",""update_time"":""2025-01-06T00:00:00.000Z""}]",false,false,false,false,false,false,false,false
genuinely_different,"",08f41695326f2812035673b147fa47f6,สนามบอลราชภัฏสกลนคร,สนามฟุตบอล ราชภัฏสกลนคร,19,23,4,1,2,1,,,Amphoe Muang Sakhon Nakhon,,topic_concert_venue,Sports and Recreation > Soccer > Soccer Field,0.48103896103896104,1.0,"[{""property"":"""",""dataset"":""meta"",""record_id"":""1126888077437176"",""update_time"":""2025-01-06T08:00:00.000Z"",""confidence"":0.48103896103896104}]","[{""property"":"""",""dataset"":""FourSquare"",""record_id"":""4e772196c65bb91db5168040"",""update_time"":""2020-11-25T00:00:00.000"",""confidence"":1.0}]",false,false,false,false,false,false,false,false
genuinely_different,"",08f450a6b2294d5203313bd27e054fe8,Notaría Pública 20,Notaría Pública No. 20,18,22,4,3,4,1,Calle Granada 20,Calle Granada No. 30,Cancún,,notary_public,Business and Professional Services > Financial Service,0.9837452982267598,1.0,"[{""property"":"""",""dataset"":""meta"",""record_id"":""1510972872494826"",""update_time"":""2025-01-06T08:00:00.000Z"",""confidence"":0.9837452982267598}]","[{""property"":"""",""dataset"":""FourSquare"",""record_id"":""4cea9dde9f776ea817ca6922"",""update_time"":""2024-01-03T00:00:00.000"",""confidence"":1.0}]",false,false,false,false,false,false,false,false
genuinely_different,"",08f64a0904d64d0c03a2773fc104703e,โรงแรมพชร Patchara Hotel,โรงแรมพชร สุพรรณบุรี,24,20,-4,3,2,-1,,,,,hotel,Travel and Transportation > Lodging > Hotel,0.7927927927927928,1.0,"[{""property"":"""",""dataset"":""meta"",""record_id"":""222360391116617"",""update_time"":""2025-01-06T08:00:00.000Z"",""confidence"":0.7927927927927928}]","[{""property"":"""",""dataset"":""FourSquare"",""record_id"":""4fb62bdce4b0a090cffb2ffb"",""update_time"":""2024-02-07T00:00:00.000"",""confidence"":1.0}]",false,false,false,false,false,false,false,false
genuinely_different,"",08f801609924b74a035874ff6e9f846c,Barra do Fortim,Barra - Fortim - Ce,15,19,4,3,5,2,,,,,lighthouse,Arts and Entertainment,0.3941504178272981,1.0,"[{""property"":"""",""dataset"":""meta"",""record_id"":""562245730911786"",""update_time"":""2025-01-06T08:00:00.000Z"",""confidence"":0.39415041782729804}]","[{""property"":"""",""dataset"":""FourSquare"",""record_id"":""53a0bacd498ed181ccacf4de"",""update_time"":""2024-02-28T00:00:00.000"",""confidence"":1.0}]",false,false,false,false,false,false,false,false
genuinely_different,"",1407374887100674,Murphy USA,Murphy Express,10,14,4,2,2,0,4448 Sunset Blvd,4448 Sunset Blvd,Lexington,SC,convenience_store,convenience_store,0.77,0.77,"[{""dataset"":""Microsoft"",""record_id"":""1407374887100674"",""update_time"":""2024-12-26T07:33:14.517"",""confidence"":0.77}]","[{""dataset"":""Microsoft"",""record_id"":""562949958711311"",""update_time"":""2019-07-07T13:30:55.19"",""confidence"":0.77}]",false,false,false,false,false,false,false,false
genuinely_different,"",08f1126d332248ed03373d1c4f03052a,Hautaustoimisto Mikko Mononen,Hautaustoimisto Mononen Mikko Oy,29,32,3,3,4,1,Liisankatu 25,Liisankatu 25,Helsinki,ES,funeral_services_and_cemeteries,Business and Professional Services > Funeral Home,0.9837452982267598,1.0,"[{""property"":"""",""dataset"":""meta"",""record_id"":""112289173842916"",""update_time"":""2025-01-06T08:00:00.000Z"",""confidence"":0.9837452982267598}]","[{""property"":"""",""dataset"":""FourSquare"",""record_id"":""569afc51498ed8c4de86a415"",""update_time"":""2024-07-11T00:00:00.000"",""confidence"":1.0}]",false,false,false,false,false,false,false,false
genuinely_different,"",08f1ea3c4ec222d003c73c090231dece,Santuario di Santa Maria delle Grazie,Santuario Santa Maria Delle Grazie,37,34,-3,6,5,-1,"Viale delle Grazie, 10",Via Delle Grazie 10,Rimini,45,catholic_church,Community and Government > Spiritual Center > Church,0.9544061302681992,1.0,"[{""property"":"""",""dataset"":""meta"",""record_id"":""200112856525370"",""update_time"":""2025-01-06T08:00:00.000Z"",""confidence"":0.9544061302681992}]","[{""property"":"""",""dataset"":""FourSquare"",""record_id"":""4e9010ca722ebb868b890b9c"",""update_time"":""2024-07-03T00:00:00.000"",""confidence"":1.0}]",false,false,false,false,false,false,false,false
genuinely_different,"",08f1ec9c434b687503fa4f27961f3e0a,Bahçeşehir Park 1 Evleri,BahçeşehirPark Evleri,24,21,-3,4,2,-2,,,,,accommodation,Community and Government > Residential Building > Apartment or Condo,0.48103896103896104,1.0,"[{""property"":"""",""dataset"":""meta"",""record_id"":""394447987286133"",""update_time"":""2025-01-06T08:00:00.000Z"",""confidence"":0.48103896103896104}]","[{""property"":"""",""dataset"":""FourSquare"",""record_id"":""528537a911d255dd64b340e5"",""update_time"":""2021-08-13T00:00:00.000"",""confidence"":1.0}]",false,false,false,false,false,false,false,false
genuinely_different,"",08f1f125b549141a033d8abde11f4d25,Kindel GmbH & Co. KG Blechdruckerei,Kindel GmbH & Co. Blechdruckerei,35,32,-3,6,5,-1,Wittener Straße 238,Wittener Str. 240,Wuppertal,,printing_services,Retail > Print Store,0.9544061302681992,1.0,"[{""property"":"""",""dataset"":""meta"",""record_id"":""134263103398425"",""update_time"":""2025-01-06T08:00:00.000Z"",""confidence"":0.9544061302681992}]","[{""property"":"""",""dataset"":""FourSquare"",""record_id"":""48ef332eb4c34f08b02d3735"",""update_time"":""2024-10-08T00:00:00.000"",""confidence"":1.0}]",false,false,false,false,false,false,false,false
genuinely_different,"",08f1fb470dc5cd6303a4cfc2e399bd59,Garage St Nicolas,Garage Saint Nicolas,17,20,3,3,3,0,61 Rue Saint-Nicolas,61 Rue Saint-Nicolas,Maisons-Laffitte,,automotive_repair,Business and Professional Services > Automotive Service > Automotive Repair Shop,0.9467515923566879,1.0,"[{""property"":"""",""dataset"":""meta"",""record_id"":""385518471951013"",""update_time"":""2025-01-06T08:00:00.000Z"",""confidence"":0.9467515923566879}]","[{""property"":"""",""dataset"":""FourSquare"",""record_id"":""5a7493416c08d11501bedb73"",""update_time"":""2024-07-02T00:00:00.000"",""confidence"":1.0}]",false,false,false,false,false,false,false,false
genuinely_different,"",08f2644611c0c95603831217603f38cc,Little Italy's Pizzeria,Little Italy's Pizza,23,20,-3,3,3,0,305 W Main St,110 W Main St,Staunton,IL,pizza_restaurant,Dining and Drinking > Restaurant > Pizzeria,0.9837452982267598,1.0,"[{""property"":"""",""dataset"":""meta"",""record_id"":""110754205653104"",""update_time"":""2025-01-06T08:00:00.000Z"",""confidence"":0.9837452982267598}]","[{""property"":"""",""dataset"":""FourSquare"",""record_id"":""f478f9af9fe2404543eba5e0"",""update_time"":""2024-10-11T00:00:00.000"",""confidence"":1.0}]",false,false,false,false,false,false,false,false
genuinely_different,"",08f26c86dbb757a203af584aa088e51f,Apollo Machine Tool Services,Apollo Machine Tool Service Inc,28,31,3,4,5,1,612 N Great Southwest Pkwy,612 N Great Southwest Pkwy,Arlington,TX,engineering_services,b2b_equipment_maintenance_and_repair,0.9918379237288135,0.77,"[{""property"":"""",""dataset"":""meta"",""record_id"":""158643670836907"",""update_time"":""2025-01-06T00:00:00.000Z""},{""property"":""/properties/existence"",""dataset"":""msft"",""record_id"":""562949966507029"",""update_time"":""2025-01-06T00:00:00.000Z""},{""property"":""/properties/existence"",""dataset"":""msft"",""record_id"":""562949960408481"",""update_time"":""2025-01-06T00:00:00.000Z""}]","[{""dataset"":""Microsoft"",""record_id"":""562949960408481"",""update_time"":""2024-09-13T19:43:22.267"",""confidence"":0.77}]",false,false,false,true,false,false,false,false
genuinely_different,"",08f289eb6a80c0aa03adb21d855f66d3,Highway 93 RV,Highway RV,13,10,-3,3,2,-1,1345 US Highway 93 N,1345 US Highway 93 N Stop 6,Victor,MT,recreation_vehicle_repair,,0.9837452982267598,1.0,"[{""property"":"""",""dataset"":""meta"",""record_id"":""2249892838384489"",""update_time"":""2025-01-06T08:00:00.000Z"",""confidence"":0.9837452982267598}]","[{""property"":"""",""dataset"":""FourSquare"",""record_id"":""b8dc8f740cfd43b853fd9d9d"",""update_time"":""2024-10-15T00:00:00.000"",""confidence"":1.0}]",false,false,false,false,false,false,false,false
genuinely_different,"",08f29a401d62442903fec68faae96b67,Structural and Materials Engineering Building,Structural and Materials Engineering (SME),45,42,-3,5,5,0,9500 Gilman Dr,9500 Gilman Dr,San Diego,CA,college_university,Community and Government > Education > College and University > College Engineering Building,0.9645127118644068,1.0,"[{""property"":"""",""dataset"":""meta"",""record_id"":""309595515814052"",""update_time"":""2025-01-06T08:00:00.000Z"",""confidence"":0.9645127118644068}]","[{""property"":"""",""dataset"":""FourSquare"",""record_id"":""507b4f88e4b0b5e920f063f9"",""update_time"":""2024-10-25T00:00:00.000"",""confidence"":1.0}]",false,false,false,false,false,false,false,false
genuinely_different,"",08f2b9bc7517404003d5dc9fe0857b67,Mega City Drains Plumbing & Heating,Mega City Drain & Plumbing And Heating,35,38,3,6,7,1,16 Cosburn Ave,16 Cosburn Ave,Toronto,ON,plumbing,Retail > Construction Supplies Store,0.23154848046309695,1.0,"[{""property"":"""",""dataset"":""meta"",""record_id"":""677902172356478"",""update_time"":""2025-01-06T08:00:00.000Z"",""confidence"":0.23154848046309695}]","[{""property"":"""",""dataset"":""FourSquare"",""record_id"":""55a7ff35498e94c662169956"",""update_time"":""2024-10-07T00:00:00.000"",""confidence"":1.0}]",false,false,false,false,false,false,false,false
genuinely_different,"",08f2e2b4425b4319038bddb1c30b7b38,なかすっ娘一番町店,なかすっ娘 仙台一番町店,9,12,3,1,2,1,青葉区一番町4丁目3-28,青葉区一番町4-3-28,,,japanese_restaurant,Dining and Drinking > Bar > Sake Bar,0.9544061302681992,1.0,"[{""property"":"""",""dataset"":""meta"",""record_id"":""165352266998553"",""update_time"":""2025-01-06T08:00:00.000Z"",""confidence"":0.9544061302681992}]","[{""property"":"""",""dataset"":""FourSquare"",""record_id"":""5284a56f498e7b97a47f4940"",""update_time"":""2024-10-31T00:00:00.000"",""confidence"":1.0}]",false,false,false,false,false,false,false,false
genuinely_different,"",08f2f5aad8571cc003ec4c15ae9307de,日本貿易振興機構・ジェトロ,日本貿易振興機構 (JETRO),13,16,3,1,2,1,東京都港区赤坂１丁目１２−３２,赤坂1-12-32,港区,,central_government_office,Community and Government > Government Building,0.9544061302681992,1.0,"[{""property"":"""",""dataset"":""meta"",""record_id"":""170407552989248"",""update_time"":""2025-01-06T08:00:00.000Z"",""confidence"":0.9544061302681992}]","[{""property"":"""",""dataset"":""FourSquare"",""record_id"":""4bd78d255cf276b06ca09b00"",""update_time"":""2021-08-14T00:00:00.000"",""confidence"":1.0}]",false,false,false,false,false,false,false,false
genuinely_different,"",08f39440da903472032498aa261a5743,Chapas y Maderas José Mª Ribas,Chapas y Maderas José María Ribas,30,33,3,6,6,0,"Carrer de la Segarra, 30","Carrer de la Segarra, 30 Bajo",Castellar del Vallès,,construction_services,Retail > Construction Supplies Store,0.7927927927927928,1.0,"[{""property"":"""",""dataset"":""meta"",""record_id"":""593452637473167"",""update_time"":""2025-01-06T08:00:00.000Z"",""confidence"":0.7927927927927928}]","[{""property"":"""",""dataset"":""FourSquare"",""record_id"":""4d14ef7e218c4371b7ecae82"",""update_time"":""2024-06-13T00:00:00.000"",""confidence"":1.0}]",false,false,false,false,false,false,false,false
genuinely_different,"",08f48e5b656d2c2303257e206ee3119d,San Benito Su Ferreteria,SAN BENITO Ferretería,24,21,-3,4,3,-1,Veracruz,Veracruz,Hermosillo,,hardware_store,Retail > Hardware Store,0.28671328671328666,1.0,"[{""property"":"""",""dataset"":""meta"",""record_id"":""646174788763824"",""update_time"":""2025-01-06T08:00:00.000Z"",""confidence"":0.2867132867132867}]","[{""property"":"""",""dataset"":""FourSquare"",""record_id"":""4ec54ac382313b6730489602"",""update_time"":""2024-08-26T00:00:00.000"",""confidence"":1.0}]",false,false,false,false,false,false,false,false
genuinely_different,"",08f49958590226ad0369f595d21e2bef,Parroquia de Nuestra Senora de la Esperanza,Parroquia Nuestra Señora de la Esperanza,43,40,-3,7,6,-1,Avenida Popocatépetl 190,Eje 8 Sur Popocatepetl,Benito Juárez,,church_cathedral,Community and Government > Spiritual Center > Church,0.9837452982267598,1.0,"[{""property"":"""",""dataset"":""meta"",""record_id"":""188247501283016"",""update_time"":""2025-01-06T08:00:00.000Z"",""confidence"":0.9837452982267598}]","[{""property"":"""",""dataset"":""FourSquare"",""record_id"":""4c4f6fa192b6a593e0e08b71"",""update_time"":""2023-12-20T00:00:00.000"",""confidence"":1.0}]",false,false,false,false,false,false,false,false
genuinely_different,"",08f4995b8d5a894e03e841aa316ed5a7,Ingram Micro México Sa De Cv,Ingram Micro México CEDIM,28,25,-3,6,4,-2,Privada 16 de Septiembre 175,Av. 16 de Septiembre No. 225,Azcapotzalco,CMX,professional_services,Retail > Computers and Electronics Retail > Electronics Store,0.6214335421016005,1.0,"[{""property"":"""",""dataset"":""meta"",""record_id"":""201681603198886"",""update_time"":""2025-01-06T08:00:00.000Z"",""confidence"":0.6214335421016005}]","[{""property"":"""",""dataset"":""FourSquare"",""record_id"":""4c88228d944e224bdb101a85"",""update_time"":""2021-08-11T00:00:00.000"",""confidence"":1.0}]",false,false,false,false,false,false,false,false
genuinely_different,"",08f49b6c4449a47203ad3ec666816735,Iglesia Santiago Apóstol,Iglesia De Santiago Apostol,24,27,3,3,4,1,Callejón Porfirio Díaz 65,Centro,Santiago Pinotepa Nacional,,religious_organization,Community and Government > Spiritual Center > Church,0.9645127118644068,1.0,"[{""property"":"""",""dataset"":""meta"",""record_id"":""103930145033776"",""update_time"":""2025-01-06T08:00:00.000Z"",""confidence"":0.9645127118644068}]","[{""property"":"""",""dataset"":""FourSquare"",""record_id"":""500f5b72e4b087e8b8f37358"",""update_time"":""2021-12-20T00:00:00.000"",""confidence"":1.0}]",false,false,false,false,false,false,false,false
genuinely_different,"",08fa81008c25d6b2034056ee927c5840,pizzaria nunes,Pizzaria DE,14,11,-3,2,2,0,"Avenida Morais Costa, 714",Avenida Morais Costa,São Paulo,SP,pizza_restaurant,Dining and Drinking > Restaurant > Pizzeria,0.23154848046309695,1.0,"[{""property"":"""",""dataset"":""meta"",""record_id"":""111951295062424"",""update_time"":""2025-01-06T08:00:00.000Z"",""confidence"":0.23154848046309695}]","[{""property"":"""",""dataset"":""FourSquare"",""record_id"":""512a259be4b0701b376912ff"",""update_time"":""2021-08-11T00:00:00.000"",""confidence"":1.0}]",false,false,false,false,false,false,false,false
genuinely_different,"",1407374888286645,Service Department Ken Garff Honda of Orem,Service Department at Ken Garff Honda of Orem,42,45,3,7,8,1,195 E University Pwy.,195 E University Pwy.,Orem,UT,auto_restoration_services,auto_restoration_services,0.77,0.77,"[{""dataset"":""Microsoft"",""record_id"":""1407374888286645"",""update_time"":""2021-10-23T20:08:23.55"",""confidence"":0.77}]","[{""dataset"":""Microsoft"",""record_id"":""844424933534061"",""update_time"":""2024-12-23T23:24:39.62"",""confidence"":0.77}]",false,false,false,false,false,false,false,false
genuinely_different,"",08f1ea40447a59b2039b146d6f3ddbfe,Studio Dentistico Dr. Tonti,Studio Dentistico Dott. Tonti,27,29,2,4,4,0,"Via Baccarini, 21","Via Baccarini, 21",Schio,VI,dentist,Health and Medicine > Dentist,0.77,1.0,"[{""property"":"""",""dataset"":""Microsoft"",""record_id"":""562949964344609"",""update_time"":""2024-10-09T17:07:37.000Z"",""confidence"":0.77}]","[{""property"":"""",""dataset"":""FourSquare"",""record_id"":""51c2c15e498ee4683829347b"",""update_time"":""2024-07-03T00:00:00.000"",""confidence"":1.0}]",false,false,false,false,false,false,false,false
genuinely_different,"",08f1f852314e30580373a86cedf0b53a,Médiathèque De Seltz,Médiathèque municipale,20,22,2,3,2,-1,2 Avenue du Général Schneider,2 avenue du Général Schneider,Seltz,,library,Community and Government > Library,0.9837452982267598,1.0,"[{""property"":"""",""dataset"":""meta"",""record_id"":""1405509863052634"",""update_time"":""2025-01-06T08:00:00.000Z"",""confidence"":0.9837452982267598}]","[{""property"":"""",""dataset"":""FourSquare"",""record_id"":""742a955fa2df4694bbae6746"",""update_time"":""2024-07-03T00:00:00.000"",""confidence"":1.0}]",false,false,false,false,false,false,false,false
genuinely_different,"",08f1fa37594d3d950337aa2b2f0f456e,Kreissparkasse Saarlouis - Geldautomat,Kreissparkasse Saarlouis - SB-Stelle,38,36,-2,4,4,0,Schaumbergstr. 110,Schaumbergstr. 110,Lebach,Saarland,bank_credit_union,bank_credit_union,0.77,0.77,"[{""property"":"""",""dataset"":""msft"",""record_id"":""562949965834443"",""update_time"":""2025-01-06T00:00:00.000Z""},{""property"":""/properties/existence"",""dataset"":""msft"",""record_id"":""562949955793316"",""update_time"":""2025-01-06T00:00:00.000Z""},{""property"":""/properties/existence"",""dataset"":""msft"",""record_id"":""562949955793024"",""update_time"":""2025-01-06T00:00:00.000Z""}]","[{""dataset"":""Microsoft"",""record_id"":""562949955793316"",""update_time"":""2024-10-02T07:59:40.66"",""confidence"":0.77}]",false,false,false,false,false,false,false,false
genuinely_different,"",08f1fb69595b16830343d2cc97ecf07f,SAFAK Cuisines DREUX,Safak Cuisines Cobatex,20,22,2,3,3,0,2B Chemin de Blainville,2 chemin de Blainville,Vernouillet,,furniture_store,,0.9837452982267598,1.0,"[{""property"":"""",""dataset"":""meta"",""record_id"":""1275836989182106"",""update_time"":""2025-01-06T08:00:00.000Z"",""confidence"":0.9837452982267598}]","[{""property"":"""",""dataset"":""FourSquare"",""record_id"":""1e09385eccdd4f595a5d2a49"",""update_time"":""2024-07-03T00:00:00.000"",""confidence"":1.0}]",false,false,false,false,false,false,false,false
genuinely_different,"",08f264d112a369ae0345476d0ce832cf,St. Ann Catholic Church,St. Ann's Catholic School,23,25,2,4,4,0,5101 Charlotte Ave,5105 Charlotte,Nashville,TN,catholic_church,Community and Government > Education,0.9837452982267598,1.0,"[{""property"":"""",""dataset"":""meta"",""record_id"":""174431106404008"",""update_time"":""2025-01-06T08:00:00.000Z"",""confidence"":0.9837452982267598}]","[{""property"":"""",""dataset"":""FourSquare"",""record_id"":""4e24358e7d8b71715bc61736"",""update_time"":""2024-10-15T00:00:00.000"",""confidence"":1.0}]",false,false,false,false,false,false,false,false
genuinely_different,"",08f29a0993196b6903be6556ae6d92e6,Ranch Muffler and Truck Accessories,Ranch Muffler & Truck Accessories Inc,35,37,2,5,6,1,27495 Commerce Center Dr,27495 Commerce Center Dr Ste A,Temecula,CA,automotive_parts_and_accessories,b2b_truck_equipment_parts_and_accessories,0.997898979043525,0.77,"[{""property"":"""",""dataset"":""meta"",""record_id"":""147331689186341"",""update_time"":""2025-01-06T00:00:00.000Z""},{""property"":""/properties/existence"",""dataset"":""msft"",""record_id"":""562949957491711"",""update_time"":""2025-01-06T00:00:00.000Z""}]","[{""dataset"":""Microsoft"",""record_id"":""562949957491711"",""update_time"":""2024-11-14T14:18:21.33"",""confidence"":0.77}]",false,false,false,true,false,false,false,false
genuinely_different,"",08f2b03aedc8bc290302e14c4855106d,Glass Chek and Hardware,Glass chek & hardware Ltd,23,25,2,4,5,1,12 Roscoe Dr,12 Roscoe Dr,Kentville,NS,auto_glass_service,window_supplier,0.9918379237288135,0.77,"[{""property"":"""",""dataset"":""meta"",""record_id"":""579740352178922"",""update_time"":""2025-01-06T00:00:00.000Z""},{""property"":""/properties/existence"",""dataset"":""msft"",""record_id"":""562949966252182"",""update_time"":""2025-01-06T00:00:00.000Z""}]","[{""dataset"":""Microsoft"",""record_id"":""562949966252182"",""update_time"":""2024-11-27T18:21:55.37"",""confidence"":0.77}]",false,false,false,true,false,false,false,false
genuinely_different,"",08f2f5b88980dcc003698ae140ea2a9a,Itto個別指導学院 神奈川大井松田,ITTO個別指導学院 大井松田校,18,16,-2,2,2,0,神奈川県足柄上郡大井町金手１２−４,足柄上郡大井町金手12-4,足柄上郡大井町,,education,specialty_school,0.9895134099616858,0.77,"[{""property"":"""",""dataset"":""meta"",""record_id"":""110313627313777"",""update_time"":""2025-01-06T00:00:00.000Z""},{""property"":""/properties/existence"",""dataset"":""msft"",""record_id"":""562949965774572"",""update_time"":""2025-01-06T00:00:00.000Z""}]","[{""dataset"":""Microsoft"",""record_id"":""562949965774572"",""update_time"":""2024-12-20T06:32:31.14"",""confidence"":0.77}]",false,false,false,false,false,false,false,false
genuinely_different,"",08f344ca533ad7420397c7c967bcd5c0,Club Torso Gay Hotels & Resorts,Club Torso Gay Resort & Hotel,31,29,-2,6,6,0,Avenida Touroperador Kuoni 8,Avenida Touroperador Kuoni 46,Maspalomas,Las Palmas,resort,Travel and Transportation > Lodging > Resort,0.77,1.0,"[{""property"":"""",""dataset"":""Microsoft"",""record_id"":""1688849864098860"",""update_time"":""2024-07-15T19:50:21.267Z"",""confidence"":0.77}]","[{""property"":"""",""dataset"":""FourSquare"",""record_id"":""50a28ba7e4b0f0dfd0856730"",""update_time"":""2024-02-07T00:00:00.000"",""confidence"":1.0}]",false,false,false,false,false,false,false,false
genuinely_different,"",08f396c2c4249a520347928006517d47,BIOCOOP Coustellet Maubec,BIOCOOP Cultures Bio Maubec,25,27,2,3,4,1,320b Route de Cavaillon,320 B route de Cavaillon,Maubec,,organic_grocery_store,Retail > Food and Beverage Retail > Grocery Store > Organic Grocery,0.9837452982267598,1.0,"[{""property"":"""",""dataset"":""meta"",""record_id"":""1512442565714575"",""update_time"":""2025-01-06T08:00:00.000Z"",""confidence"":0.9837452982267598}]","[{""property"":"""",""dataset"":""FourSquare"",""record_id"":""60ed5d1b913ed5120364c3e1"",""update_time"":""2024-09-07T00:00:00.000"",""confidence"":1.0}]",false,false,false,false,false,false,false,false
genuinely_different,"",08f481270588895403e4355b3c793f94,Pasteles D' Súsan,Pastelería D' Susan,17,19,2,3,3,0,Calle del Parque 145,Ave Del Parque 145,Gómez Palacio,,desserts,Dining and Drinking > Dessert Shop > Pie Shop,0.9253962118283726,1.0,"[{""property"":"""",""dataset"":""meta"",""record_id"":""1497549267165809"",""update_time"":""2025-01-06T08:00:00.000Z"",""confidence"":0.9253962118283726}]","[{""property"":"""",""dataset"":""FourSquare"",""record_id"":""57452d8b498e5b02527d1f27"",""update_time"":""2023-12-22T00:00:00.000"",""confidence"":1.0}]",false,false,false,false,false,false,false,false
genuinely_different,"",08f499da855b670a0351e3cfe7a96284,Tortería Mi Feo,Tortas Mi Feo,15,13,-2,3,3,0,Calzada de Guadalupe 7,Mercado Tangamanga B-14,San Luis Potosí,SLP,food_stand,Dining and Drinking > Restaurant > Mexican Restaurant,0.9467515923566879,1.0,"[{""property"":"""",""dataset"":""meta"",""record_id"":""1092232700813481"",""update_time"":""2025-01-06T08:00:00.000Z"",""confidence"":0.9467515923566879}]","[{""property"":"""",""dataset"":""FourSquare"",""record_id"":""4e371b0caeb7c8fe316e3ed7"",""update_time"":""2020-11-24T00:00:00.000"",""confidence"":1.0}]",false,false,false,false,false,false,false,false
genuinely_different,"",08f4a26190820480038552c3422fe112,沖縄そば 地酒和々,沖縄そば 和々,9,7,-2,2,2,0,沖縄県那覇市首里寒川町２丁目７９−８,首里寒川町2-79-8,那覇市,,japanese_restaurant,Dining and Drinking > Restaurant > Asian Restaurant > Noodle Restaurant,0.9837452982267598,1.0,"[{""property"":"""",""dataset"":""meta"",""record_id"":""103082634484766"",""update_time"":""2025-01-06T08:00:00.000Z"",""confidence"":0.9837452982267598}]","[{""property"":"""",""dataset"":""FourSquare"",""record_id"":""5cb6b225d4cc98002ca4c4d9"",""update_time"":""2024-08-07T00:00:00.000"",""confidence"":1.0}]",false,false,false,false,false,false,false,false
genuinely_different,"",08f64a4151c8d85e039fadef6c32aed2,สนามฟุตบอลกอล์ฟวิว,สนามฟุตบอล Golf View,18,20,2,1,3,2,,,,,soccer_field,Sports and Recreation > Soccer > Soccer Field,0.3941504178272981,1.0,"[{""property"":"""",""dataset"":""meta"",""record_id"":""258036144213246"",""update_time"":""2025-01-06T08:00:00.000Z"",""confidence"":0.39415041782729804}]","[{""property"":"""",""dataset"":""FourSquare"",""record_id"":""530dcafe498e7be4f0639ba2"",""update_time"":""2020-11-23T00:00:00.000"",""confidence"":1.0}]",false,false,false,false,false,false,false,false
genuinely_different,"",08f6d23b1c0e0528036e8005470f0d09,Don Pancho Barber Studio,Don Pancho Barber Shop,24,22,-2,4,4,0,Francisco I. Madero 23,,San Cristóbal de las Casas,,beauty_salon,Business and Professional Services > Health and Beauty Service > Hair Salon,0.9837452982267598,1.0,"[{""property"":"""",""dataset"":""meta"",""record_id"":""106821844731910"",""update_time"":""2025-01-06T08:00:00.000Z"",""confidence"":0.9837452982267598}]","[{""property"":"""",""dataset"":""FourSquare"",""record_id"":""617b00386d1f8d4eedb8f780"",""update_time"":""2021-10-28T00:00:00.000"",""confidence"":1.0}]",false,false,false,false,false,false,false,false
genuinely_different,"",08fa810c0b8162210323acfef0469761,Vanessa Brito Hair,Vanessa Brito Studio,18,20,2,3,3,0,"Rua Benjamin Constant, 61","Rua Benjamin Constant, 61 - Sala 409",São Vicente,SP,hair_salon,Business and Professional Services > Health and Beauty Service,0.9385113268608414,1.0,"[{""property"":"""",""dataset"":""meta"",""record_id"":""921582451238680"",""update_time"":""2025-01-06T08:00:00.000Z"",""confidence"":0.9385113268608414}]","[{""property"":"""",""dataset"":""FourSquare"",""record_id"":""639dd69cce276d14277561ca"",""update_time"":""2022-12-17T00:00:00.000"",""confidence"":1.0}]",false,false,false,false,false,false,false,false
genuinely_different,"",2251799818555093,Service King Collision Repair South Ft. Worth,Service King Collision Repair of South Ft Worth,45,47,2,7,8,1,9601 South Fwy,9601 South Fwy,Fort Worth,TX,brake_service_and_repair,brake_service_and_repair,0.77,0.77,"[{""dataset"":""Microsoft"",""record_id"":""2251799818555093"",""update_time"":""2016-03-09T18:46:43.71"",""confidence"":0.77}]","[{""dataset"":""Microsoft"",""record_id"":""844424932256941"",""update_time"":""2019-05-11T01:40:11.287"",""confidence"":0.77}]",false,false,false,false,false,false,false,false
genuinely_different,"",281474980655201,"City View Plumbing, HVAC & Water Conditioning","City View Plumbing, Heating, & Air Conditioning",45,47,2,7,7,0,1880 W Wayzata Blvd,1880 W Wayzata Blvd,Long Lake,MN,hair_salon,hvac_services,0.77,0.77,"[{""dataset"":""Microsoft"",""record_id"":""281474980655201"",""update_time"":""2024-12-09T13:20:05.873"",""confidence"":0.77}]","[{""dataset"":""Microsoft"",""record_id"":""562949963778585"",""update_time"":""2024-08-22T16:12:10.857"",""confidence"":0.77}]",false,false,false,false,false,false,false,false
genuinely_different,"",08f1e880c6d2a21a03dad9931d6666c6,Black Box Bari,Black Box Store,14,15,1,3,3,0,"Via Niccolò Piccinni, 68",via Niccolò Piccinni 68,Bari,75,clothing_store,Retail > Fashion Retail > Clothing Store,0.9253962118283726,1.0,"[{""property"":"""",""dataset"":""meta"",""record_id"":""100200722888025"",""update_time"":""2025-01-06T08:00:00.000Z"",""confidence"":0.9253962118283726}]","[{""property"":"""",""dataset"":""FourSquare"",""record_id"":""635658c306595025cb144248"",""update_time"":""2024-07-03T00:00:00.000"",""confidence"":1.0}]",false,false,false,false,false,false,false,false
genuinely_different,"",08f1e9a0521abccc033a2bb3a8fe12ee,Perrone Giuseppe,Perrone Traslochi,16,17,1,2,2,0,"Via Giovanni Aurispa, 74","Via Giovanni Aurispa, 74",Palermo,82,movers,Travel and Transportation > Transportation Service,0.9146576663452266,1.0,"[{""property"":"""",""dataset"":""meta"",""record_id"":""804787659566808"",""update_time"":""2025-01-06T08:00:00.000Z"",""confidence"":0.9146576663452266}]","[{""property"":"""",""dataset"":""FourSquare"",""record_id"":""5ada07f3b6eedb7b02f10853"",""update_time"":""2024-02-07T00:00:00.000"",""confidence"":1.0}]",false,false,false,false,false,false,false,false
genuinely_different,"",08f1f16052a4c36e037e498aedcad7cf,Euregio Immobilien Thorsten Deitel,Euregio Immobilien Uwe Hardt e.K.,34,33,-1,4,5,1,Bentheimer Straße 21,Bentheimer Str. 21,Schüttorf,,real_estate,Business and Professional Services > Real Estate Service > Property Management Office,0.9467515923566879,1.0,"[{""property"":"""",""dataset"":""meta"",""record_id"":""169937890427999"",""update_time"":""2025-01-06T08:00:00.000Z"",""confidence"":0.9467515923566879}]","[{""property"":"""",""dataset"":""FourSquare"",""record_id"":""7319422de43a4e41b8b1dd71"",""update_time"":""2024-10-08T00:00:00.000"",""confidence"":1.0}]",false,false,false,false,false,false,false,false
genuinely_different,"",08f1f204d50c3a4a036f3e1b5e6bfa86,Kinastumper.dk,Kinastumper ApS,14,15,1,1,2,1,Ringsøvej 33C,Ringsøvej 33 C,Ryomgård,82,motorcycle_repair,Business and Professional Services > Automotive Service > Automotive Repair Shop,0.3941504178272981,1.0,"[{""property"":"""",""dataset"":""meta"",""record_id"":""766487700085098"",""update_time"":""2025-01-06T08:00:00.000Z"",""confidence"":0.39415041782729804}]","[{""property"":"""",""dataset"":""FourSquare"",""record_id"":""cf62507960b34c2673465298"",""update_time"":""2023-07-19T00:00:00.000"",""confidence"":1.0}]",false,false,false,false,false,false,false,false
genuinely_different,"",08f1f9b089cf330d03b9a3ab6ad274ba,Giudice di Pace di Genova,Giudice di pace - Genova,25,24,-1,5,5,0,"Via Edmondo De Amicis, 2",Via Edmondo de Amicis 2,Genova,42,public_service_and_government,Community and Government > Government Building > Courthouse,0.9645127118644068,1.0,"[{""property"":"""",""dataset"":""meta"",""record_id"":""149151438473236"",""update_time"":""2025-01-06T08:00:00.000Z"",""confidence"":0.9645127118644068}]","[{""property"":"""",""dataset"":""FourSquare"",""record_id"":""4f7e8d5de4b06aeda2c3c471"",""update_time"":""2024-07-03T00:00:00.000"",""confidence"":1.0}]",false,false,false,false,false,false,false,false
genuinely_different,"",08f1fa905cad86140332d3765d06ced0,MC Goblins Münchberg,MC Goblins Clubhaus,20,19,-1,3,3,0,Bahnhof 2,Bahnhof 2,Münchberg,,speakeasy,Community and Government > Organization > Club House,0.28671328671328666,1.0,"[{""property"":"""",""dataset"":""meta"",""record_id"":""118164461313893"",""update_time"":""2025-01-06T08:00:00.000Z"",""confidence"":0.2867132867132867}]","[{""property"":"""",""dataset"":""FourSquare"",""record_id"":""6664de9d1c48f1213974af63"",""update_time"":""2024-11-09T00:00:00.000"",""confidence"":1.0}]",false,false,false,false,false,false,false,false
genuinely_different,"",08f2ab2c140c5d5103992fa68fe3e10f,DaVita Cornerstone At Home,Davita Cornerstone Dialysis,26,27,1,4,3,-1,23857 Greenfield Rd,23857 Greenfield Rd.,Southfield,MI,dialysis_clinic,Health and Medicine > Medical Center,0.77,1.0,"[{""property"":"""",""dataset"":""Microsoft"",""record_id"":""562949965582321"",""update_time"":""2024-01-18T06:17:44.290Z"",""confidence"":0.77}]","[{""property"":"""",""dataset"":""FourSquare"",""record_id"":""4d2afcc455a8b60cd5c8e3c0"",""update_time"":""2024-05-22T00:00:00.000"",""confidence"":1.0}]",false,false,false,false,false,false,false,false
genuinely_different,"",08f6511b20d0a8e3037c00308b98eef7,Mr Mobile Care Specialist - MR4,Mr Mobile Care Specialist (Hq),31,30,-1,6,5,-1,"Lot 5510,Ground Floor","LOT 5510,GROUND FLOOR,",,,mobile_phone_store,Retail > Computers and Electronics Retail > Mobile Phone Store,0.28671328671328666,1.0,"[{""property"":"""",""dataset"":""meta"",""record_id"":""104789905538959"",""update_time"":""2025-01-06T08:00:00.000Z"",""confidence"":0.2867132867132867}]","[{""property"":"""",""dataset"":""FourSquare"",""record_id"":""6254388b2d6756132c10c707"",""update_time"":""2022-04-11T00:00:00.000"",""confidence"":1.0}]",false,false,false,false,false,false,false,false
genuinely_different,"",08f6589061ab57800347306911af07cc,ท่ารถตู้ประจวบ-กรุงเทพ,ท่ารถตู้ ประจวบ-ชุมพร,22,21,-1,1,2,1,,,,,bus_station,Travel and Transportation > Transport Hub > Bus Station,0.28686635944700467,1.0,"[{""property"":"""",""dataset"":""meta"",""record_id"":""154019334796143"",""update_time"":""2025-01-06T08:00:00.000Z"",""confidence"":0.2868663594470046}]","[{""property"":"""",""dataset"":""FourSquare"",""record_id"":""53afcc4b498eec2a46c9a704"",""update_time"":""2020-11-21T00:00:00.000"",""confidence"":1.0}]",false,false,false,false,false,false,false,false
genuinely_different,"",08fa8100ca28064003968b5363ce2e31,Assembleia de Deus - Casa Verde,Assembléia de Deus da Casa Verde,31,32,1,6,6,0,"Rua Valdemar Martins, 557","Rua Valdemar martins, 495",São Paulo,SP,pentecostal_church,Community and Government > Spiritual Center > Church,0.7927927927927928,1.0,"[{""property"":"""",""dataset"":""meta"",""record_id"":""184133138346141"",""update_time"":""2025-01-06T08:00:00.000Z"",""confidence"":0.7927927927927928}]","[{""property"":"""",""dataset"":""FourSquare"",""record_id"":""4e5a9093cc3f85b29cb27836"",""update_time"":""2024-01-03T00:00:00.000"",""confidence"":1.0}]",false,false,false,false,false,false,false,false
genuinely_different,"",1125899910365762,911 Restoration (Riverside County),911 Restoration of Riverside County,34,35,1,4,5,1,1451 Rimpau Ave Ste 105,1451 Rimpau Ave Ste 105,CORONA,CA,fire_and_water_damage_restoration,fire_and_water_damage_restoration,0.77,0.77,"[{""dataset"":""Microsoft"",""record_id"":""1125899910365762"",""update_time"":""2023-05-04T20:10:44.313"",""confidence"":0.77}]","[{""dataset"":""Microsoft"",""record_id"":""562949960455291"",""update_time"":""2023-07-10T03:58:14.58"",""confidence"":0.77}]",false,false,false,false,false,false,false,false
genuinely_different,"",562949961114758,WEISSER RING e.V. - Außenstelle Schaumburg,WEISSER RING e.V. - Außenstelle Delmenhorst,42,43,1,6,6,0,Georgswall 3,Georgswall 3,Hannover,Lower Saxony,organization,organization,0.77,0.77,"[{""dataset"":""Microsoft"",""record_id"":""562949961114758"",""update_time"":""2024-01-10T23:52:50.677"",""confidence"":0.77}]","[{""dataset"":""Microsoft"",""record_id"":""562949961114925"",""update_time"":""2024-01-10T23:53:10.097"",""confidence"":0.77}]",false,false,false,false,false,false,false,false
genuinely_different,"",08f11aa78c7ad0e5034e75b4b7abd882,Коллегия адвокатов г. Москвы «ЭксЛедж»,Коллегия адвокатов «ЭксЛедж» г. Москва,38,38,0,5,5,0,улица Большие Каменщики 2,"улица Большие Каменщики, 2",Москва,,lawyer,Business and Professional Services > Legal Service > Law Office,0.2009132420091324,1.0,"[{""property"":"""",""dataset"":""meta"",""record_id"":""263302187447711"",""update_time"":""2025-01-06T08:00:00.000Z"",""confidence"":0.2009132420091324}]","[{""property"":"""",""dataset"":""FourSquare"",""record_id"":""6063116f01db685d4fd4fd05"",""update_time"":""2024-01-03T00:00:00.000"",""confidence"":1.0}]",false,false,false,false,false,false,false,false
genuinely_different,"",08f11aa7a1a188c003ef4bcf54a8e1a6,Детская городская клиническая больница 9 имени Сперанского Г.Н.,Детская городская клиническая больница № 9 им. Г.Н. Сперанского,63,63,0,8,9,1,Шмитовский проезд 29 корп 7,"Шмитовский пр., 29",Москва,,health_and_medical,Health and Medicine > Hospital,0.7927927927927928,1.0,"[{""property"":"""",""dataset"":""meta"",""record_id"":""349661745486647"",""update_time"":""2025-01-06T08:00:00.000Z"",""confidence"":0.7927927927927928}]","[{""property"":"""",""dataset"":""FourSquare"",""record_id"":""4cee54907b94370464cf2c53"",""update_time"":""2024-04-16T00:00:00.000"",""confidence"":1.0}]",false,false,false,false,false,false,false,true
genuinely_different,"",08f30d9a464a62c003c76c85072df561,新宮町役場 シーオーレ新宮社会教育課,新宮町役場 シーオーレ新宮歴史資料館,18,18,0,2,2,0,新宮町大字下府425-1 ,新宮町大字下府425-1 シーオーレ新宮,Sue-machi Kasuya-gun,40,community_services_non_profits,Community and Government > Library,0.48103896103896104,1.0,"[{""property"":"""",""dataset"":""meta"",""record_id"":""593742107483013"",""update_time"":""2025-01-06T08:00:00.000Z"",""confidence"":0.48103896103896104}]","[{""property"":"""",""dataset"":""FourSquare"",""record_id"":""8f9e31346d0b454522fe6d0e"",""update_time"":""2024-08-07T00:00:00.000"",""confidence"":1.0}]",false,false,false,false,false,false,false,false
genuinely_different,"",08f499da81376a8e035b83643df59654,Auto Técnica Medellín,Automecanica Medellin,21,21,0,3,2,-1,Avenida Fray Diego de la Magdalena 1721,Calzada Fray Diego de la Magdalena 1721,San Luis Potosí,SLP,automotive_repair,Business and Professional Services > Automotive Service > Automotive Repair Shop,0.9146576663452266,1.0,"[{""property"":"""",""dataset"":""meta"",""record_id"":""291741377655880"",""update_time"":""2025-01-06T08:00:00.000Z"",""confidence"":0.9146576663452266}]","[{""property"":"""",""dataset"":""FourSquare"",""record_id"":""780ae111420e4e2ef039d861"",""update_time"":""2023-12-08T00:00:00.000"",""confidence"":1.0}]",false,false,false,false,false,false,false,false
genuinely_different,"",08f60a25956e9c320304addce950be4d,Real Estate Profile1 - Local,Real Estate Profile1 - Suite,28,28,0,5,5,0,1766 Palo Verde Ave,1766 Palo Verde Ave,East Palo Alto,CA,automotive,building_supply_store,0.77,0.77,"[{""property"":"""",""dataset"":""msft"",""record_id"":""1407374890915427"",""update_time"":""2025-01-06T00:00:00.000Z""}]","[{""property"":"""",""dataset"":""msft"",""record_id"":""1407374891368766"",""update_time"":""2025-01-06T00:00:00.000Z""}]",false,false,false,false,false,false,false,false
genuinely_different,"",08f64a4b1341830903f21fe23c56b6d4,กิตติเวชภัณฑ์,กิตติเวชเภสัช,13,13,0,1,1,0,  ถนน พิษณุโลก ,Phitsanulok Rd,Bangkok,,pharmacy,Retail > Pharmacy,0.3941504178272981,1.0,"[{""property"":"""",""dataset"":""meta"",""record_id"":""609445026057386"",""update_time"":""2025-01-06T08:00:00.000Z"",""confidence"":0.39415041782729804}]","[{""property"":"""",""dataset"":""FourSquare"",""record_id"":""5a8081b26bdee61a7bf3922c"",""update_time"":""2024-02-07T00:00:00.000"",""confidence"":1.0}]",false,false,false,false,false,false,false,false
genuinely_different,"",08fa90e2a5492ac0037ab3c57ff4f525,Carlos Alberto  Hair Stylist,Carlos Alberto Hair Stailyst,28,28,0,5,4,-1,,,,,beauty_and_spa,Business and Professional Services > Health and Beauty Service > Nail Salon,0.2009132420091324,1.0,"[{""property"":"""",""dataset"":""meta"",""record_id"":""104256748892733"",""update_time"":""2025-01-06T08:00:00.000Z"",""confidence"":0.2009132420091324}]","[{""property"":"""",""dataset"":""FourSquare"",""record_id"":""53ad8e37498e1475af02cdfa"",""update_time"":""2021-08-16T00:00:00.000"",""confidence"":1.0}]",false,false,false,false,false,false,false,false
genuinely_different,"",1125899907047384,"Dr. Martin S. Kanovsky, MD, FACP",Dr. Martin Kanovsky MD FACC FACP,32,32,0,6,6,0,5530 Wisconsin Ave Ste 700,5530 Wisconsin Ave Ste 700,Chevy Chase,MD,cardiologist,cardiologist,0.77,0.77,"[{""dataset"":""Microsoft"",""record_id"":""1125899907047384"",""update_time"":""2015-07-20T18:34:21.193"",""confidence"":0.77}]","[{""dataset"":""Microsoft"",""record_id"":""1407374886796165"",""update_time"":""2024-10-28T15:58:03.297"",""confidence"":0.77}]",false,false,false,false,false,false,false,false
genuinely_different,"",1125899911800105,DANCENTER (16792) 6 Personen Ferienhaus in einem Ferienpark in Ringkøbing,DANCENTER (19612) 4 Personen Ferienhaus in einem Ferienpark in Ringkøbing,73,73,0,10,10,0,LODBERGSVEJ 245,LODBERGSVEJ 245,Ringkøbing,"",cabin,cabin,0.77,0.77,"[{""dataset"":""Microsoft"",""record_id"":""1125899911800105"",""update_time"":""2023-01-04T11:25:11.633"",""confidence"":0.77}]","[{""dataset"":""Microsoft"",""record_id"":""1125899911800242"",""update_time"":""2023-01-04T11:25:11.633"",""confidence"":0.77}]",false,false,false,false,false,false,true,true
genuinely_different,"",1125899911801526,DANCENTER (39892) 6 Personen Ferienhaus in einem Ferienpark in Hanstholm,DANCENTER (39905) 6 Personen Ferienhaus in einem Ferienpark in Hanstholm,72,72,0,10,10,0,VIGSØ BUGT VEJ 1,VIGSØ BUGT VEJ 1,Hanstholm,"",holiday_rental_home,holiday_rental_home,0.77,0.77,"[{""dataset"":""Microsoft"",""record_id"":""1125899911801526"",""update_time"":""2023-01-04T11:25:16.593"",""confidence"":0.77}]","[{""dataset"":""Microsoft"",""record_id"":""1125899911801538"",""update_time"":""2023-01-04T11:25:16.593"",""confidence"":0.77}]",false,false,false,false,false,false,true,true
genuinely_different,"",1125899911803822,DANCENTER (58195) 5 Personen Ferienhaus in einem Ferienpark in Glesborg,DANCENTER (58208) 5 Personen Ferienhaus in einem Ferienpark in Glesborg,71,71,0,10,10,0,HAVET 24A,HAVET 24A,Glesborg,"",cabin,cabin,0.77,0.77,"[{""dataset"":""Microsoft"",""record_id"":""1125899911803822"",""update_time"":""2023-01-04T11:25:33.553"",""confidence"":0.77}]","[{""dataset"":""Microsoft"",""record_id"":""1125899911803825"",""update_time"":""2023-01-04T11:25:33.553"",""confidence"":0.77}]",false,false,false,false,false,false,true,true
genuinely_different,"",281474980652319,Northwest RV & Self Storage,Northwest RV & Mini Storage,27,27,0,5,5,0,7041 N Camino Martin,7041 N Camino Martin Ste 125,Tucson,AZ,rv_storage_facility,rv_storage_facility,0.77,0.77,"[{""dataset"":""Microsoft"",""record_id"":""281474980652319"",""update_time"":""2024-12-10T11:40:10.177"",""confidence"":0.77}]","[{""dataset"":""Microsoft"",""record_id"":""844424931407632"",""update_time"":""2015-06-30T16:32:04.073"",""confidence"":0.77}]",false,false,false,false,false,false,false,false
