tier2_subtags,id,alt_name,base_name,alt_len,base_len,len_diff_base_minus_alt,alt_word_count,base_word_count,word_diff_base_minus_alt,alt_address,base_address,city,state,alt_category,base_category,alt_confidence,base_confidence,alt_sources,base_sources
"",08f1f02c6227230c037ef58b0bc5cee9,"Friseur Salon ""Zur alten Wache"" | Inhaberin Kathleen Lindt","Friseur Salon ""Alte Wache""",58,26,-32,9,4,-5,Herrenstr. 2,Herrenstr. 2,Ratzeburg,Schleswig-Holstein,hair_salon,Business and Professional Services > Health and Beauty Service > Hair Salon,0.77,1.0,"[{""property"":"""",""dataset"":""Microsoft"",""record_id"":""1407374887551247"",""update_time"":""2024-10-27T04:18:48.457Z"",""confidence"":0.77}]","[{""property"":"""",""dataset"":""FourSquare"",""record_id"":""5f6a07bc4ea65b43924699ff"",""update_time"":""2024-10-08T00:00:00.000"",""confidence"":1.0}]"
"",08f29ab980d65aa603c367fa02faef76,"Thyssenkrupp Materials North America, Copper and Brass Sales",Thyssenkrupp Materials 025FRS,60,29,-31,8,3,-5,5450 E Home Ave,5450 E Home Ave,Fresno,CA,metal_supplier,Business and Professional Services > Construction,0.9877528662420382,1.0,"[{""property"":"""",""dataset"":""meta"",""record_id"":""187476194934752"",""update_time"":""2025-01-06T08:00:00.000Z"",""confidence"":0.9467515923566879},{""property"":""/properties/existence"",""dataset"":""Microsoft"",""record_id"":""281474979756623"",""update_time"":""2022-09-06T20:55:18.807Z"",""confidence"":0.77}]","[{""property"":"""",""dataset"":""FourSquare"",""record_id"":""41ccbea17a68477200094d96"",""update_time"":""2024-10-15T00:00:00.000"",""confidence"":1.0}]"
"",08f450a1b2d1300a0300a91979dbc1c8,Citibanamex 30 Av. Playa Del Carmen,Citibank,35,8,-27,6,1,-5,,Av. 30,Playa del Carmen,,bank_credit_union,Business and Professional Services > Financial Service > Banking and Finance > Bank,0.48103896103896104,1.0,"[{""property"":"""",""dataset"":""meta"",""record_id"":""1790836981221590"",""update_time"":""2025-01-06T08:00:00.000Z"",""confidence"":0.48103896103896104}]","[{""property"":"""",""dataset"":""FourSquare"",""record_id"":""52f26dd2498ef682d1641dce"",""update_time"":""2024-01-02T00:00:00.000"",""confidence"":1.0}]"
"",08f1f11583b448c103c5250bdbb18282,"Landwirtschaftskammer (LWK) Niedersachsen, Standort Hannover",Landwirtschaftskammer Niedersachsen,60,35,-25,5,2,-3,Wunstorfer Landstr. 9,Johannssenstr. 10,Hannover,"",florist,Business and Professional Services > Office,0.77,1.0,"[{""property"":"""",""dataset"":""Microsoft"",""record_id"":""1688849864112895"",""update_time"":""2024-12-25T22:39:59.243Z"",""confidence"":0.77}]","[{""property"":"""",""dataset"":""FourSquare"",""record_id"":""512b8c56e4b0ff6b64ce79fe"",""update_time"":""2024-10-08T00:00:00.000"",""confidence"":1.0}]"
"",08f44e540c45806d036445fe6c54049d,Sport Clips Haircuts of Panama City - Cahall's Deli Plaza,Sport Clips Haircuts of Lynn Haven,57,34,-23,10,6,-4,2105 S Highway 77,"2105 Florida 77, Suite Ste 2",Lynn Haven,FL,barber,barber,0.9523423423423424,0.77,"[{""property"":"""",""dataset"":""meta"",""record_id"":""142304619233100"",""update_time"":""2025-01-06T00:00:00.000Z""},{""property"":""/properties/existence"",""dataset"":""msft"",""record_id"":""1407374888381914"",""update_time"":""2025-01-06T00:00:00.000Z""},{""property"":""/properties/existence"",""dataset"":""msft"",""record_id"":""1125899909665572"",""update_time"":""2025-01-06T00:00:00.000Z""}]","[{""dataset"":""Microsoft"",""record_id"":""1407374888381914"",""update_time"":""2024-12-30T03:27:37.913"",""confidence"":0.77}]"
"",08f1e84356611acd0351cc53c2f7a806,Effetto Shock snc,Effetto Shok SNC di Foglietta e Cariani,17,39,22,3,7,4,"Via Giovanni Berchet, 2",Via Giovanni Berchet,Foligno,55,hair_salon,Business and Professional Services > Health and Beauty Service > Hair Salon,0.9645127118644068,1.0,"[{""property"":"""",""dataset"":""meta"",""record_id"":""749584911763118"",""update_time"":""2025-01-06T08:00:00.000Z"",""confidence"":0.9645127118644068}]","[{""property"":"""",""dataset"":""FourSquare"",""record_id"":""fd38a6b013d24d9d2ddbb8ee"",""update_time"":""2024-07-03T00:00:00.000"",""confidence"":1.0}]"
"",08f6416c80c2e32d036ff9363f5eaa7c,"อุทยานแห่งชาติแก่งกระจาน เพชรบุรี, Kaeng Krachan National Park, Phetchaburi",อุทยานแห่งชาติแก่งกระจาน (Kaeng Krachan National Park),75,54,-21,7,5,-2,,,Ban Kaeng Kachan,,national_park,Landmarks and Outdoors > Park > National Park,0.48103896103896104,1.0,"[{""property"":"""",""dataset"":""meta"",""record_id"":""333347030422603"",""update_time"":""2025-01-06T08:00:00.000Z"",""confidence"":0.48103896103896104}]","[{""property"":"""",""dataset"":""FourSquare"",""record_id"":""4ce389e4c36ba35d556670f6"",""update_time"":""2024-02-07T00:00:00.000"",""confidence"":1.0}]"
"",08fa8736ddd8b4ca030a9f1a8642bdf4,Prosa & Segredo - Serviços Contábeis & Inteligência Empresarial,Prosa & Segredo - Inteligência Empresarial,63,42,-21,9,6,-3,"Rua Doutor Arthur Jorge, 233","R. Dr. Arthur Jorge, 233",Campo Grande,MS,accountant,Business and Professional Services > Office,0.3941504178272981,1.0,"[{""property"":"""",""dataset"":""meta"",""record_id"":""141174739406324"",""update_time"":""2025-01-06T08:00:00.000Z"",""confidence"":0.39415041782729804}]","[{""property"":"""",""dataset"":""FourSquare"",""record_id"":""51e6bb682fc644b6dd0f1737"",""update_time"":""2024-07-02T00:00:00.000"",""confidence"":1.0}]"
"",08f1f88b7202396b039421a666dddf20,Klecks Schule der Phantasie,KlecksX,27,7,-20,4,1,-3,Untermarkt 65,Untermarkt 65,Wolfratshausen,,school,Community and Government > Education,0.9837452982267598,1.0,"[{""property"":"""",""dataset"":""meta"",""record_id"":""216858452002500"",""update_time"":""2025-01-06T08:00:00.000Z"",""confidence"":0.9837452982267598}]","[{""property"":"""",""dataset"":""FourSquare"",""record_id"":""c4fddd2f538644219a59d6b5"",""update_time"":""2024-10-08T00:00:00.000"",""confidence"":1.0}]"
"",08f484a4810584c0038f725bf7429f09,Ferreteria y Madereria La Familia,Ferreteria y Madereria Renta de Maquinaria la Familia,33,53,20,5,8,3,Coral 2293,Coral 2293,Ensenada,,hardware_store,Retail > Hardware Store,0.9445655559015883,1.0,"[{""property"":"""",""dataset"":""meta"",""record_id"":""250348308646319"",""update_time"":""2025-01-06T08:00:00.000Z"",""confidence"":0.9445655559015883}]","[{""property"":"""",""dataset"":""FourSquare"",""record_id"":""ddf4fe019ecd41d754d1c353"",""update_time"":""2024-03-14T00:00:00.000"",""confidence"":1.0}]"
"",08f2814cd19080c603f2db3b6aecf642,Plumas Pines VACATION HOMES & RENTALS,Plumas Pines Realty,37,19,-18,6,3,-3,307 Poplar Valley Rd,307 Poplar Valley Rd,Blairsden Graeagle,CA,vacation_rental_agents,Business and Professional Services > Real Estate Service > Real Estate Agency,0.77,1.0,"[{""property"":"""",""dataset"":""Microsoft"",""record_id"":""2251799820059000"",""update_time"":""2024-12-24T12:56:45.430Z"",""confidence"":0.77}]","[{""property"":"""",""dataset"":""FourSquare"",""record_id"":""4e2c6b05c65bcaf40038fb66"",""update_time"":""2024-10-12T00:00:00.000"",""confidence"":1.0}]"
"",08f2aa879200ab960398d7c665470cf4,Comfort Inn Alexandria West - Landmark,Comfort Inn Landmark,38,20,-18,6,3,-3,6254 Duke St,6254 Duke St,Alexandria,VA,hotel,hotel,0.77,0.77,"[{""property"":"""",""dataset"":""msft"",""record_id"":""562949956202306"",""update_time"":""2025-01-06T00:00:00.000Z""},{""property"":""/properties/existence"",""dataset"":""msft"",""record_id"":""562949955341938"",""update_time"":""2025-01-06T00:00:00.000Z""},{""property"":""/properties/existence"",""dataset"":""msft"",""record_id"":""562949954974969"",""update_time"":""2025-01-06T00:00:00.000Z""}]","[{""dataset"":""Microsoft"",""record_id"":""562949954974969"",""update_time"":""2015-05-14T09:25:00.097"",""confidence"":0.77}]"
"",08f1f9020c252d8d035f6ab8998d7212,B&B Hôtels,B&B Hôtel Lyon Ouest Tassin,10,27,17,2,5,3,5 Avenue Victor Hugo,1 avenue Victor Hugo,Tassin-la-Demi-Lune,,hotel,Travel and Transportation > Lodging > Hotel,0.9837452982267598,1.0,"[{""property"":"""",""dataset"":""meta"",""record_id"":""1538543873119863"",""update_time"":""2025-01-06T08:00:00.000Z"",""confidence"":0.9837452982267598}]","[{""property"":"""",""dataset"":""FourSquare"",""record_id"":""e073baa0943d4fe4f1a500ed"",""update_time"":""2024-07-03T00:00:00.000"",""confidence"":1.0}]"
"",08f3f623a4116d4903fe879fe705b16c,Bitezz,Bitez Mandalina Şenliği,6,23,17,1,3,2,Bitez Belediyesi Eski Kademe,,,,event_planning,event_planning,0.28671328671328666,0.28671328671328666,"[{""property"":"""",""dataset"":""meta"",""record_id"":""2186030601674322"",""update_time"":""2025-01-06T00:00:00.000Z""}]","[{""property"":"""",""dataset"":""meta"",""record_id"":""451928258962065"",""update_time"":""2025-01-06T00:00:00.000Z""}]"
"",08f411c452c348f103d15a0f565e38ca,元妙古觀,元妙古观 Yuanmiao Temple,4,20,16,1,3,2,,西湖,Huizhou,,mission,structure_and_geography,0.48103896103896104,0.28671328671328666,"[{""property"":"""",""dataset"":""meta"",""record_id"":""424215341053159"",""update_time"":""2025-01-06T00:00:00.000Z""}]","[{""property"":"""",""dataset"":""meta"",""record_id"":""279456679369767"",""update_time"":""2025-01-06T00:00:00.000Z""}]"
"",08f28f011231a4440309b799e219a423,Movement Mortgage - Ligia Bec,"Movement Mortgage, 39179 - Ligia Bec, 134019",29,44,15,5,7,2,10135 Sunnyside Rd Ste 125,10151 SE Sunnyside Rd Ste 360,Clackamas,OR,mortgage_lender,Business and Professional Services > Financial Service,0.77,1.0,"[{""property"":"""",""dataset"":""Microsoft"",""record_id"":""1125899912551126"",""update_time"":""2024-11-19T06:13:38.850Z"",""confidence"":0.77}]","[{""property"":"""",""dataset"":""FourSquare"",""record_id"":""5c82027bc21cb1002cb330a3"",""update_time"":""2024-10-14T00:00:00.000"",""confidence"":1.0}]"
"",08f2a306ae16db9e036cf3073e15f52c,Concord Foot & Ankle Center,Concord Feet,27,12,-15,5,2,-3,54 Baker Ave Ste 103,54 Baker Avenue Ext Ste 103,Concord,MA,podiatrist,Landmarks and Outdoors > Structure,0.77,1.0,"[{""property"":"""",""dataset"":""Microsoft"",""record_id"":""844424931688241"",""update_time"":""2015-12-17T03:13:59.577Z"",""confidence"":0.77}]","[{""property"":"""",""dataset"":""FourSquare"",""record_id"":""4eb67f70e5e8743705309359"",""update_time"":""2024-10-14T00:00:00.000"",""confidence"":1.0}]"
"",08f2f5a2e42d63340381109a31f62710,ゴルフパートナーpga大宮店,ゴルフパートナー PGATOURSUPERSTORE大宮店,14,29,15,1,2,1,西区三橋5-34,三橋5-34,Saitama-shi,11,sporting_goods,Retail > Sporting Goods Retail,0.7927927927927928,1.0,"[{""property"":"""",""dataset"":""meta"",""record_id"":""1322237194499990"",""update_time"":""2025-01-06T08:00:00.000Z"",""confidence"":0.7927927927927928}]","[{""property"":"""",""dataset"":""FourSquare"",""record_id"":""88dfb77df1f24d07d0b2ff4f"",""update_time"":""2024-08-07T00:00:00.000"",""confidence"":1.0}]"
"",08f48a207109565603f5020f2b700fe4,"Harmonia Centro Medico, Centro de Cirugía Ambulatoria",Harmonia Centro de Cirugía Ambulatoria,53,38,-15,7,5,-2,Avenida Simón Bolívar 919,Ave. Simón Bolívar 919,Monterrey,,hospital,Health and Medicine > Medical Center,0.9837452982267598,1.0,"[{""property"":"""",""dataset"":""meta"",""record_id"":""362608260557340"",""update_time"":""2025-01-06T08:00:00.000Z"",""confidence"":0.9837452982267598}]","[{""property"":"""",""dataset"":""FourSquare"",""record_id"":""51c35347498ea9b8af51ff0c"",""update_time"":""2020-11-30T00:00:00.000"",""confidence"":1.0}]"
"",08f49802310da7460340686ba19db1f2,"San Miguelito Desayunos, Carnes y Mariscos",San Miguelito Restauran Bar,42,27,-15,6,4,-2,Boulevard José María Morelos 148,"Blv. José María Morelos #148",Uriangato,,seafood_restaurant,Dining and Drinking > Restaurant > Seafood Restaurant,0.9837452982267598,1.0,"[{""property"":"""",""dataset"":""meta"",""record_id"":""115734923886632"",""update_time"":""2025-01-06T08:00:00.000Z"",""confidence"":0.9837452982267598}]","[{""property"":"""",""dataset"":""FourSquare"",""record_id"":""63daefba33ed275b7ef5577b"",""update_time"":""2023-02-01T00:00:00.000"",""confidence"":1.0}]"
"",08fa835d5a864a5903509e47f410055d,13º Batalhão de Bombeiros Militar - SC,13º Batalhão de Bombeiro Militar - Balneário Camboriú,38,53,15,7,8,1,"Alameda dos Estados Policial Luiz Carlos Rosa, 25","Alameda dos Estados Policial Luiz Carlos Rosa, 25 - Estados",Balneário Camboriú,SC,fire_department,Community and Government > Government Building > Law Enforcement and Public Safety > Fire Station,0.7927927927927928,1.0,"[{""property"":"""",""dataset"":""meta"",""record_id"":""1447293002179595"",""update_time"":""2025-01-06T08:00:00.000Z"",""confidence"":0.7927927927927928}]","[{""property"":"""",""dataset"":""FourSquare"",""record_id"":""63e27bd93111030144f5f3b2"",""update_time"":""2024-07-02T00:00:00.000"",""confidence"":1.0}]"
"",08f182c8da25a6c003fdc90bdaf0dab7,Robert Walters Group,Robert Walters Recruitment Ireland,20,34,14,3,4,1,1 Custom House Quay,"Level 3, Custom House Plaza 2, IFSC, Dublin 1",Dublin,,professional_services,employment_agencies,0.9918379237288135,0.77,"[{""property"":"""",""dataset"":""meta"",""record_id"":""255106175182237"",""update_time"":""2025-01-06T00:00:00.000Z""},{""property"":""/properties/existence"",""dataset"":""msft"",""record_id"":""281474979998604"",""update_time"":""2025-01-06T00:00:00.000Z""}]","[{""dataset"":""Microsoft"",""record_id"":""281474979998604"",""update_time"":""2023-01-06T14:42:22.53"",""confidence"":0.77}]"
"",08f1909aed2538c603ebfbd517330f80,Arnold Clark Glasgow Vauxhall,Arnold Clark Glasgow Hamilton Road Vauxhall,29,43,14,4,6,2,"55 Hamilton Rd, Mount Vernon","55 Hamilton Rd, Mount Vernon",Glasgow,,automotive,automotive,0.77,0.77,"[{""property"":"""",""dataset"":""msft"",""record_id"":""1970324839487421"",""update_time"":""2025-01-06T00:00:00.000Z""},{""property"":""/properties/existence"",""dataset"":""msft"",""record_id"":""1970324839189203"",""update_time"":""2025-01-06T00:00:00.000Z""},{""property"":""/properties/existence"",""dataset"":""msft"",""record_id"":""1125899909336278"",""update_time"":""2025-01-06T00:00:00.000Z""}]","[{""property"":"""",""dataset"":""msft"",""record_id"":""1407374890859307"",""update_time"":""2025-01-06T00:00:00.000Z""},{""property"":""/properties/existence"",""dataset"":""msft"",""record_id"":""1407374888024470"",""update_time"":""2025-01-06T00:00:00.000Z""}]"
"",08f194accba9942903aa1e12417025c5,Barclays ATM,Barclays Bank Cash Machine,12,26,14,2,4,2,"Upper Mall, Crawley",Upper Mall,West Sussex,"",atms,Business and Professional Services > Financial Service > Banking and Finance > ATM,0.77,1.0,"[{""property"":"""",""dataset"":""Microsoft"",""record_id"":""562949965241176"",""update_time"":""2024-08-06T13:21:22.537Z"",""confidence"":0.77}]","[{""property"":"""",""dataset"":""FourSquare"",""record_id"":""6b5b49ef169b44f2f0aeaadf"",""update_time"":""2024-10-08T00:00:00.000"",""confidence"":1.0}]"
"",08f1955b54b2a74c0328fbe52b771e1c,Barclays ATM,Barclays Bank Cash Machine,12,26,14,2,4,2,"Richmond Centre, Munster Barracks, Ava Road, Catterick","Richmond Centre, Munster Barracks, Ava Rd",North Yorkshire,"",atms,Business and Professional Services > Financial Service > Banking and Finance > ATM,0.77,1.0,"[{""property"":"""",""dataset"":""Microsoft"",""record_id"":""562949965243245"",""update_time"":""2024-08-06T13:59:17.537Z"",""confidence"":0.77}]","[{""property"":"""",""dataset"":""FourSquare"",""record_id"":""5e8dca0d7f66550f4c76fdb8"",""update_time"":""2024-10-09T00:00:00.000"",""confidence"":1.0}]"
"",08f195eb5814168503a03f0497a4ce5c,Barclays ATM,Barclays Bank Cash Machine,12,26,14,2,4,2,"Post Office, 1 Coverdale Road, Craven Arms","Post Office, 1 Coverdale Rd",Shropshire,"",atms,Business and Professional Services > Financial Service > Banking and Finance > ATM,0.77,1.0,"[{""property"":"""",""dataset"":""Microsoft"",""record_id"":""562949965234122"",""update_time"":""2024-08-06T13:59:17.537Z"",""confidence"":0.77}]","[{""property"":"""",""dataset"":""FourSquare"",""record_id"":""8115622308e1436c2d215657"",""update_time"":""2024-08-13T00:00:00.000"",""confidence"":1.0}]"
"",08f1e3668bcac02c03dbac87daaf49a4,A.F.K. Automobile GmbH,A.F.K. Autoteile Fachmarkt Kale GmbH,22,36,14,3,5,2,Landshuter Straße 188,Landshuter Straße 188,Straubing,,automotive_repair,Business and Professional Services > Automotive Service > Automotive Repair Shop,0.9645127118644068,1.0,"[{""property"":"""",""dataset"":""meta"",""record_id"":""151057452207818"",""update_time"":""2025-01-06T08:00:00.000Z"",""confidence"":0.9645127118644068}]","[{""property"":"""",""dataset"":""FourSquare"",""record_id"":""f0d7461bb0884fc4968657aa"",""update_time"":""2024-10-08T00:00:00.000"",""confidence"":1.0}]"
"",08f498ed66461d6c03d8a6d824918483,Mudanzas y Transportes ARCA,Mudanzas Arca,27,13,-14,4,2,-2,Calle Roca 703,Maestros 802,León,,freight_and_cargo_service,Retail > Furniture and Home Store,0.3941504178272981,1.0,"[{""property"":"""",""dataset"":""meta"",""record_id"":""2269995356578498"",""update_time"":""2025-01-06T08:00:00.000Z"",""confidence"":0.39415041782729804}]","[{""property"":"""",""dataset"":""FourSquare"",""record_id"":""3f07a9dfe7604ff86271940e"",""update_time"":""2024-08-30T00:00:00.000"",""confidence"":1.0}]"
"",08f3964499484ce203f015cb20e05d1f,Tous en Scène La Bouquerie Condom,Tous en Scène Condom,33,20,-13,6,4,-2,35 Rue de la République,35 rue de la République,Condom,,theatre,Community and Government > Organization > Non-Profit Organization,0.7927927927927928,1.0,"[{""property"":"""",""dataset"":""meta"",""record_id"":""696982780425153"",""update_time"":""2025-01-06T08:00:00.000Z"",""confidence"":0.7927927927927928}]","[{""property"":"""",""dataset"":""FourSquare"",""record_id"":""35fcae19825942fffa3c1f92"",""update_time"":""2024-07-03T00:00:00.000"",""confidence"":1.0}]"
"",08f1eb4d75b70952032fe68b67de3608,Panificio De Mattei,Panificio Saraceno di De Mattei,19,31,12,3,5,2,"Piazza Cristoforo Colombo, 9",Piazza Colombo Cristoforo 9,Sanremo,42,bakery,Dining and Drinking > Bakery,0.9837452982267598,1.0,"[{""property"":"""",""dataset"":""meta"",""record_id"":""1561321574116902"",""update_time"":""2025-01-06T08:00:00.000Z"",""confidence"":0.9837452982267598}]","[{""property"":"""",""dataset"":""FourSquare"",""record_id"":""4fb50d19e4b0a0f95a1c675d"",""update_time"":""2024-07-03T00:00:00.000"",""confidence"":1.0}]"
"",08f1f10114810808039880fe9ebe7eaa,Kreutzer Taxi,"Kreutzer, Otto Taxidienst",13,25,12,2,3,1,Nienburger Str. 66,Nienburger Str. 66,Rehden,"",taxi_service,Travel and Transportation > Transportation Service > Taxi,0.77,1.0,"[{""property"":"""",""dataset"":""Microsoft"",""record_id"":""562949961045196"",""update_time"":""2022-05-14T04:16:04.563Z"",""confidence"":0.77}]","[{""property"":"""",""dataset"":""FourSquare"",""record_id"":""52e602ddb32c43823e4afa1e"",""update_time"":""2024-05-23T00:00:00.000"",""confidence"":1.0}]"
"",08f27430d0a8b980030095869e58c225,Mishicot Fire Dept,Mishicot Volunteer Fire Depart,18,30,12,3,4,1,214 S Main St,"214 S Main St # 130",Mishicot,WI,fire_department,Community and Government > Government Building > Law Enforcement and Public Safety > Fire Station,0.9645127118644068,1.0,"[{""property"":"""",""dataset"":""meta"",""record_id"":""100120146394334"",""update_time"":""2025-01-06T08:00:00.000Z"",""confidence"":0.9645127118644068}]","[{""property"":"""",""dataset"":""FourSquare"",""record_id"":""0d7ff12a49174694269583ce"",""update_time"":""2023-11-28T00:00:00.000"",""confidence"":1.0}]"
"",08f29a4c756c0a6a03806f24e601e3ff,Alebrijes Restaurante Bar,Alebrijes bar,25,13,-12,3,2,-1,Avenida Revolución 557,Ave revolucion,Tijuana,,restaurant,Dining and Drinking > Bar > Beer Bar,0.9445655559015883,1.0,"[{""property"":"""",""dataset"":""meta"",""record_id"":""107358408813396"",""update_time"":""2025-01-06T08:00:00.000Z"",""confidence"":0.9445655559015883}]","[{""property"":"""",""dataset"":""FourSquare"",""record_id"":""576e1c17498e3f855268343f"",""update_time"":""2020-11-24T00:00:00.000"",""confidence"":1.0}]"
"",08f44c172aba3061037c50a9d048d1eb,Roto-Rooter Plumbing and Water Cleanup,Roto-Rooter Plumbing & Water Cleanup of Loganville,38,50,12,5,7,2,150 Athens Hwy,150 Athens Highway Ste 500,Loganville,GA,plumbing,plumbing,0.9803712632594022,0.77,"[{""property"":"""",""dataset"":""meta"",""record_id"":""123434273989808"",""update_time"":""2025-01-06T00:00:00.000Z""},{""property"":""/properties/existence"",""dataset"":""msft"",""record_id"":""562949966622320"",""update_time"":""2025-01-06T00:00:00.000Z""},{""property"":""/properties/existence"",""dataset"":""msft"",""record_id"":""1407374891236343"",""update_time"":""2025-01-06T00:00:00.000Z""},{""property"":""/properties/existence"",""dataset"":""msft"",""record_id"":""1407374890986044"",""update_time"":""2025-01-06T00:00:00.000Z""},{""property"":""/properties/existence"",""dataset"":""msft"",""record_id"":""1407374890752227"",""update_time"":""2025-01-06T00:00:00.000Z""},{""property"":""/properties/existence"",""dataset"":""msft"",""record_id"":""1125899913135736"",""update_time"":""2025-01-06T00:00:00.000Z""}]","[{""dataset"":""Microsoft"",""record_id"":""562949966622320"",""update_time"":""2024-11-20T19:56:24.603"",""confidence"":0.77}]"
"",1970324840260511,Courtyard Philadelphia Springfield,Courtyard by Marriott Philadelphia Springfield,34,46,12,3,5,2,400 West Sproul Road,400 W Sproul Rd,Springfield,PA,resort,resort,0.77,0.77,"[{""dataset"":""Microsoft"",""record_id"":""1970324840260511"",""update_time"":""2024-11-18T22:21:45.07"",""confidence"":0.77}]","[{""dataset"":""Microsoft"",""record_id"":""2251799813751585"",""update_time"":""2018-10-02T16:59:43.523"",""confidence"":0.77}]"
"",08f1e832b2d834640363c21800e2646c,Di Vicino Forni a Legna e a Gas,Di Vicino Forni Srls,31,20,-11,8,4,-4,"Via Dino Campana, 212",Via Campana 212- Quarto,Quarto,72,restaurant_equipment_and_supply,Dining and Drinking > Restaurant,0.9544061302681992,1.0,"[{""property"":"""",""dataset"":""meta"",""record_id"":""897399683609025"",""update_time"":""2025-01-06T08:00:00.000Z"",""confidence"":0.9544061302681992}]","[{""property"":"""",""dataset"":""FourSquare"",""record_id"":""849c6c222d972ee97c7100c9"",""update_time"":""2024-07-03T00:00:00.000"",""confidence"":1.0}]"
"",08f1fa92de5b0082037f3d436a2668d0,Schott-Rohrglas GmbH,SCHOTT AG,20,9,-11,2,2,0,Erich-Schott-Straße 14,Erich-Schott-Str. 14,Mitterteich,,event_planning,active_life,0.28671328671328666,0.77,"[{""property"":"""",""dataset"":""meta"",""record_id"":""181585835207423"",""update_time"":""2025-01-06T00:00:00.000Z""}]","[{""dataset"":""Microsoft"",""record_id"":""1125899912539050"",""update_time"":""2024-12-25T21:07:23.333"",""confidence"":0.77}]"
"",08f2aac958c59b1b03fcabb8e82f50cf,"Scott J Morris, DMD",Scott J Morris Family Practice,19,30,11,4,5,1,1719 W Main St,1719 W Main St,West Norriton Twp,PA,dentist,cosmetic_dentist,0.9962614185921548,0.77,"[{""property"":"""",""dataset"":""meta"",""record_id"":""1917151581838821"",""update_time"":""2025-01-06T00:00:00.000Z""},{""property"":""/properties/existence"",""dataset"":""msft"",""record_id"":""562949958007766"",""update_time"":""2025-01-06T00:00:00.000Z""},{""property"":""/properties/existence"",""dataset"":""msft"",""record_id"":""562949957570719"",""update_time"":""2025-01-06T00:00:00.000Z""},{""property"":""/properties/existence"",""dataset"":""msft"",""record_id"":""1407374883592772"",""update_time"":""2025-01-06T00:00:00.000Z""}]","[{""dataset"":""Microsoft"",""record_id"":""1407374883592772"",""update_time"":""2014-07-16T12:18:07.78"",""confidence"":0.77}]"
"",08f3961561d3094c038780c81f579575,Maison Nègre,Maison Artisanale Nègre,12,23,11,2,3,1,14 Rue de l'École,"14 rue de l'Ecole, les Vidals",Lacaune,,shopping,Retail > Food and Beverage Retail > Butcher,0.9645127118644068,1.0,"[{""property"":"""",""dataset"":""meta"",""record_id"":""628870747260614"",""update_time"":""2025-01-06T08:00:00.000Z"",""confidence"":0.9645127118644068}]","[{""property"":"""",""dataset"":""FourSquare"",""record_id"":""a92393a03ca24cce17da5952"",""update_time"":""2024-07-03T00:00:00.000"",""confidence"":1.0}]"
"",08f60a25956e9c32031d3abfcc0d56db,Profile Publishing Location 1,Profile Publishing Location Name - Suite,29,40,11,4,6,2,1766 Palo Verde Ave,1766 Palo Verde Ave,East Palo Alto,CA,automotive,automotive,0.77,0.77,"[{""property"":"""",""dataset"":""msft"",""record_id"":""1407374890545514"",""update_time"":""2025-01-06T00:00:00.000Z""}]","[{""property"":"""",""dataset"":""msft"",""record_id"":""1407374891446341"",""update_time"":""2025-01-06T00:00:00.000Z""}]"
"",08f60a25956e9c3203411ea2c362c408,Profile Publishing Location Name - Suite,Profile Publishing Location 1,40,29,-11,6,4,-2,1766 Palo Verde Ave,1766 Palo Verde Ave,East Palo Alto,CA,automotive,automotive,0.77,0.77,"[{""property"":"""",""dataset"":""msft"",""record_id"":""1407374891461732"",""update_time"":""2025-01-06T00:00:00.000Z""}]","[{""property"":"""",""dataset"":""msft"",""record_id"":""1407374890517607"",""update_time"":""2025-01-06T00:00:00.000Z""}]"
"",08f60a25956e9c3203553490e0ffcadc,Profile Publishing Location Name - Suite,Profile Publishing Location 1,40,29,-11,6,4,-2,1766 Palo Verde Ave,1766 Palo Verde Ave,East Palo Alto,CA,automotive,automotive,0.77,0.77,"[{""property"":"""",""dataset"":""msft"",""record_id"":""1407374891125233"",""update_time"":""2025-01-06T00:00:00.000Z""}]","[{""property"":"""",""dataset"":""msft"",""record_id"":""1407374890676470"",""update_time"":""2025-01-06T00:00:00.000Z""}]"
"",08f60a25956e9c3203759670b9155dc7,Profile Publishing Location 1,Profile Publishing Location Name - Suite,29,40,11,4,6,2,1766 Palo Verde Ave,1766 Palo Verde Ave,East Palo Alto,CA,automotive,automotive,0.77,0.77,"[{""property"":"""",""dataset"":""msft"",""record_id"":""1407374890544839"",""update_time"":""2025-01-06T00:00:00.000Z""}]","[{""property"":"""",""dataset"":""msft"",""record_id"":""1407374891532846"",""update_time"":""2025-01-06T00:00:00.000Z""}]"
"",08f60a25956e9c32037d249a03ec6a9a,Profile Publishing Location 1,Profile Publishing Location Name - Local,29,40,11,4,6,2,1766 Palo Verde Ave,1766 Palo Verde Ave,East Palo Alto,CA,automotive,automotive,0.77,0.77,"[{""property"":"""",""dataset"":""msft"",""record_id"":""1407374890571860"",""update_time"":""2025-01-06T00:00:00.000Z""}]","[{""property"":"""",""dataset"":""msft"",""record_id"":""1407374890930112"",""update_time"":""2025-01-06T00:00:00.000Z""}]"
"",08f6490a53ca6a1603e39757b97e3142,ตี๋นมสด เชียงราย,ตี๋นมสด(Teenomsod) เชียงราย,16,27,11,2,2,0,ถนนม.ราชภัฏ,ถนนม.ราชภัฏ เชียงราย,,,cafe,"Dining and Drinking > Cafe, Coffee, and Tea House > Café",0.23154848046309695,1.0,"[{""property"":"""",""dataset"":""meta"",""record_id"":""1686354478321897"",""update_time"":""2025-01-06T08:00:00.000Z"",""confidence"":0.23154848046309695}]","[{""property"":"""",""dataset"":""FourSquare"",""record_id"":""569f64e6498e96f43b49970b"",""update_time"":""2024-02-07T00:00:00.000"",""confidence"":1.0}]"
"",1125899907949040,PPG Paints - Louisville Paint Store,PPG Paints - Paint Store,35,24,-11,6,5,-1,12721 Shelbyville Rd,12721 Shelbyville Rd,Louisville,KY,paint_store,paint_store,0.77,0.77,"[{""dataset"":""Microsoft"",""record_id"":""1125899907949040"",""update_time"":""2016-10-11T14:24:10.117"",""confidence"":0.77}]","[{""dataset"":""Microsoft"",""record_id"":""1125899908319925"",""update_time"":""2016-10-12T20:07:31.13"",""confidence"":0.77}]"
"",281474977374045,Interstate Battery,Interstate All Battery Center,18,29,11,2,4,2,52 Daniel Webster Hwy,52 Daniel Webster Hwy,Merrimack,NH,battery_store,battery_store,0.77,0.77,"[{""dataset"":""Microsoft"",""record_id"":""281474977374045"",""update_time"":""2014-10-24T19:33:28.26"",""confidence"":0.77}]","[{""dataset"":""Microsoft"",""record_id"":""844424931551851"",""update_time"":""2021-12-07T16:02:30.137"",""confidence"":0.77}]"
"",08f1e8828ac4a04b03e9df4bbc9c6e7f,"The Butcher's - Macelleria, Gastronomia e Braceria",The Butcher's - Macelleria e Gastronomia,50,40,-10,7,6,-1,"Via Vittorio Veneto, 4",Via Vittorio Veneto 4,Monopoli,75,butcher_shop,Dining and Drinking > Food Court,0.9645127118644068,1.0,"[{""property"":"""",""dataset"":""meta"",""record_id"":""271961619330972"",""update_time"":""2025-01-06T08:00:00.000Z"",""confidence"":0.9645127118644068}]","[{""property"":"""",""dataset"":""FourSquare"",""record_id"":""664b1cabe272b86722b684e0"",""update_time"":""2024-05-20T00:00:00.000"",""confidence"":1.0}]"
"",08f1ea3c489b4273031b699369b01d32,Pasticceria Soriani,Pasticceria Monti & Nanni SNC,19,29,10,2,5,3,"Via Vittoria Colonna, 19",Via Colonna 19,Rimini,45,desserts,Dining and Drinking > Dessert Shop,0.9837452982267598,1.0,"[{""property"":"""",""dataset"":""meta"",""record_id"":""1431711290378821"",""update_time"":""2025-01-06T08:00:00.000Z"",""confidence"":0.9837452982267598}]","[{""property"":"""",""dataset"":""FourSquare"",""record_id"":""1f2495b669dc4e64ad236d73"",""update_time"":""2024-07-03T00:00:00.000"",""confidence"":1.0}]"
"",08f1fa9b74c33ccc039483228348fd42,Euronics hifiboehm Zeulenroda,EURONICS Zeulenroda,29,19,-10,3,2,-1,Markt 5,Markt 5,Zeulenroda-Triebes,TH,electronics,Retail > Computers and Electronics Retail > Electronics Store,0.6214335421016005,1.0,"[{""property"":"""",""dataset"":""meta"",""record_id"":""225001078197147"",""update_time"":""2025-01-06T08:00:00.000Z"",""confidence"":0.6214335421016005}]","[{""property"":"""",""dataset"":""FourSquare"",""record_id"":""588080e784677a061979b24a"",""update_time"":""2024-10-08T00:00:00.000"",""confidence"":1.0}]"
"",08f264d122640821036926d1ffe848b2,Bitcoin of America ATM,Bitcoin of America - Bitcoin ATM,22,32,10,4,6,2,726 McFerrin Ave,722 Mcferrin Avenue,Nashville,TN,atms,Business and Professional Services > Financial Service > Currency Exchange,0.48103896103896104,1.0,"[{""property"":"""",""dataset"":""meta"",""record_id"":""101607629013621"",""update_time"":""2025-01-06T08:00:00.000Z"",""confidence"":0.48103896103896104}]","[{""property"":"""",""dataset"":""FourSquare"",""record_id"":""5f55f4477a94165cd957e503"",""update_time"":""2024-10-11T00:00:00.000"",""confidence"":1.0}]"
"",08f2993ba6018d2b03ebc7c0583da1c5,Fishlake Lumber Company,Fishlake Lumber Co & Ace Hardware,23,33,10,3,6,3,1627 N Highway 357,1627 N Highway 357,Beaver,UT,retail,retail,0.77,0.77,"[{""property"":"""",""dataset"":""msft"",""record_id"":""281474978313208"",""update_time"":""2025-01-06T00:00:00.000Z""},{""property"":""/properties/existence"",""dataset"":""msft"",""record_id"":""281474976869275"",""update_time"":""2025-01-06T00:00:00.000Z""}]","[{""property"":"""",""dataset"":""msft"",""record_id"":""1970324838235954"",""update_time"":""2025-01-06T00:00:00.000Z""}]"
"",08f2a9d2d52ac008038bdf1686888347,Brandon Disney - State Farm Agent,Brandon Disney - State Farm Insurance Agent,33,43,10,6,7,1,513 Cherry St,513 Cherry St,Bluefield,WV,insurance_agency,Business and Professional Services > Financial Service,0.9837452982267598,1.0,"[{""property"":"""",""dataset"":""meta"",""record_id"":""685416641484894"",""update_time"":""2025-01-06T08:00:00.000Z"",""confidence"":0.9837452982267598}]","[{""property"":"""",""dataset"":""FourSquare"",""record_id"":""4dbefb3e43a1d8504bcbb9e7"",""update_time"":""2024-10-15T00:00:00.000"",""confidence"":1.0}]"
"",08f2aac6eb4582ea0312c7b3c0c3b42c,Trinity Joppa,Trinity Lutheran Church,13,23,10,2,3,1,1100 Philadelphia Rd,1100 Philadelphia Rd,Joppa,MD,church_cathedral,church_cathedral,0.7927927927927928,0.9837452982267598,"[{""property"":"""",""dataset"":""meta"",""record_id"":""130807740311633"",""update_time"":""2025-01-06T00:00:00.000Z""}]","[{""property"":"""",""dataset"":""meta"",""record_id"":""142804005750419"",""update_time"":""2025-01-06T00:00:00.000Z""}]"
"",08fbe184e32632a503fa980d1ab35e1a,Kempsey Skip Bins,Kempsey Skips & Scrap Metal,17,27,10,3,5,2,9 Akubra Pl,9-11 Akubra Pl,South Kempsey,NSW,garbage_collection_service,Business and Professional Services > Home Improvement Service,0.8650306748466258,1.0,"[{""property"":"""",""dataset"":""meta"",""record_id"":""801956153189794"",""update_time"":""2025-01-06T08:00:00.000Z"",""confidence"":0.8650306748466258}]","[{""property"":"""",""dataset"":""FourSquare"",""record_id"":""d170f73043b64bc80d7aec91"",""update_time"":""2024-06-07T00:00:00.000"",""confidence"":1.0}]"
"",08f18252ed2e644003e208e0b4a322d1,Speedwell Family Support,Speedwell Trust,24,15,-9,3,2,-1,48 Parkanaur Road,57a Parkanaur Rd,Dungannon,NIR,charity_organization,Community and Government > Organization > Charity,0.3941504178272981,1.0,"[{""property"":"""",""dataset"":""meta"",""record_id"":""557968681042209"",""update_time"":""2025-01-06T08:00:00.000Z"",""confidence"":0.39415041782729804}]","[{""property"":"""",""dataset"":""FourSquare"",""record_id"":""635db9fa792a4f8b2d775d4b"",""update_time"":""2023-12-03T00:00:00.000"",""confidence"":1.0}]"
"",08f1e8439298263003d04efb18ab2497,Ristorante Pizzeria Cavour,Ristorante Cavour,26,17,-9,3,2,-1,"Corso Camillo Benso di Cavour, 21",Corso Cavour 21,Todi,55,pizza_restaurant,Dining and Drinking > Restaurant > Italian Restaurant,0.9908651262761956,1.0,"[{""property"":"""",""dataset"":""meta"",""record_id"":""114427513574909"",""update_time"":""2025-01-06T08:00:00.000Z"",""confidence"":0.9908651262761956}]","[{""property"":"""",""dataset"":""FourSquare"",""record_id"":""4cee635ced62721e734d5bfd"",""update_time"":""2024-07-03T00:00:00.000"",""confidence"":1.0}]"
"",08f2aaab4d4c0d620325d61d2ce778c7,Draeger Interlock,Draeger Ignition Interlock,17,26,9,2,3,1,7627 Fullerton Rd,7635 Fullerton Rd,Springfield,VA,automotive_parts_and_accessories,Business and Professional Services > Factory,0.28671328671328666,1.0,"[{""property"":"""",""dataset"":""meta"",""record_id"":""387717151787015"",""update_time"":""2025-01-06T08:00:00.000Z"",""confidence"":0.2867132867132867}]","[{""property"":"""",""dataset"":""FourSquare"",""record_id"":""57ebe226498e1b4545734a20"",""update_time"":""2024-10-14T00:00:00.000"",""confidence"":1.0}]"
"",08f2b9864918641603e350d0663441fa,Sky Zone Whitby,Sky Zone Trampoline Park,15,24,9,3,4,1,240 S Blair St,240 South Blair Street,Whitby,ON,sports_and_recreation_venue,trampoline_park,0.9523423423423424,0.77,"[{""property"":"""",""dataset"":""meta"",""record_id"":""1610506545832512"",""update_time"":""2025-01-06T00:00:00.000Z""},{""property"":""/properties/existence"",""dataset"":""msft"",""record_id"":""562949964719137"",""update_time"":""2025-01-06T00:00:00.000Z""},{""property"":""/properties/existence"",""dataset"":""msft"",""record_id"":""562949956300970"",""update_time"":""2025-01-06T00:00:00.000Z""},{""property"":""/properties/existence"",""dataset"":""msft"",""record_id"":""281474980390173"",""update_time"":""2025-01-06T00:00:00.000Z""},{""property"":""/properties/existence"",""dataset"":""msft"",""record_id"":""2251799821040865"",""update_time"":""2025-01-06T00:00:00.000Z""},{""property"":""/properties/existence"",""dataset"":""msft"",""record_id"":""1970324839909604"",""update_time"":""2025-01-06T00:00:00.000Z""}]","[{""dataset"":""Microsoft"",""record_id"":""562949964719137"",""update_time"":""2024-12-18T21:56:14.547"",""confidence"":0.77}]"
"",08f2e1bb53cd504403234c70bf5394f2,ヤマト運輸 YamatoTransport,ヤマト運輸 伊達センター,21,12,-9,2,2,0,末永町9-14,末永町9-14,Date-shi,01,freight_and_cargo_service,"Business and Professional Services > Shipping, Freight, and Material Transportation Service",0.6214335421016005,1.0,"[{""property"":"""",""dataset"":""meta"",""record_id"":""104288721058287"",""update_time"":""2025-01-06T08:00:00.000Z"",""confidence"":0.6214335421016005}]","[{""property"":"""",""dataset"":""FourSquare"",""record_id"":""5b9266ddf709c1002ceb26ff"",""update_time"":""2024-08-07T00:00:00.000"",""confidence"":1.0}]"
"",08f46482d0a8a4a90323ae59d69f7b7c,Contractors' Equipment and Service Corporation,Contractors' Equipment & Service Corp,46,37,-9,5,5,0,94-460 Ukee St,94-460 Ukee St,Honolulu,HI,professional_services,metal_fabricator,0.9895134099616858,0.77,"[{""property"":"""",""dataset"":""meta"",""record_id"":""104080022387441"",""update_time"":""2025-01-06T00:00:00.000Z""},{""property"":""/properties/existence"",""dataset"":""msft"",""record_id"":""562949966535401"",""update_time"":""2025-01-06T00:00:00.000Z""},{""property"":""/properties/existence"",""dataset"":""msft"",""record_id"":""562949963193293"",""update_time"":""2025-01-06T00:00:00.000Z""},{""property"":""/properties/existence"",""dataset"":""msft"",""record_id"":""562949955250478"",""update_time"":""2025-01-06T00:00:00.000Z""},{""property"":""/properties/existence"",""dataset"":""msft"",""record_id"":""562949954975372"",""update_time"":""2025-01-06T00:00:00.000Z""}]","[{""dataset"":""Microsoft"",""record_id"":""562949954975372"",""update_time"":""2015-05-14T09:25:14.307"",""confidence"":0.77}]"
"",08f60a25956e9c32034847482ee7fad4,"PUBLIC location 324234 #%&*",PUBLIC LOCATION NAME EXTERNALID NAME,27,36,9,4,5,1,1766 Palo Verde Ave,1766 Palo Verde Ave,East Palo Alto,CA,,,0.77,0.77,"[{""property"":"""",""dataset"":""msft"",""record_id"":""1407374891555799"",""update_time"":""2025-01-06T00:00:00.000Z""}]","[{""property"":"""",""dataset"":""msft"",""record_id"":""1407374891238192"",""update_time"":""2025-01-06T00:00:00.000Z""}]"
"",08f60a25956e9c3203cc9c5c8269996d,"PUBLIC location 324234 #%&*",PUBLIC LOCATION NAME EXTERNALID NAME,27,36,9,4,5,1,1766 Palo Verde Ave,1766 Palo Verde Ave,East Palo Alto,CA,,,0.77,0.77,"[{""property"":"""",""dataset"":""msft"",""record_id"":""1407374891410840"",""update_time"":""2025-01-06T00:00:00.000Z""}]","[{""property"":"""",""dataset"":""msft"",""record_id"":""1407374891214432"",""update_time"":""2025-01-06T00:00:00.000Z""}]"
"",08f64a485d91a2400381ef1cf4f861c9,สำนักงานอธิการบดี ม.รามคำแหง,สำนักงานอธิการบดี มหาวิทยาลัยรามคำแหง,28,37,9,2,2,0,,,,,campus_building,Community and Government > Education > College and University > College Administrative Building,0.6214335421016005,1.0,"[{""property"":"""",""dataset"":""meta"",""record_id"":""127668624572717"",""update_time"":""2025-01-06T08:00:00.000Z"",""confidence"":0.6214335421016005}]","[{""property"":"""",""dataset"":""FourSquare"",""record_id"":""502a010ee4b06079cd42879d"",""update_time"":""2021-08-14T00:00:00.000"",""confidence"":1.0}]"
"",08f195ba26a456b20320b75eb5569034,Howards Dorchester,Howards Hyundai Dorchester,18,26,8,2,3,1,London Road,London Road,Dorchester,,car_dealer,automotive,0.9645127118644068,0.77,"[{""property"":"""",""dataset"":""meta"",""record_id"":""1829895223893817"",""update_time"":""2025-01-06T00:00:00.000Z""}]","[{""dataset"":""Microsoft"",""record_id"":""1407374888509069"",""update_time"":""2024-12-15T16:33:25.597"",""confidence"":0.77}]"
"",08f1f2e5048d164e03fd620dbb04a308,Lindell's Car Nissan,Lindells Bil,20,12,-8,3,2,-1,Fibergatan 3,Fiberg. 3,Billesholm,,automotive_repair,Business and Professional Services > Automotive Service > Automotive Repair Shop,0.9645127118644068,1.0,"[{""property"":"""",""dataset"":""meta"",""record_id"":""196576851223977"",""update_time"":""2025-01-06T08:00:00.000Z"",""confidence"":0.9645127118644068}]","[{""property"":"""",""dataset"":""FourSquare"",""record_id"":""3093145894944c71bd8df0c0"",""update_time"":""2024-09-23T00:00:00.000"",""confidence"":1.0}]"
"",08f2661881ba399603682b034d3b72e9,Western Boone Junior-Senior High School,Western Boone Jr-Sr High School,39,31,-8,5,5,0,1205 N IN-75,,Thorntown,IN,high_school,Community and Government > Education > Primary and Secondary School > High School,0.9645127118644068,1.0,"[{""property"":"""",""dataset"":""meta"",""record_id"":""134456093249184"",""update_time"":""2025-01-06T08:00:00.000Z"",""confidence"":0.9645127118644068}]","[{""property"":"""",""dataset"":""FourSquare"",""record_id"":""4bc61f0f51b376b078061b6f"",""update_time"":""2024-10-14T00:00:00.000"",""confidence"":1.0}]"
"",08f26d150e91944a034f3b7432d8f3e2,Coin Cloud DCM,Coin Cloud Bitcoin ATM,14,22,8,3,4,1,2151 SE 34th Ave,2151 SE 34th Ave,Amarillo,TX,atms,,0.3941504178272981,1.0,"[{""property"":"""",""dataset"":""meta"",""record_id"":""106220691971426"",""update_time"":""2025-01-06T08:00:00.000Z"",""confidence"":0.39415041782729804}]","[{""property"":"""",""dataset"":""FourSquare"",""record_id"":""b7549cc77e3846858dc42993"",""update_time"":""2024-10-15T00:00:00.000"",""confidence"":1.0}]"
"",08f28d10722001230319f908c02b1fbc,San Juan Safaris - Orca Whale Watching,San Juan Safari Whale Watching,38,30,-8,7,5,-2,10 Front St,2 Spring St Landing,Friday Harbor,WA,tours,Travel and Transportation > Boat or Ferry,0.9837452982267598,1.0,"[{""property"":"""",""dataset"":""meta"",""record_id"":""277754894231"",""update_time"":""2025-01-06T08:00:00.000Z"",""confidence"":0.9837452982267598}]","[{""property"":"""",""dataset"":""FourSquare"",""record_id"":""4c17d7766a21c9b62f23c897"",""update_time"":""2024-10-11T00:00:00.000"",""confidence"":1.0}]"
"",08f29a4d66d26d9903959dd6a159ac71,La Villa Cafe Bar,La Villa Con Sabor A Cafe,17,25,8,4,6,2,Boulevard Benito Juárez 4356,"Bulevar Benito Juarez #4356 Int #3",Playas de Rosarito,,cafe,"Dining and Drinking > Cafe, Coffee, and Tea House > Coffee Shop",0.9837452982267598,1.0,"[{""property"":"""",""dataset"":""meta"",""record_id"":""624558357713306"",""update_time"":""2025-01-06T08:00:00.000Z"",""confidence"":0.9837452982267598}]","[{""property"":"""",""dataset"":""FourSquare"",""record_id"":""5dad086828f17a0008299ff2"",""update_time"":""2020-11-24T00:00:00.000"",""confidence"":1.0}]"
"",08f2aa641dac166c0396504b89284b46,Seneca Nation Indians Library,Seneca Nation Library,29,21,-8,4,3,-1,3 Thomas Indian School Dr,3 Thomas Indian School Dr,Irving,NY,library,Community and Government > Library,0.9645127118644068,1.0,"[{""property"":"""",""dataset"":""meta"",""record_id"":""1508665346097371"",""update_time"":""2025-01-06T08:00:00.000Z"",""confidence"":0.9645127118644068}]","[{""property"":"""",""dataset"":""FourSquare"",""record_id"":""50ac1598e4b08e127aac8817"",""update_time"":""2024-10-15T00:00:00.000"",""confidence"":1.0}]"
"",08f4445528791c51030532d8525b37ad,Chevron Rayne,Chevron Station Rayne,13,21,8,2,3,1,1045 Church Point Hwy,1045 Church Point Hwy,Rayne,LA,gas_station,gas_station,0.9962614185921548,0.77,"[{""property"":"""",""dataset"":""meta"",""record_id"":""154894361213022"",""update_time"":""2025-01-06T00:00:00.000Z""},{""property"":""/properties/existence"",""dataset"":""msft"",""record_id"":""1970324837108709"",""update_time"":""2025-01-06T00:00:00.000Z""}]","[{""dataset"":""Microsoft"",""record_id"":""1970324837108709"",""update_time"":""2013-09-18T15:47:17.24"",""confidence"":0.77}]"
"",08f489c0a988d91c03d200b109f53df7,Coin Cloud DCM,Coin Cloud Bitcoin ATM,14,22,8,3,4,1,2003 N TX-1604-LOOP E,2003 N Loop 1604 E Ste 111,San Antonio,TX,financial_service,,0.3941504178272981,1.0,"[{""property"":"""",""dataset"":""meta"",""record_id"":""112176861367751"",""update_time"":""2025-01-06T08:00:00.000Z"",""confidence"":0.39415041782729804}]","[{""property"":"""",""dataset"":""FourSquare"",""record_id"":""b3e1db3aef164ec7399674ab"",""update_time"":""2024-10-14T00:00:00.000"",""confidence"":1.0}]"
"",08f48eba494e2cd6031f3fc948616b0a,Ombudsman Arizona Charter East II,Ombudsman Charter East II,33,25,-8,5,4,-1,4041 E Thomas Rd,"4041 E. Thomas Rd, Ste. 210",Phoenix,AZ,high_school,Community and Government > Education,0.9962614185921548,1.0,"[{""property"":"""",""dataset"":""meta"",""record_id"":""780610188644983"",""update_time"":""2025-01-06T08:00:00.000Z"",""confidence"":0.9837452982267598},{""property"":""/properties/existence"",""dataset"":""Microsoft"",""record_id"":""562949965690716"",""update_time"":""2024-08-30T07:28:41.837Z"",""confidence"":0.77}]","[{""property"":"""",""dataset"":""FourSquare"",""record_id"":""5a9482fd0d173f6c7605fcba"",""update_time"":""2024-10-14T00:00:00.000"",""confidence"":1.0}]"
"",2251799818828079,Assured Storage Jackson,"Assured Storage of Jackson, LLC",23,31,8,3,5,2,444 Wiley Parker Rd,444 Wiley Parker Rd,Jackson,TN,self_storage_facility,self_storage_facility,0.77,0.77,"[{""dataset"":""Microsoft"",""record_id"":""2251799818828079"",""update_time"":""2019-04-21T12:17:06.64"",""confidence"":0.77}]","[{""dataset"":""Microsoft"",""record_id"":""562949961563040"",""update_time"":""2024-12-01T17:00:16.18"",""confidence"":0.77}]"
"",08f1ea2d93cc3a9e035b43ef4cb52ad1,Centro Nazionale Per Il Volontariato,Centro Nazionale Volontariato,36,29,-7,5,3,-2,"Via Alfredo Catalani, 158",VIA Catalani 158,Lucca,52,community_services_non_profits,Business and Professional Services > Convention Center > Conference Room,0.9467515923566879,1.0,"[{""property"":"""",""dataset"":""meta"",""record_id"":""104371149606519"",""update_time"":""2025-01-06T08:00:00.000Z"",""confidence"":0.9467515923566879}]","[{""property"":"""",""dataset"":""FourSquare"",""record_id"":""4e954be96da11612547fc015"",""update_time"":""2024-07-03T00:00:00.000"",""confidence"":1.0}]"
"",08f1f146cd8f4d8b034df7d18ab5f6fc,Fahrschule Walter Lohmann,Fahrschule Lohmann,25,18,-7,3,2,-1,Zum Esch 25,Zum Esch 25,Emstek,,driving_school,Community and Government > Education > Driving School,0.9645127118644068,1.0,"[{""property"":"""",""dataset"":""meta"",""record_id"":""187619771275244"",""update_time"":""2025-01-06T08:00:00.000Z"",""confidence"":0.9645127118644068}]","[{""property"":"""",""dataset"":""FourSquare"",""record_id"":""2e8a3ccef08d4e5c597847f4"",""update_time"":""2024-10-08T00:00:00.000"",""confidence"":1.0}]"
"",08f1fb14213b534803295839333df491,Amplifon France,Amplifon Sainte Savine,15,22,7,2,3,1,27B Avenue du Général Gallieni,27 bis avenue du Général Galliéni,Sainte-Savine,,health_and_medical,Health and Medicine > Medical Center,0.9467515923566879,1.0,"[{""property"":"""",""dataset"":""meta"",""record_id"":""188228328614760"",""update_time"":""2025-01-06T08:00:00.000Z"",""confidence"":0.9467515923566879}]","[{""property"":"""",""dataset"":""FourSquare"",""record_id"":""7f972e70283f4a17a2a05035"",""update_time"":""2024-07-03T00:00:00.000"",""confidence"":1.0}]"
"",08f2b9da094a66c6032deedf522acb43,Kingston Community Credit Union (KCCU),Kingston Community Credit Uniom,38,31,-7,5,4,-1,1201 Division St,4-34 Benson St,Kingston,ON,credit_union,Business and Professional Services > Financial Service > Banking and Finance > Bank,0.77,1.0,"[{""property"":"""",""dataset"":""Microsoft"",""record_id"":""1125899912627923"",""update_time"":""2024-10-31T01:22:50.617Z"",""confidence"":0.77}]","[{""property"":"""",""dataset"":""FourSquare"",""record_id"":""4dc97457d22dc853b4e64afa"",""update_time"":""2024-11-09T00:00:00.000"",""confidence"":1.0}]"
"",08f44a90f6b6e4b403c3dc2aa2690a0d,Advanced Tow Service,Advanced Towing Service LLC,20,27,7,3,4,1,8218 Troxler Dr,8218 Troxler Dr,Orlando,FL,towing_service,towing_service,0.9828411287205256,0.77,"[{""property"":"""",""dataset"":""meta"",""record_id"":""122453280796542"",""update_time"":""2025-01-06T00:00:00.000Z""},{""property"":""/properties/existence"",""dataset"":""msft"",""record_id"":""562949964765303"",""update_time"":""2025-01-06T00:00:00.000Z""},{""property"":""/properties/existence"",""dataset"":""msft"",""record_id"":""562949960110304"",""update_time"":""2025-01-06T00:00:00.000Z""},{""property"":""/properties/existence"",""dataset"":""msft"",""record_id"":""562949959930415"",""update_time"":""2025-01-06T00:00:00.000Z""},{""property"":""/properties/existence"",""dataset"":""msft"",""record_id"":""1688849863601826"",""update_time"":""2025-01-06T00:00:00.000Z""},{""property"":""/properties/existence"",""dataset"":""msft"",""record_id"":""1125899913002162"",""update_time"":""2025-01-06T00:00:00.000Z""},{""property"":""/properties/existence"",""dataset"":""msft"",""record_id"":""1125899909681261"",""update_time"":""2025-01-06T00:00:00.000Z""}]","[{""dataset"":""Microsoft"",""record_id"":""562949959930415"",""update_time"":""2020-01-01T14:50:10.857"",""confidence"":0.77}]"
"",08f489c199a9881a0391dce2dd986d7e,My Econo's 3995 Optical,My Econo Optical,23,16,-7,4,3,-1,5275 Walzem Rd,5275 Walzem Rd,Windcrest,TX,eyewear_and_optician,Retail > Eyecare Store,0.9872500778573653,1.0,"[{""property"":"""",""dataset"":""meta"",""record_id"":""205336529488866"",""update_time"":""2025-01-06T08:00:00.000Z"",""confidence"":0.9445655559015883},{""property"":""/properties/existence"",""dataset"":""Microsoft"",""record_id"":""1125899910316671"",""update_time"":""2021-09-27T18:04:42.623Z"",""confidence"":0.77}]","[{""property"":"""",""dataset"":""FourSquare"",""record_id"":""506ca139498ead4133cb8586"",""update_time"":""2024-10-15T00:00:00.000"",""confidence"":1.0}]"
"",08f64a5d44030394034f454700680878,เนื้อต้มแม่สมร สะพานขาว,เนื้อต้มสะพานขาว,23,16,-7,2,1,-1,สะพานขาว,สะพานขาว,Photharam,,thai_restaurant,Dining and Drinking > Restaurant > Asian Restaurant > Thai Restaurant,0.7927927927927928,1.0,"[{""property"":"""",""dataset"":""meta"",""record_id"":""134342986965064"",""update_time"":""2025-01-06T08:00:00.000Z"",""confidence"":0.7927927927927928}]","[{""property"":"""",""dataset"":""FourSquare"",""record_id"":""4e004c071495692a4bb55752"",""update_time"":""2020-11-25T00:00:00.000"",""confidence"":1.0}]"
"",08fa8100e16b275b035e3f9f5d9abecc,Galeria Caribé,Galeria Sergio Caribé,14,21,7,2,3,1,"Rua João Lourenço, 79",Rua João Lourenço 79,São Paulo,SP,art_gallery,Arts and Entertainment > Art Gallery,0.7927927927927928,1.0,"[{""property"":"""",""dataset"":""meta"",""record_id"":""130305243648465"",""update_time"":""2025-01-06T08:00:00.000Z"",""confidence"":0.7927927927927928}]","[{""property"":"""",""dataset"":""FourSquare"",""record_id"":""4dc16193d22da015334dcb82"",""update_time"":""2024-07-02T00:00:00.000"",""confidence"":1.0}]"
"",08f1f840ea021482035b7b83cdf340f6,Ecole Primaire Emile Gebhart,Ecole Primaire Gebhart,28,22,-6,4,3,-1,31 Rue Émile Gebhart,33 rue emile gebhart,Nancy,,elementary_school,Community and Government > Education > College and University > Student Center,0.6214335421016005,1.0,"[{""property"":"""",""dataset"":""meta"",""record_id"":""111577562329127"",""update_time"":""2025-01-06T08:00:00.000Z"",""confidence"":0.6214335421016005}]","[{""property"":"""",""dataset"":""FourSquare"",""record_id"":""4d85c7ab40a7a35db1fb27be"",""update_time"":""2024-07-03T00:00:00.000"",""confidence"":1.0}]"
"",08f26533507a2d40030feb6451cc6d92,Ozark Mountain Crossing Apartments,Ozark Mountain Crossing Apts,34,28,-6,4,4,0,5513 N 12th St,5620 N 13th Ave,Ozark,MO,real_estate,Business and Professional Services > Storage Facility,0.9445655559015883,1.0,"[{""property"":"""",""dataset"":""meta"",""record_id"":""2111636232421225"",""update_time"":""2025-01-06T08:00:00.000Z"",""confidence"":0.9445655559015883}]","[{""property"":"""",""dataset"":""FourSquare"",""record_id"":""b800effbf5824f2403537aed"",""update_time"":""2024-10-14T00:00:00.000"",""confidence"":1.0}]"
"",08f2681a31808050037d5e7ecf9e1b01,Larry H. Miller Toyota Scion Boulder,Larry H. Miller Toyota Boulder,36,30,-6,6,5,-1,2465 48th Ct,2465 48th Ct,Boulder,CO,car_dealer,used_car_dealer,0.9962614185921548,0.77,"[{""property"":"""",""dataset"":""meta"",""record_id"":""1031332963577557"",""update_time"":""2025-01-06T00:00:00.000Z""},{""property"":""/properties/existence"",""dataset"":""msft"",""record_id"":""2251799818571080"",""update_time"":""2025-01-06T00:00:00.000Z""},{""property"":""/properties/existence"",""dataset"":""msft"",""record_id"":""1407374886265532"",""update_time"":""2025-01-06T00:00:00.000Z""},{""property"":""/properties/existence"",""dataset"":""msft"",""record_id"":""1407374886265475"",""update_time"":""2025-01-06T00:00:00.000Z""},{""property"":""/properties/existence"",""dataset"":""msft"",""record_id"":""1407374885530678"",""update_time"":""2025-01-06T00:00:00.000Z""}]","[{""dataset"":""Microsoft"",""record_id"":""1407374886265475"",""update_time"":""2019-10-11T15:47:15.407"",""confidence"":0.77}]"
"",08f2830d726819b2033d44933919d04c,Classic Patio Inc,Classic Patio Furniture,17,23,6,3,3,0,3426 Camino Tassajara,3426 Camino Tassajara,Danville,CA,furniture_store,Retail > Miscellaneous Store,0.997898979043525,1.0,"[{""property"":"""",""dataset"":""meta"",""record_id"":""153018441416592"",""update_time"":""2025-01-06T08:00:00.000Z"",""confidence"":0.9908651262761956},{""property"":""/properties/existence"",""dataset"":""Microsoft"",""record_id"":""1125899910296567"",""update_time"":""2021-12-10T09:39:16.797Z"",""confidence"":0.77}]","[{""property"":"""",""dataset"":""FourSquare"",""record_id"":""5ee2650cd5c79a5b94ccc473"",""update_time"":""2024-10-16T00:00:00.000"",""confidence"":1.0}]"
"",08f283470049638d0310a3fc3bc5f39f,Target Store Santa-Clara,Target Santa Clara,24,18,-6,3,3,0,2004 El Camino Real,2004 El Camino Real,Santa Clara,CA,department_store,department_store,0.9962614185921548,0.77,"[{""property"":"""",""dataset"":""meta"",""record_id"":""1573251676305026"",""update_time"":""2025-01-06T00:00:00.000Z""},{""property"":""/properties/existence"",""dataset"":""msft"",""record_id"":""1125899911150434"",""update_time"":""2025-01-06T00:00:00.000Z""},{""property"":""/properties/existence"",""dataset"":""msft"",""record_id"":""1125899907901528"",""update_time"":""2025-01-06T00:00:00.000Z""}]","[{""dataset"":""Microsoft"",""record_id"":""1125899907901528"",""update_time"":""2015-06-23T13:58:26.663"",""confidence"":0.77}]"
"",08f2a122b34060f1033f6a3fcca4ddb0,Target Store Richland-Twp,Target Richland Twp,25,19,-6,3,3,0,610 N West End Blvd,610 N West End Blvd,Quakertown,PA,department_store,department_store,0.9962614185921548,0.77,"[{""property"":"""",""dataset"":""meta"",""record_id"":""353639738086353"",""update_time"":""2025-01-06T00:00:00.000Z""},{""property"":""/properties/existence"",""dataset"":""msft"",""record_id"":""562949955220948"",""update_time"":""2025-01-06T00:00:00.000Z""},{""property"":""/properties/existence"",""dataset"":""msft"",""record_id"":""562949955053425"",""update_time"":""2025-01-06T00:00:00.000Z""},{""property"":""/properties/existence"",""dataset"":""msft"",""record_id"":""1970324837203300"",""update_time"":""2025-01-06T00:00:00.000Z""},{""property"":""/properties/existence"",""dataset"":""msft"",""record_id"":""1125899911150361"",""update_time"":""2025-01-06T00:00:00.000Z""},{""property"":""/properties/existence"",""dataset"":""msft"",""record_id"":""1125899907901154"",""update_time"":""2025-01-06T00:00:00.000Z""}]","[{""dataset"":""Microsoft"",""record_id"":""1125899907901154"",""update_time"":""2015-06-23T13:58:26.663"",""confidence"":0.77}]"
"",08f2a149153094820329fd6db5d1e4f6,Coinstar Kiosk - Bitcoin ATM,Coinstar | Bitcoin ATM,28,22,-6,5,4,-1,"1600 Memorial Dr, Price Rite",1600 Memorial Dr,Chicopee,MA,atms,,0.77,1.0,"[{""property"":"""",""dataset"":""Microsoft"",""record_id"":""1407374891296294"",""update_time"":""2024-12-30T07:40:23.530Z"",""confidence"":0.77}]","[{""property"":"""",""dataset"":""FourSquare"",""record_id"":""d1e316a6c214238e7f3f989e"",""update_time"":""2024-10-11T00:00:00.000"",""confidence"":1.0}]"
"",08f2aad39c474c9c03e6e7b74bca7273,Five Pointe Barber Shop,Five Points Plaza,23,17,-6,4,3,-1,17601 Coastal Hwy,17601 Coastal Hwy,Lewes,DE,barber,flowers_and_gifts_shop,0.9837452982267598,0.9097222222222222,"[{""property"":"""",""dataset"":""meta"",""record_id"":""1691483661121966"",""update_time"":""2025-01-06T00:00:00.000Z""}]","[{""property"":"""",""dataset"":""meta"",""record_id"":""102579202136726"",""update_time"":""2025-01-06T00:00:00.000Z""}]"
"",08f2f5a303d554d303096596fd9b8ec4,セブン銀行ATM 東武鉄道 伊勢崎線 梅島駅 共同出張所,セブン銀行 東武鉄道伊勢崎線梅島駅共同出張所,28,22,-6,5,2,-3,梅田7丁目37-1,梅田7-37-1,足立区,東京都,atms,Business and Professional Services > Financial Service > Banking and Finance > ATM,0.77,1.0,"[{""property"":"""",""dataset"":""Microsoft"",""record_id"":""1125899910125410"",""update_time"":""2023-09-07T09:08:11.967Z"",""confidence"":0.77}]","[{""property"":"""",""dataset"":""FourSquare"",""record_id"":""5ef23d75a43b030008e27383"",""update_time"":""2023-06-06T00:00:00.000"",""confidence"":1.0}]"
"",08f396c4a392530a03ba75015b9d5616,Stade André Cancel,Stade Cancel,18,12,-6,3,2,-1,227 Avenue Gaston Baissette,227 avenue Gaston Baissette,Mauguio,,tennis_court,Sports and Recreation > Soccer > Soccer Field,0.9544061302681992,1.0,"[{""property"":"""",""dataset"":""meta"",""record_id"":""189970201119630"",""update_time"":""2025-01-06T08:00:00.000Z"",""confidence"":0.9544061302681992}]","[{""property"":"""",""dataset"":""FourSquare"",""record_id"":""5a5e301d625a666c5b101c66"",""update_time"":""2024-07-02T00:00:00.000"",""confidence"":1.0}]"
"",08f446ea9534aa0203777492a4a9ca98,"Maida Clark Law Firm, P.C.","Maida Law Firm, P.C.",26,20,-6,5,4,-1,4320 Calder Ave,4320 Calder Ave,Beaumont,TX,bankruptcy_law,Business and Professional Services > Legal Service > Law Office,0.77,1.0,"[{""property"":"""",""dataset"":""Microsoft"",""record_id"":""1407374886611656"",""update_time"":""2021-02-17T00:38:26.670Z"",""confidence"":0.77}]","[{""property"":"""",""dataset"":""FourSquare"",""record_id"":""4e02052d483bd352f7232056"",""update_time"":""2024-06-11T00:00:00.000"",""confidence"":1.0}]"
"",08f44cd590505c4d031e70722821a0fa,ABRA Auto Body Chattanooga,Abra Auto Body Repair of America,26,32,6,4,6,2,6009 International Dr,6009 International Dr,Chattanooga,TN,auto_glass_service,auto_glass_service,0.77,0.77,"[{""property"":"""",""dataset"":""msft"",""record_id"":""844424933509664"",""update_time"":""2025-01-06T00:00:00.000Z""},{""property"":""/properties/existence"",""dataset"":""msft"",""record_id"":""844424933374837"",""update_time"":""2025-01-06T00:00:00.000Z""},{""property"":""/properties/existence"",""dataset"":""msft"",""record_id"":""844424933373666"",""update_time"":""2025-01-06T00:00:00.000Z""},{""property"":""/properties/existence"",""dataset"":""msft"",""record_id"":""844424933372875"",""update_time"":""2025-01-06T00:00:00.000Z""},{""property"":""/properties/existence"",""dataset"":""msft"",""record_id"":""844424933372783"",""update_time"":""2025-01-06T00:00:00.000Z""},{""property"":""/properties/existence"",""dataset"":""msft"",""record_id"":""844424933372717"",""update_time"":""2025-01-06T00:00:00.000Z""},{""property"":""/properties/existence"",""dataset"":""msft"",""record_id"":""844424933371799"",""update_time"":""2025-01-06T00:00:00.000Z""},{""property"":""/properties/existence"",""dataset"":""msft"",""record_id"":""844424933370499"",""update_time"":""2025-01-06T00:00:00.000Z""},{""property"":""/properties/existence"",""dataset"":""msft"",""record_id"":""844424933368183"",""update_time"":""2025-01-06T00:00:00.000Z""},{""property"":""/properties/existence"",""dataset"":""msft"",""record_id"":""844424933364161"",""update_time"":""2025-01-06T00:00:00.000Z""},{""property"":""/properties/existence"",""dataset"":""msft"",""record_id"":""844424933361221"",""update_time"":""2025-01-06T00:00:00.000Z""},{""property"":""/properties/existence"",""dataset"":""msft"",""record_id"":""844424933254204"",""update_time"":""2025-01-06T00:00:00.000Z""},{""property"":""/properties/existence"",""dataset"":""msft"",""record_id"":""562949953613741"",""update_time"":""2025-01-06T00:00:00.000Z""}]","[{""dataset"":""Microsoft"",""record_id"":""562949953613741"",""update_time"":""2018-07-10T19:44:19.893"",""confidence"":0.77}]"
"",08f4995d6c868948032cc85868485bf9,Restaurante Sazon El Capricho,Restaurante El Capricho,29,23,-6,4,3,-1,C. Pichardo Pagaza MZ 003,PICHARDO PAGAZA 3,,,restaurant,Dining and Drinking > Restaurant > Fast Food Restaurant,0.9837452982267598,1.0,"[{""property"":"""",""dataset"":""meta"",""record_id"":""107301582182301"",""update_time"":""2025-01-06T08:00:00.000Z"",""confidence"":0.9837452982267598}]","[{""property"":"""",""dataset"":""FourSquare"",""record_id"":""65c2c007e4ef34751f7bbec4"",""update_time"":""2024-02-06T00:00:00.000"",""confidence"":1.0}]"
"",08f64a4d9eb6d72e033570a0d94c1cee,ก๋วยเตี๋ยวปลาในตำนาน นครนายก,ก๋วยเตี๋ยวปลาสดนครนายก,28,22,-6,2,1,-1,,,,,noodles_restaurant,Dining and Drinking > Restaurant > Asian Restaurant > Noodle Restaurant,0.6214335421016005,1.0,"[{""property"":"""",""dataset"":""meta"",""record_id"":""486665972143029"",""update_time"":""2025-01-06T08:00:00.000Z"",""confidence"":0.6214335421016005}]","[{""property"":"""",""dataset"":""FourSquare"",""record_id"":""5664fda2498ef74a72f417a5"",""update_time"":""2020-11-25T00:00:00.000"",""confidence"":1.0}]"
"",08f658a35bc6338303545cf39393f9b7,Gala House Bangsaen,Gala House (กาล่า เฮ้าส์),19,25,6,3,4,1,"33/3 Bangsaen Lang Road, Saensuk",33/3 Bangsaenlang Rd,Bang Saen,,thai_restaurant,Dining and Drinking > Restaurant > Italian Restaurant,0.7927927927927928,1.0,"[{""property"":"""",""dataset"":""meta"",""record_id"":""610971968917770"",""update_time"":""2025-01-06T08:00:00.000Z"",""confidence"":0.7927927927927928}]","[{""property"":"""",""dataset"":""FourSquare"",""record_id"":""51eaa284498e9a066921fb20"",""update_time"":""2020-11-30T00:00:00.000"",""confidence"":1.0}]"
"",1125899910258352,Braum's Ice Cream & Dairy Store,Braum's Ice Cream & Burger Restaurant,31,37,6,6,6,0,5300 Matlock Rd,5300 Matlock Rd,Arlington,TX,ice_cream_and_frozen_yoghurt,ice_cream_and_frozen_yoghurt,0.77,0.77,"[{""dataset"":""Microsoft"",""record_id"":""1125899910258352"",""update_time"":""2024-12-28T17:02:00.46"",""confidence"":0.77}]","[{""dataset"":""Microsoft"",""record_id"":""562949955061334"",""update_time"":""2018-12-31T15:56:01.64"",""confidence"":0.77}]"
"",08f194ad32accc120378a4a13d751f03,Tonkotsu Bar and Ramen,Tonkotsu Bankside,22,17,-5,4,2,-2,4 Canvey Street,"4 Canvey Street, Bankside",London,ENG,japanese_restaurant,soup_restaurant,0.9962614185921548,0.77,"[{""property"":"""",""dataset"":""meta"",""record_id"":""147665282538627"",""update_time"":""2025-01-06T00:00:00.000Z""},{""property"":""/properties/existence"",""dataset"":""msft"",""record_id"":""1407374891474607"",""update_time"":""2025-01-06T00:00:00.000Z""}]","[{""dataset"":""Microsoft"",""record_id"":""1407374891474607"",""update_time"":""2024-12-29T20:39:42.82"",""confidence"":0.77}]"
"",08f1f1257095c30a03dd49b88eedb74e,H. Hesse Kaltprofile und Bearbeitung GmbH und Co.,H. Hesse Kaltprofile + Bearbeitung GmbH & Co,49,44,-5,8,8,0,Binnerheide 14,Binnerheide 16,Schwerte,,metal_fabricator,,0.9467515923566879,1.0,"[{""property"":"""",""dataset"":""meta"",""record_id"":""477186765676208"",""update_time"":""2025-01-06T08:00:00.000Z"",""confidence"":0.9467515923566879}]","[{""property"":"""",""dataset"":""FourSquare"",""record_id"":""92bba497c70841460bb33a0f"",""update_time"":""2024-10-08T00:00:00.000"",""confidence"":1.0}]"
"",08f1fb432c6d432b030f6b6a47ed6ec0,Gare de Creil,Gare SNCF de Creil,13,18,5,3,4,1,"Place Charles de Gaulle, 60100 Creil",Place Charles de Gaulle,Creil,,train_station,Travel and Transportation > Transport Hub > Rail Station,0.6214335421016005,1.0,"[{""property"":"""",""dataset"":""meta"",""record_id"":""153234148042665"",""update_time"":""2025-01-06T08:00:00.000Z"",""confidence"":0.6214335421016005}]","[{""property"":"""",""dataset"":""FourSquare"",""record_id"":""4b8570d7f964a5201d5e31e3"",""update_time"":""2024-10-30T00:00:00.000"",""confidence"":1.0}]"
"",08f26cbc6b03510003553ce6709596c4,Palio’s Pizza Cafe Midlothian,Palio's Pizza midlothian,29,24,-5,4,3,-1,"151 Walton Way #110",151 Walton Way,Midlothian,TX,gluten_free_restaurant,Dining and Drinking > Restaurant > Pizzeria,0.77,1.0,"[{""property"":"""",""dataset"":""Microsoft"",""record_id"":""2251799819015168"",""update_time"":""2019-02-07T22:12:09.140Z"",""confidence"":0.77}]","[{""property"":"""",""dataset"":""FourSquare"",""record_id"":""5490d15f498eff67ca458729"",""update_time"":""2024-10-13T00:00:00.000"",""confidence"":1.0}]"
"",08f275802d4745a4036f3b1a815dd617,BMO Harris Bank ATM,BMO Harris ATM,19,14,-5,4,3,-1,3859 E Washington Ave,3859 E Washington,Madison,WI,bank_credit_union,Business and Professional Services > Financial Service > Banking and Finance > ATM,0.77,1.0,"[{""property"":"""",""dataset"":""Microsoft"",""record_id"":""2251799813743687"",""update_time"":""2014-03-26T03:43:43.643Z"",""confidence"":0.77}]","[{""property"":"""",""dataset"":""FourSquare"",""record_id"":""5668a64f498e6205ba86f05c"",""update_time"":""2024-10-11T00:00:00.000"",""confidence"":1.0}]"
"",08f2832b85a12b3203fb6b84f25c83de,Windshield Repair Sacramento,Windshield Replacement Sacramento,28,33,5,3,3,0,3420 Harmony Ln,"3420 Harmony Ln #2",Sacramento,CA,auto_glass_service,Business and Professional Services > Automotive Service > Automotive Repair Shop,0.9146576663452266,1.0,"[{""property"":"""",""dataset"":""meta"",""record_id"":""100479015548874"",""update_time"":""2025-01-06T08:00:00.000Z"",""confidence"":0.9146576663452266}]","[{""property"":"""",""dataset"":""FourSquare"",""record_id"":""610502b6b495c47e56a31489"",""update_time"":""2024-10-12T00:00:00.000"",""confidence"":1.0}]"
"",08f2a1008d1b3a8103c4ba07705332c0,The Bridge Golf Foundation,The Bridge Golf Learning Center,26,31,5,4,5,1,33 W 116th St,33 West 116th Street,New York,NY,golf_instructor,Sports and Recreation > Golf > Golf Driving Range,0.9837452982267598,1.0,"[{""property"":"""",""dataset"":""meta"",""record_id"":""1468554783460665"",""update_time"":""2025-01-06T08:00:00.000Z"",""confidence"":0.9837452982267598}]","[{""property"":"""",""dataset"":""FourSquare"",""record_id"":""57939b46498e58862cbfba9b"",""update_time"":""2024-10-14T00:00:00.000"",""confidence"":1.0}]"
"",08f3966534d9dc000361acdf01425035,Boulangerie Darrigrand,Boulangerie Pât. Darrigrand,22,27,5,2,3,1,Rue Berlioz,rue Berlioz,,,bakery,Dining and Drinking > Bakery,0.9445655559015883,1.0,"[{""property"":"""",""dataset"":""meta"",""record_id"":""637633879770965"",""update_time"":""2025-01-06T08:00:00.000Z"",""confidence"":0.9445655559015883}]","[{""property"":"""",""dataset"":""FourSquare"",""record_id"":""090da4b33e7549d073402853"",""update_time"":""2024-09-23T00:00:00.000"",""confidence"":1.0}]"
"",08f444381a58e79b03f8e497300cac10,Natchez Children's Services,Natchez Children's Home Services,27,32,5,3,4,1,815 N Union St,806 N Union St,Natchez,MS,social_service_organizations,Community and Government > Public and Social Service,0.48103896103896104,1.0,"[{""property"":"""",""dataset"":""meta"",""record_id"":""287557546630"",""update_time"":""2025-01-06T08:00:00.000Z"",""confidence"":0.48103896103896104}]","[{""property"":"""",""dataset"":""FourSquare"",""record_id"":""7b8c6f21722f43c634656f8b"",""update_time"":""2024-10-14T00:00:00.000"",""confidence"":1.0}]"
"",08f44a104a50598a032ad870a8bc08da,Advanced Contractors,Advanced Construction Inc,20,25,5,2,3,1,4751 SW 42nd Ter,4751 SW 42nd Ter,Fort Lauderdale,FL,,,0.77,0.77,"[{""property"":"""",""dataset"":""msft"",""record_id"":""1407374887671589"",""update_time"":""2025-01-06T00:00:00.000Z""},{""property"":""/properties/existence"",""dataset"":""msft"",""record_id"":""1125899911543284"",""update_time"":""2025-01-06T00:00:00.000Z""}]","[{""property"":"""",""dataset"":""msft"",""record_id"":""1688849862705350"",""update_time"":""2025-01-06T00:00:00.000Z""}]"
"",08f44a966ad86ae40341ae6d783ab450,AdventHealth Medical Group OB GYN at Deltona,AdventHealth Medical Group GYN Surgery at Deltona,44,49,5,7,7,0,1745 Sterling Silver Blvd Ste 104,1745 Sterling Silver Blvd Ste 104,Deltona,FL,obstetrician_and_gynecologist,women's_health_clinic,0.77,0.77,"[{""property"":"""",""dataset"":""msft"",""record_id"":""844424932698651"",""update_time"":""2025-01-06T00:00:00.000Z""},{""property"":""/properties/existence"",""dataset"":""msft"",""record_id"":""1970324842086184"",""update_time"":""2025-01-06T00:00:00.000Z""},{""property"":""/properties/existence"",""dataset"":""msft"",""record_id"":""1688849864427873"",""update_time"":""2025-01-06T00:00:00.000Z""},{""property"":""/properties/existence"",""dataset"":""msft"",""record_id"":""1688849864424287"",""update_time"":""2025-01-06T00:00:00.000Z""}]","[{""dataset"":""Microsoft"",""record_id"":""1970324842086184"",""update_time"":""2024-12-29T14:04:06.36"",""confidence"":0.77}]"
"",08f49824998a425003760394c03c89c5,Parque Acuático Tephé,Parque Acuático 'El Thepe',21,26,5,3,4,1,"Carr. México Laredo, Km 152, 42323 El Tephé, Hgo.",Carr. México-Laredo Km. 152,Ixmiquilpan,,swimming_pool,Sports and Recreation > Water Sports > Swimming > Swimming Pool,0.7927927927927928,1.0,"[{""property"":"""",""dataset"":""meta"",""record_id"":""188579854545900"",""update_time"":""2025-01-06T08:00:00.000Z"",""confidence"":0.7927927927927928}]","[{""property"":"""",""dataset"":""FourSquare"",""record_id"":""4ba5225af964a520f2e138e3"",""update_time"":""2020-11-23T00:00:00.000"",""confidence"":1.0}]"
"",08fa831a5528368003cb9d0c38305d24,Colégio Estadual Professora Maria Gai Grendel,Colégio Estadual Prof. Maria Gai Grendel,45,40,-5,6,6,0,"Estrada Delegado Bruno de Almeida, 9001","Rua Delegado Bruno De Almeida, 9001 - Caximba",Curitiba,PR,school,Community and Government > Education > Trade School,0.7927927927927928,1.0,"[{""property"":"""",""dataset"":""meta"",""record_id"":""102474124756875"",""update_time"":""2025-01-06T08:00:00.000Z"",""confidence"":0.7927927927927928}]","[{""property"":"""",""dataset"":""FourSquare"",""record_id"":""5527a04a498e8b2e61644127"",""update_time"":""2021-08-16T00:00:00.000"",""confidence"":1.0}]"
"",08fbe8d0165185630322cd439aeeb8e0,Goodyear Autocare Australia,Goodyear Autocare Murrumba Downs,27,32,5,3,4,1,"Common Property 139 Dohles Rocks, 139 Dohles Rocks Rd",1/139 Dohles Rocks Road,Brisbane,QLD,automotive_repair,automotive,0.9837452982267598,0.77,"[{""property"":"""",""dataset"":""meta"",""record_id"":""896669260664503"",""update_time"":""2025-01-06T00:00:00.000Z""}]","[{""property"":"""",""dataset"":""msft"",""record_id"":""562949962683737"",""update_time"":""2025-01-06T00:00:00.000Z""}]"
"",1407374887573410,Locatec Essen - RÜFA,Locatec Düsseldorf - RÜFA,20,25,5,4,4,0,Burgfeld 13-15,Burgfeld 13-15,Velbert,North Rhine-Westphalia,fire_and_water_damage_restoration,fire_and_water_damage_restoration,0.77,0.77,"[{""dataset"":""Microsoft"",""record_id"":""1407374887573410"",""update_time"":""2024-10-07T08:44:28.117"",""confidence"":0.77}]","[{""dataset"":""Microsoft"",""record_id"":""1407374887707290"",""update_time"":""2024-10-07T08:44:32.167"",""confidence"":0.77}]"
"",844424933664824,GRUPPO BOSSONI - Alfa Romeo,Gruppo Bossoni Fiat Professional,27,32,5,5,4,-1,"Via Castelleone, 136",Via Castelleone 136,Cremona,CR,automotive,automotive,0.77,0.77,"[{""dataset"":""Microsoft"",""record_id"":""844424933664824"",""update_time"":""2024-10-14T19:55:08.977"",""confidence"":0.77}]","[{""dataset"":""Microsoft"",""record_id"":""844424934717048"",""update_time"":""2024-10-14T20:57:30.353"",""confidence"":0.77}]"
"",08f1ea3112774572035b62e8259ffacd,Hotel Zanarini,Hotel New Zanarini,14,18,4,2,3,1,"Viale Filippo Corridoni, 16",Viale Corridoni 16,Riccione,45,hotel,Travel and Transportation > Lodging > Hotel,0.9645127118644068,1.0,"[{""property"":"""",""dataset"":""meta"",""record_id"":""325912028110722"",""update_time"":""2025-01-06T08:00:00.000Z"",""confidence"":0.9645127118644068}]","[{""property"":"""",""dataset"":""FourSquare"",""record_id"":""5012ebaae4b0eba4bb8bec10"",""update_time"":""2024-07-03T00:00:00.000"",""confidence"":1.0}]"
"",08f1f1a61b65ea2a033b99f76642dac2,Raab Karcher Building Materials,Raab Karcher Baustoffhandel,31,27,-4,4,3,-1,Muldestraße 41,Muldestr. 41,Zwickau,,building_supply_store,Retail > Hardware Store,0.9895134099616858,1.0,"[{""property"":"""",""dataset"":""meta"",""record_id"":""354494528509063"",""update_time"":""2025-01-06T08:00:00.000Z"",""confidence"":0.9544061302681992},{""property"":""/properties/existence"",""dataset"":""Microsoft"",""record_id"":""562949962261346"",""update_time"":""2024-12-25T03:06:55.767Z"",""confidence"":0.77}]","[{""property"":"""",""dataset"":""FourSquare"",""record_id"":""5658a8ed498ef95a63da6b5d"",""update_time"":""2023-12-21T00:00:00.000"",""confidence"":1.0}]"
"",08f26628d08d4a2d030c4dc286d4b250,Little Jewels - Evergreen,Little Jewels Learning Center,25,29,4,4,4,0,1730 Evergreen Blvd,1730 Evergreen Blvd,Normal,IL,day_care_preschool,preschool,0.9962614185921548,0.77,"[{""property"":"""",""dataset"":""meta"",""record_id"":""101039205093429"",""update_time"":""2025-01-06T00:00:00.000Z""},{""property"":""/properties/existence"",""dataset"":""msft"",""record_id"":""1407374890474421"",""update_time"":""2025-01-06T00:00:00.000Z""},{""property"":""/properties/existence"",""dataset"":""msft"",""record_id"":""1125899907020744"",""update_time"":""2025-01-06T00:00:00.000Z""}]","[{""dataset"":""Microsoft"",""record_id"":""1407374890474421"",""update_time"":""2024-12-17T20:24:48.553"",""confidence"":0.77}]"
"",08f26cb8120b64f203d68aca639d4d4e,Waxahachie Ford Collision,Waxahachie Ford Parts,25,21,-4,3,3,0,2401 N 1-35 E,2401 N 1-35 E,Waxahachie,TX,,auto_parts_and_supply_store,0.77,0.77,"[{""property"":"""",""dataset"":""msft"",""record_id"":""1407374891326292"",""update_time"":""2025-01-06T00:00:00.000Z""},{""property"":""/properties/existence"",""dataset"":""msft"",""record_id"":""1407374890456982"",""update_time"":""2025-01-06T00:00:00.000Z""},{""property"":""/properties/existence"",""dataset"":""msft"",""record_id"":""1407374890456981"",""update_time"":""2025-01-06T00:00:00.000Z""}]","[{""dataset"":""Microsoft"",""record_id"":""1407374890456981"",""update_time"":""2024-12-29T14:53:45.953"",""confidence"":0.77}]"
"",08f2748ba583136103a98b5793ae4f2b,Pooches Parlor,Pooches Dog Parlor,14,18,4,2,3,1,1128 E Grand River Ave,1128 E Grand River Ave Ste A,Portland,MI,pet_groomer,pet_groomer,0.9962614185921548,0.77,"[{""property"":"""",""dataset"":""meta"",""record_id"":""936463366422173"",""update_time"":""2025-01-06T00:00:00.000Z""},{""property"":""/properties/existence"",""dataset"":""msft"",""record_id"":""562949963636355"",""update_time"":""2025-01-06T00:00:00.000Z""}]","[{""dataset"":""Microsoft"",""record_id"":""562949963636355"",""update_time"":""2024-10-20T09:12:12.083"",""confidence"":0.77}]"
"",08f3da11a880352a03e1b552a441aa16,Ebowla Gurgaon,Ebowla Club & BYOB,14,18,4,2,4,2,"Signature Tower Crossing, Near Star Mall, Main, Delhi - Jaipur Expy, Sector 30, Gurugram, Haryana 122001","SIGNATURE TOWER, crossing, Delhi - Jaipur Expy",Gurugram,,dance_club,dance_club,0.3941504178272981,0.9649446494464945,"[{""property"":"""",""dataset"":""meta"",""record_id"":""112512511876606"",""update_time"":""2025-01-06T00:00:00.000Z""}]","[{""property"":"""",""dataset"":""meta"",""record_id"":""148855188303466"",""update_time"":""2025-01-06T00:00:00.000Z""}]"
"",08f41695326f2812035673b147fa47f6,สนามบอลราชภัฏสกลนคร,สนามฟุตบอล ราชภัฏสกลนคร,19,23,4,1,2,1,,,Amphoe Muang Sakhon Nakhon,,topic_concert_venue,Sports and Recreation > Soccer > Soccer Field,0.48103896103896104,1.0,"[{""property"":"""",""dataset"":""meta"",""record_id"":""1126888077437176"",""update_time"":""2025-01-06T08:00:00.000Z"",""confidence"":0.48103896103896104}]","[{""property"":"""",""dataset"":""FourSquare"",""record_id"":""4e772196c65bb91db5168040"",""update_time"":""2020-11-25T00:00:00.000"",""confidence"":1.0}]"
"",08f450a6b2294d5203313bd27e054fe8,Notaría Pública 20,Notaría Pública No. 20,18,22,4,3,4,1,Calle Granada 20,Calle Granada No. 30,Cancún,,notary_public,Business and Professional Services > Financial Service,0.9837452982267598,1.0,"[{""property"":"""",""dataset"":""meta"",""record_id"":""1510972872494826"",""update_time"":""2025-01-06T08:00:00.000Z"",""confidence"":0.9837452982267598}]","[{""property"":"""",""dataset"":""FourSquare"",""record_id"":""4cea9dde9f776ea817ca6922"",""update_time"":""2024-01-03T00:00:00.000"",""confidence"":1.0}]"
"",08f64a0904d64d0c03a2773fc104703e,โรงแรมพชร Patchara Hotel,โรงแรมพชร สุพรรณบุรี,24,20,-4,3,2,-1,,,,,hotel,Travel and Transportation > Lodging > Hotel,0.7927927927927928,1.0,"[{""property"":"""",""dataset"":""meta"",""record_id"":""222360391116617"",""update_time"":""2025-01-06T08:00:00.000Z"",""confidence"":0.7927927927927928}]","[{""property"":"""",""dataset"":""FourSquare"",""record_id"":""4fb62bdce4b0a090cffb2ffb"",""update_time"":""2024-02-07T00:00:00.000"",""confidence"":1.0}]"
"",08f801609924b74a035874ff6e9f846c,Barra do Fortim,Barra - Fortim - Ce,15,19,4,3,5,2,,,,,lighthouse,Arts and Entertainment,0.3941504178272981,1.0,"[{""property"":"""",""dataset"":""meta"",""record_id"":""562245730911786"",""update_time"":""2025-01-06T08:00:00.000Z"",""confidence"":0.39415041782729804}]","[{""property"":"""",""dataset"":""FourSquare"",""record_id"":""53a0bacd498ed181ccacf4de"",""update_time"":""2024-02-28T00:00:00.000"",""confidence"":1.0}]"
"",1407374887100674,Murphy USA,Murphy Express,10,14,4,2,2,0,4448 Sunset Blvd,4448 Sunset Blvd,Lexington,SC,convenience_store,convenience_store,0.77,0.77,"[{""dataset"":""Microsoft"",""record_id"":""1407374887100674"",""update_time"":""2024-12-26T07:33:14.517"",""confidence"":0.77}]","[{""dataset"":""Microsoft"",""record_id"":""562949958711311"",""update_time"":""2019-07-07T13:30:55.19"",""confidence"":0.77}]"
"",08f1126d332248ed03373d1c4f03052a,Hautaustoimisto Mikko Mononen,Hautaustoimisto Mononen Mikko Oy,29,32,3,3,4,1,Liisankatu 25,Liisankatu 25,Helsinki,ES,funeral_services_and_cemeteries,Business and Professional Services > Funeral Home,0.9837452982267598,1.0,"[{""property"":"""",""dataset"":""meta"",""record_id"":""112289173842916"",""update_time"":""2025-01-06T08:00:00.000Z"",""confidence"":0.9837452982267598}]","[{""property"":"""",""dataset"":""FourSquare"",""record_id"":""569afc51498ed8c4de86a415"",""update_time"":""2024-07-11T00:00:00.000"",""confidence"":1.0}]"
"",08f1ea3c4ec222d003c73c090231dece,Santuario di Santa Maria delle Grazie,Santuario Santa Maria Delle Grazie,37,34,-3,6,5,-1,"Viale delle Grazie, 10",Via Delle Grazie 10,Rimini,45,catholic_church,Community and Government > Spiritual Center > Church,0.9544061302681992,1.0,"[{""property"":"""",""dataset"":""meta"",""record_id"":""200112856525370"",""update_time"":""2025-01-06T08:00:00.000Z"",""confidence"":0.9544061302681992}]","[{""property"":"""",""dataset"":""FourSquare"",""record_id"":""4e9010ca722ebb868b890b9c"",""update_time"":""2024-07-03T00:00:00.000"",""confidence"":1.0}]"
"",08f1ec9c434b687503fa4f27961f3e0a,Bahçeşehir Park 1 Evleri,BahçeşehirPark Evleri,24,21,-3,4,2,-2,,,,,accommodation,Community and Government > Residential Building > Apartment or Condo,0.48103896103896104,1.0,"[{""property"":"""",""dataset"":""meta"",""record_id"":""394447987286133"",""update_time"":""2025-01-06T08:00:00.000Z"",""confidence"":0.48103896103896104}]","[{""property"":"""",""dataset"":""FourSquare"",""record_id"":""528537a911d255dd64b340e5"",""update_time"":""2021-08-13T00:00:00.000"",""confidence"":1.0}]"
"",08f1f125b549141a033d8abde11f4d25,Kindel GmbH & Co. KG Blechdruckerei,Kindel GmbH & Co. Blechdruckerei,35,32,-3,6,5,-1,Wittener Straße 238,Wittener Str. 240,Wuppertal,,printing_services,Retail > Print Store,0.9544061302681992,1.0,"[{""property"":"""",""dataset"":""meta"",""record_id"":""134263103398425"",""update_time"":""2025-01-06T08:00:00.000Z"",""confidence"":0.9544061302681992}]","[{""property"":"""",""dataset"":""FourSquare"",""record_id"":""48ef332eb4c34f08b02d3735"",""update_time"":""2024-10-08T00:00:00.000"",""confidence"":1.0}]"
"",08f1fb470dc5cd6303a4cfc2e399bd59,Garage St Nicolas,Garage Saint Nicolas,17,20,3,3,3,0,61 Rue Saint-Nicolas,61 Rue Saint-Nicolas,Maisons-Laffitte,,automotive_repair,Business and Professional Services > Automotive Service > Automotive Repair Shop,0.9467515923566879,1.0,"[{""property"":"""",""dataset"":""meta"",""record_id"":""385518471951013"",""update_time"":""2025-01-06T08:00:00.000Z"",""confidence"":0.9467515923566879}]","[{""property"":"""",""dataset"":""FourSquare"",""record_id"":""5a7493416c08d11501bedb73"",""update_time"":""2024-07-02T00:00:00.000"",""confidence"":1.0}]"
"",08f2644611c0c95603831217603f38cc,Little Italy's Pizzeria,Little Italy's Pizza,23,20,-3,3,3,0,305 W Main St,110 W Main St,Staunton,IL,pizza_restaurant,Dining and Drinking > Restaurant > Pizzeria,0.9837452982267598,1.0,"[{""property"":"""",""dataset"":""meta"",""record_id"":""110754205653104"",""update_time"":""2025-01-06T08:00:00.000Z"",""confidence"":0.9837452982267598}]","[{""property"":"""",""dataset"":""FourSquare"",""record_id"":""f478f9af9fe2404543eba5e0"",""update_time"":""2024-10-11T00:00:00.000"",""confidence"":1.0}]"
"",08f26c86dbb757a203af584aa088e51f,Apollo Machine Tool Services,Apollo Machine Tool Service Inc,28,31,3,4,5,1,612 N Great Southwest Pkwy,612 N Great Southwest Pkwy,Arlington,TX,engineering_services,b2b_equipment_maintenance_and_repair,0.9918379237288135,0.77,"[{""property"":"""",""dataset"":""meta"",""record_id"":""158643670836907"",""update_time"":""2025-01-06T00:00:00.000Z""},{""property"":""/properties/existence"",""dataset"":""msft"",""record_id"":""562949966507029"",""update_time"":""2025-01-06T00:00:00.000Z""},{""property"":""/properties/existence"",""dataset"":""msft"",""record_id"":""562949960408481"",""update_time"":""2025-01-06T00:00:00.000Z""}]","[{""dataset"":""Microsoft"",""record_id"":""562949960408481"",""update_time"":""2024-09-13T19:43:22.267"",""confidence"":0.77}]"
"",08f289eb6a80c0aa03adb21d855f66d3,Highway 93 RV,Highway RV,13,10,-3,3,2,-1,1345 US Highway 93 N,1345 US Highway 93 N Stop 6,Victor,MT,recreation_vehicle_repair,,0.9837452982267598,1.0,"[{""property"":"""",""dataset"":""meta"",""record_id"":""2249892838384489"",""update_time"":""2025-01-06T08:00:00.000Z"",""confidence"":0.9837452982267598}]","[{""property"":"""",""dataset"":""FourSquare"",""record_id"":""b8dc8f740cfd43b853fd9d9d"",""update_time"":""2024-10-15T00:00:00.000"",""confidence"":1.0}]"
"",08f29a401d62442903fec68faae96b67,Structural and Materials Engineering Building,Structural and Materials Engineering (SME),45,42,-3,5,5,0,9500 Gilman Dr,9500 Gilman Dr,San Diego,CA,college_university,Community and Government > Education > College and University > College Engineering Building,0.9645127118644068,1.0,"[{""property"":"""",""dataset"":""meta"",""record_id"":""309595515814052"",""update_time"":""2025-01-06T08:00:00.000Z"",""confidence"":0.9645127118644068}]","[{""property"":"""",""dataset"":""FourSquare"",""record_id"":""507b4f88e4b0b5e920f063f9"",""update_time"":""2024-10-25T00:00:00.000"",""confidence"":1.0}]"
"",08f2b9bc7517404003d5dc9fe0857b67,Mega City Drains Plumbing & Heating,Mega City Drain & Plumbing And Heating,35,38,3,6,7,1,16 Cosburn Ave,16 Cosburn Ave,Toronto,ON,plumbing,Retail > Construction Supplies Store,0.23154848046309695,1.0,"[{""property"":"""",""dataset"":""meta"",""record_id"":""677902172356478"",""update_time"":""2025-01-06T08:00:00.000Z"",""confidence"":0.23154848046309695}]","[{""property"":"""",""dataset"":""FourSquare"",""record_id"":""55a7ff35498e94c662169956"",""update_time"":""2024-10-07T00:00:00.000"",""confidence"":1.0}]"
"",08f2e2b4425b4319038bddb1c30b7b38,なかすっ娘一番町店,なかすっ娘 仙台一番町店,9,12,3,1,2,1,青葉区一番町4丁目3-28,青葉区一番町4-3-28,,,japanese_restaurant,Dining and Drinking > Bar > Sake Bar,0.9544061302681992,1.0,"[{""property"":"""",""dataset"":""meta"",""record_id"":""165352266998553"",""update_time"":""2025-01-06T08:00:00.000Z"",""confidence"":0.9544061302681992}]","[{""property"":"""",""dataset"":""FourSquare"",""record_id"":""5284a56f498e7b97a47f4940"",""update_time"":""2024-10-31T00:00:00.000"",""confidence"":1.0}]"
"",08f2f5aad8571cc003ec4c15ae9307de,日本貿易振興機構・ジェトロ,日本貿易振興機構 (JETRO),13,16,3,1,2,1,東京都港区赤坂１丁目１２−３２,赤坂1-12-32,港区,,central_government_office,Community and Government > Government Building,0.9544061302681992,1.0,"[{""property"":"""",""dataset"":""meta"",""record_id"":""170407552989248"",""update_time"":""2025-01-06T08:00:00.000Z"",""confidence"":0.9544061302681992}]","[{""property"":"""",""dataset"":""FourSquare"",""record_id"":""4bd78d255cf276b06ca09b00"",""update_time"":""2021-08-14T00:00:00.000"",""confidence"":1.0}]"
"",08f39440da903472032498aa261a5743,Chapas y Maderas José Mª Ribas,Chapas y Maderas José María Ribas,30,33,3,6,6,0,"Carrer de la Segarra, 30","Carrer de la Segarra, 30 Bajo",Castellar del Vallès,,construction_services,Retail > Construction Supplies Store,0.7927927927927928,1.0,"[{""property"":"""",""dataset"":""meta"",""record_id"":""593452637473167"",""update_time"":""2025-01-06T08:00:00.000Z"",""confidence"":0.7927927927927928}]","[{""property"":"""",""dataset"":""FourSquare"",""record_id"":""4d14ef7e218c4371b7ecae82"",""update_time"":""2024-06-13T00:00:00.000"",""confidence"":1.0}]"
"",08f48e5b656d2c2303257e206ee3119d,San Benito Su Ferreteria,SAN BENITO Ferretería,24,21,-3,4,3,-1,Veracruz,Veracruz,Hermosillo,,hardware_store,Retail > Hardware Store,0.28671328671328666,1.0,"[{""property"":"""",""dataset"":""meta"",""record_id"":""646174788763824"",""update_time"":""2025-01-06T08:00:00.000Z"",""confidence"":0.2867132867132867}]","[{""property"":"""",""dataset"":""FourSquare"",""record_id"":""4ec54ac382313b6730489602"",""update_time"":""2024-08-26T00:00:00.000"",""confidence"":1.0}]"
"",08f49958590226ad0369f595d21e2bef,Parroquia de Nuestra Senora de la Esperanza,Parroquia Nuestra Señora de la Esperanza,43,40,-3,7,6,-1,Avenida Popocatépetl 190,Eje 8 Sur Popocatepetl,Benito Juárez,,church_cathedral,Community and Government > Spiritual Center > Church,0.9837452982267598,1.0,"[{""property"":"""",""dataset"":""meta"",""record_id"":""188247501283016"",""update_time"":""2025-01-06T08:00:00.000Z"",""confidence"":0.9837452982267598}]","[{""property"":"""",""dataset"":""FourSquare"",""record_id"":""4c4f6fa192b6a593e0e08b71"",""update_time"":""2023-12-20T00:00:00.000"",""confidence"":1.0}]"
"",08f4995b8d5a894e03e841aa316ed5a7,Ingram Micro México Sa De Cv,Ingram Micro México CEDIM,28,25,-3,6,4,-2,Privada 16 de Septiembre 175,Av. 16 de Septiembre No. 225,Azcapotzalco,CMX,professional_services,Retail > Computers and Electronics Retail > Electronics Store,0.6214335421016005,1.0,"[{""property"":"""",""dataset"":""meta"",""record_id"":""201681603198886"",""update_time"":""2025-01-06T08:00:00.000Z"",""confidence"":0.6214335421016005}]","[{""property"":"""",""dataset"":""FourSquare"",""record_id"":""4c88228d944e224bdb101a85"",""update_time"":""2021-08-11T00:00:00.000"",""confidence"":1.0}]"
"",08f49b6c4449a47203ad3ec666816735,Iglesia Santiago Apóstol,Iglesia De Santiago Apostol,24,27,3,3,4,1,Callejón Porfirio Díaz 65,Centro,Santiago Pinotepa Nacional,,religious_organization,Community and Government > Spiritual Center > Church,0.9645127118644068,1.0,"[{""property"":"""",""dataset"":""meta"",""record_id"":""103930145033776"",""update_time"":""2025-01-06T08:00:00.000Z"",""confidence"":0.9645127118644068}]","[{""property"":"""",""dataset"":""FourSquare"",""record_id"":""500f5b72e4b087e8b8f37358"",""update_time"":""2021-12-20T00:00:00.000"",""confidence"":1.0}]"
"",08fa81008c25d6b2034056ee927c5840,pizzaria nunes,Pizzaria DE,14,11,-3,2,2,0,"Avenida Morais Costa, 714",Avenida Morais Costa,São Paulo,SP,pizza_restaurant,Dining and Drinking > Restaurant > Pizzeria,0.23154848046309695,1.0,"[{""property"":"""",""dataset"":""meta"",""record_id"":""111951295062424"",""update_time"":""2025-01-06T08:00:00.000Z"",""confidence"":0.23154848046309695}]","[{""property"":"""",""dataset"":""FourSquare"",""record_id"":""512a259be4b0701b376912ff"",""update_time"":""2021-08-11T00:00:00.000"",""confidence"":1.0}]"
"",1407374888286645,Service Department Ken Garff Honda of Orem,Service Department at Ken Garff Honda of Orem,42,45,3,7,8,1,195 E University Pwy.,195 E University Pwy.,Orem,UT,auto_restoration_services,auto_restoration_services,0.77,0.77,"[{""dataset"":""Microsoft"",""record_id"":""1407374888286645"",""update_time"":""2021-10-23T20:08:23.55"",""confidence"":0.77}]","[{""dataset"":""Microsoft"",""record_id"":""844424933534061"",""update_time"":""2024-12-23T23:24:39.62"",""confidence"":0.77}]"
"",08f1ea40447a59b2039b146d6f3ddbfe,Studio Dentistico Dr. Tonti,Studio Dentistico Dott. Tonti,27,29,2,4,4,0,"Via Baccarini, 21","Via Baccarini, 21",Schio,VI,dentist,Health and Medicine > Dentist,0.77,1.0,"[{""property"":"""",""dataset"":""Microsoft"",""record_id"":""562949964344609"",""update_time"":""2024-10-09T17:07:37.000Z"",""confidence"":0.77}]","[{""property"":"""",""dataset"":""FourSquare"",""record_id"":""51c2c15e498ee4683829347b"",""update_time"":""2024-07-03T00:00:00.000"",""confidence"":1.0}]"
"",08f1f852314e30580373a86cedf0b53a,Médiathèque De Seltz,Médiathèque municipale,20,22,2,3,2,-1,2 Avenue du Général Schneider,2 avenue du Général Schneider,Seltz,,library,Community and Government > Library,0.9837452982267598,1.0,"[{""property"":"""",""dataset"":""meta"",""record_id"":""1405509863052634"",""update_time"":""2025-01-06T08:00:00.000Z"",""confidence"":0.9837452982267598}]","[{""property"":"""",""dataset"":""FourSquare"",""record_id"":""742a955fa2df4694bbae6746"",""update_time"":""2024-07-03T00:00:00.000"",""confidence"":1.0}]"
"",08f1fa37594d3d950337aa2b2f0f456e,Kreissparkasse Saarlouis - Geldautomat,Kreissparkasse Saarlouis - SB-Stelle,38,36,-2,4,4,0,Schaumbergstr. 110,Schaumbergstr. 110,Lebach,Saarland,bank_credit_union,bank_credit_union,0.77,0.77,"[{""property"":"""",""dataset"":""msft"",""record_id"":""562949965834443"",""update_time"":""2025-01-06T00:00:00.000Z""},{""property"":""/properties/existence"",""dataset"":""msft"",""record_id"":""562949955793316"",""update_time"":""2025-01-06T00:00:00.000Z""},{""property"":""/properties/existence"",""dataset"":""msft"",""record_id"":""562949955793024"",""update_time"":""2025-01-06T00:00:00.000Z""}]","[{""dataset"":""Microsoft"",""record_id"":""562949955793316"",""update_time"":""2024-10-02T07:59:40.66"",""confidence"":0.77}]"
"",08f1fb69595b16830343d2cc97ecf07f,SAFAK Cuisines DREUX,Safak Cuisines Cobatex,20,22,2,3,3,0,2B Chemin de Blainville,2 chemin de Blainville,Vernouillet,,furniture_store,,0.9837452982267598,1.0,"[{""property"":"""",""dataset"":""meta"",""record_id"":""1275836989182106"",""update_time"":""2025-01-06T08:00:00.000Z"",""confidence"":0.9837452982267598}]","[{""property"":"""",""dataset"":""FourSquare"",""record_id"":""1e09385eccdd4f595a5d2a49"",""update_time"":""2024-07-03T00:00:00.000"",""confidence"":1.0}]"
"",08f264d112a369ae0345476d0ce832cf,St. Ann Catholic Church,St. Ann's Catholic School,23,25,2,4,4,0,5101 Charlotte Ave,5105 Charlotte,Nashville,TN,catholic_church,Community and Government > Education,0.9837452982267598,1.0,"[{""property"":"""",""dataset"":""meta"",""record_id"":""174431106404008"",""update_time"":""2025-01-06T08:00:00.000Z"",""confidence"":0.9837452982267598}]","[{""property"":"""",""dataset"":""FourSquare"",""record_id"":""4e24358e7d8b71715bc61736"",""update_time"":""2024-10-15T00:00:00.000"",""confidence"":1.0}]"
"",08f29a0993196b6903be6556ae6d92e6,Ranch Muffler and Truck Accessories,Ranch Muffler & Truck Accessories Inc,35,37,2,5,6,1,27495 Commerce Center Dr,27495 Commerce Center Dr Ste A,Temecula,CA,automotive_parts_and_accessories,b2b_truck_equipment_parts_and_accessories,0.997898979043525,0.77,"[{""property"":"""",""dataset"":""meta"",""record_id"":""147331689186341"",""update_time"":""2025-01-06T00:00:00.000Z""},{""property"":""/properties/existence"",""dataset"":""msft"",""record_id"":""562949957491711"",""update_time"":""2025-01-06T00:00:00.000Z""}]","[{""dataset"":""Microsoft"",""record_id"":""562949957491711"",""update_time"":""2024-11-14T14:18:21.33"",""confidence"":0.77}]"
"",08f2b03aedc8bc290302e14c4855106d,Glass Chek and Hardware,Glass chek & hardware Ltd,23,25,2,4,5,1,12 Roscoe Dr,12 Roscoe Dr,Kentville,NS,auto_glass_service,window_supplier,0.9918379237288135,0.77,"[{""property"":"""",""dataset"":""meta"",""record_id"":""579740352178922"",""update_time"":""2025-01-06T00:00:00.000Z""},{""property"":""/properties/existence"",""dataset"":""msft"",""record_id"":""562949966252182"",""update_time"":""2025-01-06T00:00:00.000Z""}]","[{""dataset"":""Microsoft"",""record_id"":""562949966252182"",""update_time"":""2024-11-27T18:21:55.37"",""confidence"":0.77}]"
"",08f2f5b88980dcc003698ae140ea2a9a,Itto個別指導学院 神奈川大井松田,ITTO個別指導学院 大井松田校,18,16,-2,2,2,0,神奈川県足柄上郡大井町金手１２−４,足柄上郡大井町金手12-4,足柄上郡大井町,,education,specialty_school,0.9895134099616858,0.77,"[{""property"":"""",""dataset"":""meta"",""record_id"":""110313627313777"",""update_time"":""2025-01-06T00:00:00.000Z""},{""property"":""/properties/existence"",""dataset"":""msft"",""record_id"":""562949965774572"",""update_time"":""2025-01-06T00:00:00.000Z""}]","[{""dataset"":""Microsoft"",""record_id"":""562949965774572"",""update_time"":""2024-12-20T06:32:31.14"",""confidence"":0.77}]"
"",08f344ca533ad7420397c7c967bcd5c0,Club Torso Gay Hotels & Resorts,Club Torso Gay Resort & Hotel,31,29,-2,6,6,0,Avenida Touroperador Kuoni 8,Avenida Touroperador Kuoni 46,Maspalomas,Las Palmas,resort,Travel and Transportation > Lodging > Resort,0.77,1.0,"[{""property"":"""",""dataset"":""Microsoft"",""record_id"":""1688849864098860"",""update_time"":""2024-07-15T19:50:21.267Z"",""confidence"":0.77}]","[{""property"":"""",""dataset"":""FourSquare"",""record_id"":""50a28ba7e4b0f0dfd0856730"",""update_time"":""2024-02-07T00:00:00.000"",""confidence"":1.0}]"
"",08f396c2c4249a520347928006517d47,BIOCOOP Coustellet Maubec,BIOCOOP Cultures Bio Maubec,25,27,2,3,4,1,320b Route de Cavaillon,320 B route de Cavaillon,Maubec,,organic_grocery_store,Retail > Food and Beverage Retail > Grocery Store > Organic Grocery,0.9837452982267598,1.0,"[{""property"":"""",""dataset"":""meta"",""record_id"":""1512442565714575"",""update_time"":""2025-01-06T08:00:00.000Z"",""confidence"":0.9837452982267598}]","[{""property"":"""",""dataset"":""FourSquare"",""record_id"":""60ed5d1b913ed5120364c3e1"",""update_time"":""2024-09-07T00:00:00.000"",""confidence"":1.0}]"
"",08f481270588895403e4355b3c793f94,Pasteles D' Súsan,Pastelería D' Susan,17,19,2,3,3,0,Calle del Parque 145,Ave Del Parque 145,Gómez Palacio,,desserts,Dining and Drinking > Dessert Shop > Pie Shop,0.9253962118283726,1.0,"[{""property"":"""",""dataset"":""meta"",""record_id"":""1497549267165809"",""update_time"":""2025-01-06T08:00:00.000Z"",""confidence"":0.9253962118283726}]","[{""property"":"""",""dataset"":""FourSquare"",""record_id"":""57452d8b498e5b02527d1f27"",""update_time"":""2023-12-22T00:00:00.000"",""confidence"":1.0}]"
"",08f499da855b670a0351e3cfe7a96284,Tortería Mi Feo,Tortas Mi Feo,15,13,-2,3,3,0,Calzada de Guadalupe 7,Mercado Tangamanga B-14,San Luis Potosí,SLP,food_stand,Dining and Drinking > Restaurant > Mexican Restaurant,0.9467515923566879,1.0,"[{""property"":"""",""dataset"":""meta"",""record_id"":""1092232700813481"",""update_time"":""2025-01-06T08:00:00.000Z"",""confidence"":0.9467515923566879}]","[{""property"":"""",""dataset"":""FourSquare"",""record_id"":""4e371b0caeb7c8fe316e3ed7"",""update_time"":""2020-11-24T00:00:00.000"",""confidence"":1.0}]"
"",08f4a26190820480038552c3422fe112,沖縄そば 地酒和々,沖縄そば 和々,9,7,-2,2,2,0,沖縄県那覇市首里寒川町２丁目７９−８,首里寒川町2-79-8,那覇市,,japanese_restaurant,Dining and Drinking > Restaurant > Asian Restaurant > Noodle Restaurant,0.9837452982267598,1.0,"[{""property"":"""",""dataset"":""meta"",""record_id"":""103082634484766"",""update_time"":""2025-01-06T08:00:00.000Z"",""confidence"":0.9837452982267598}]","[{""property"":"""",""dataset"":""FourSquare"",""record_id"":""5cb6b225d4cc98002ca4c4d9"",""update_time"":""2024-08-07T00:00:00.000"",""confidence"":1.0}]"
"",08f64a4151c8d85e039fadef6c32aed2,สนามฟุตบอลกอล์ฟวิว,สนามฟุตบอล Golf View,18,20,2,1,3,2,,,,,soccer_field,Sports and Recreation > Soccer > Soccer Field,0.3941504178272981,1.0,"[{""property"":"""",""dataset"":""meta"",""record_id"":""258036144213246"",""update_time"":""2025-01-06T08:00:00.000Z"",""confidence"":0.39415041782729804}]","[{""property"":"""",""dataset"":""FourSquare"",""record_id"":""530dcafe498e7be4f0639ba2"",""update_time"":""2020-11-23T00:00:00.000"",""confidence"":1.0}]"
"",08f6d23b1c0e0528036e8005470f0d09,Don Pancho Barber Studio,Don Pancho Barber Shop,24,22,-2,4,4,0,Francisco I. Madero 23,,San Cristóbal de las Casas,,beauty_salon,Business and Professional Services > Health and Beauty Service > Hair Salon,0.9837452982267598,1.0,"[{""property"":"""",""dataset"":""meta"",""record_id"":""106821844731910"",""update_time"":""2025-01-06T08:00:00.000Z"",""confidence"":0.9837452982267598}]","[{""property"":"""",""dataset"":""FourSquare"",""record_id"":""617b00386d1f8d4eedb8f780"",""update_time"":""2021-10-28T00:00:00.000"",""confidence"":1.0}]"
"",08fa810c0b8162210323acfef0469761,Vanessa Brito Hair,Vanessa Brito Studio,18,20,2,3,3,0,"Rua Benjamin Constant, 61","Rua Benjamin Constant, 61 - Sala 409",São Vicente,SP,hair_salon,Business and Professional Services > Health and Beauty Service,0.9385113268608414,1.0,"[{""property"":"""",""dataset"":""meta"",""record_id"":""921582451238680"",""update_time"":""2025-01-06T08:00:00.000Z"",""confidence"":0.9385113268608414}]","[{""property"":"""",""dataset"":""FourSquare"",""record_id"":""639dd69cce276d14277561ca"",""update_time"":""2022-12-17T00:00:00.000"",""confidence"":1.0}]"
"",2251799818555093,Service King Collision Repair South Ft. Worth,Service King Collision Repair of South Ft Worth,45,47,2,7,8,1,9601 South Fwy,9601 South Fwy,Fort Worth,TX,brake_service_and_repair,brake_service_and_repair,0.77,0.77,"[{""dataset"":""Microsoft"",""record_id"":""2251799818555093"",""update_time"":""2016-03-09T18:46:43.71"",""confidence"":0.77}]","[{""dataset"":""Microsoft"",""record_id"":""844424932256941"",""update_time"":""2019-05-11T01:40:11.287"",""confidence"":0.77}]"
"",281474980655201,"City View Plumbing, HVAC & Water Conditioning","City View Plumbing, Heating, & Air Conditioning",45,47,2,7,7,0,1880 W Wayzata Blvd,1880 W Wayzata Blvd,Long Lake,MN,hair_salon,hvac_services,0.77,0.77,"[{""dataset"":""Microsoft"",""record_id"":""281474980655201"",""update_time"":""2024-12-09T13:20:05.873"",""confidence"":0.77}]","[{""dataset"":""Microsoft"",""record_id"":""562949963778585"",""update_time"":""2024-08-22T16:12:10.857"",""confidence"":0.77}]"
"",08f1e880c6d2a21a03dad9931d6666c6,Black Box Bari,Black Box Store,14,15,1,3,3,0,"Via Niccolò Piccinni, 68",via Niccolò Piccinni 68,Bari,75,clothing_store,Retail > Fashion Retail > Clothing Store,0.9253962118283726,1.0,"[{""property"":"""",""dataset"":""meta"",""record_id"":""100200722888025"",""update_time"":""2025-01-06T08:00:00.000Z"",""confidence"":0.9253962118283726}]","[{""property"":"""",""dataset"":""FourSquare"",""record_id"":""635658c306595025cb144248"",""update_time"":""2024-07-03T00:00:00.000"",""confidence"":1.0}]"
"",08f1e9a0521abccc033a2bb3a8fe12ee,Perrone Giuseppe,Perrone Traslochi,16,17,1,2,2,0,"Via Giovanni Aurispa, 74","Via Giovanni Aurispa, 74",Palermo,82,movers,Travel and Transportation > Transportation Service,0.9146576663452266,1.0,"[{""property"":"""",""dataset"":""meta"",""record_id"":""804787659566808"",""update_time"":""2025-01-06T08:00:00.000Z"",""confidence"":0.9146576663452266}]","[{""property"":"""",""dataset"":""FourSquare"",""record_id"":""5ada07f3b6eedb7b02f10853"",""update_time"":""2024-02-07T00:00:00.000"",""confidence"":1.0}]"
"",08f1f16052a4c36e037e498aedcad7cf,Euregio Immobilien Thorsten Deitel,Euregio Immobilien Uwe Hardt e.K.,34,33,-1,4,5,1,Bentheimer Straße 21,Bentheimer Str. 21,Schüttorf,,real_estate,Business and Professional Services > Real Estate Service > Property Management Office,0.9467515923566879,1.0,"[{""property"":"""",""dataset"":""meta"",""record_id"":""169937890427999"",""update_time"":""2025-01-06T08:00:00.000Z"",""confidence"":0.9467515923566879}]","[{""property"":"""",""dataset"":""FourSquare"",""record_id"":""7319422de43a4e41b8b1dd71"",""update_time"":""2024-10-08T00:00:00.000"",""confidence"":1.0}]"
"",08f1f204d50c3a4a036f3e1b5e6bfa86,Kinastumper.dk,Kinastumper ApS,14,15,1,1,2,1,Ringsøvej 33C,Ringsøvej 33 C,Ryomgård,82,motorcycle_repair,Business and Professional Services > Automotive Service > Automotive Repair Shop,0.3941504178272981,1.0,"[{""property"":"""",""dataset"":""meta"",""record_id"":""766487700085098"",""update_time"":""2025-01-06T08:00:00.000Z"",""confidence"":0.39415041782729804}]","[{""property"":"""",""dataset"":""FourSquare"",""record_id"":""cf62507960b34c2673465298"",""update_time"":""2023-07-19T00:00:00.000"",""confidence"":1.0}]"
"",08f1f9b089cf330d03b9a3ab6ad274ba,Giudice di Pace di Genova,Giudice di pace - Genova,25,24,-1,5,5,0,"Via Edmondo De Amicis, 2",Via Edmondo de Amicis 2,Genova,42,public_service_and_government,Community and Government > Government Building > Courthouse,0.9645127118644068,1.0,"[{""property"":"""",""dataset"":""meta"",""record_id"":""149151438473236"",""update_time"":""2025-01-06T08:00:00.000Z"",""confidence"":0.9645127118644068}]","[{""property"":"""",""dataset"":""FourSquare"",""record_id"":""4f7e8d5de4b06aeda2c3c471"",""update_time"":""2024-07-03T00:00:00.000"",""confidence"":1.0}]"
"",08f1fa905cad86140332d3765d06ced0,MC Goblins Münchberg,MC Goblins Clubhaus,20,19,-1,3,3,0,Bahnhof 2,Bahnhof 2,Münchberg,,speakeasy,Community and Government > Organization > Club House,0.28671328671328666,1.0,"[{""property"":"""",""dataset"":""meta"",""record_id"":""118164461313893"",""update_time"":""2025-01-06T08:00:00.000Z"",""confidence"":0.2867132867132867}]","[{""property"":"""",""dataset"":""FourSquare"",""record_id"":""6664de9d1c48f1213974af63"",""update_time"":""2024-11-09T00:00:00.000"",""confidence"":1.0}]"
"",08f2ab2c140c5d5103992fa68fe3e10f,DaVita Cornerstone At Home,Davita Cornerstone Dialysis,26,27,1,4,3,-1,23857 Greenfield Rd,23857 Greenfield Rd.,Southfield,MI,dialysis_clinic,Health and Medicine > Medical Center,0.77,1.0,"[{""property"":"""",""dataset"":""Microsoft"",""record_id"":""562949965582321"",""update_time"":""2024-01-18T06:17:44.290Z"",""confidence"":0.77}]","[{""property"":"""",""dataset"":""FourSquare"",""record_id"":""4d2afcc455a8b60cd5c8e3c0"",""update_time"":""2024-05-22T00:00:00.000"",""confidence"":1.0}]"
"",08f6511b20d0a8e3037c00308b98eef7,Mr Mobile Care Specialist - MR4,Mr Mobile Care Specialist (Hq),31,30,-1,6,5,-1,"Lot 5510,Ground Floor","LOT 5510,GROUND FLOOR,",,,mobile_phone_store,Retail > Computers and Electronics Retail > Mobile Phone Store,0.28671328671328666,1.0,"[{""property"":"""",""dataset"":""meta"",""record_id"":""104789905538959"",""update_time"":""2025-01-06T08:00:00.000Z"",""confidence"":0.2867132867132867}]","[{""property"":"""",""dataset"":""FourSquare"",""record_id"":""6254388b2d6756132c10c707"",""update_time"":""2022-04-11T00:00:00.000"",""confidence"":1.0}]"
"",08f6589061ab57800347306911af07cc,ท่ารถตู้ประจวบ-กรุงเทพ,ท่ารถตู้ ประจวบ-ชุมพร,22,21,-1,1,2,1,,,,,bus_station,Travel and Transportation > Transport Hub > Bus Station,0.28686635944700467,1.0,"[{""property"":"""",""dataset"":""meta"",""record_id"":""154019334796143"",""update_time"":""2025-01-06T08:00:00.000Z"",""confidence"":0.2868663594470046}]","[{""property"":"""",""dataset"":""FourSquare"",""record_id"":""53afcc4b498eec2a46c9a704"",""update_time"":""2020-11-21T00:00:00.000"",""confidence"":1.0}]"
"",08fa8100ca28064003968b5363ce2e31,Assembleia de Deus - Casa Verde,Assembléia de Deus da Casa Verde,31,32,1,6,6,0,"Rua Valdemar Martins, 557","Rua Valdemar martins, 495",São Paulo,SP,pentecostal_church,Community and Government > Spiritual Center > Church,0.7927927927927928,1.0,"[{""property"":"""",""dataset"":""meta"",""record_id"":""184133138346141"",""update_time"":""2025-01-06T08:00:00.000Z"",""confidence"":0.7927927927927928}]","[{""property"":"""",""dataset"":""FourSquare"",""record_id"":""4e5a9093cc3f85b29cb27836"",""update_time"":""2024-01-03T00:00:00.000"",""confidence"":1.0}]"
"",1125899910365762,911 Restoration (Riverside County),911 Restoration of Riverside County,34,35,1,4,5,1,1451 Rimpau Ave Ste 105,1451 Rimpau Ave Ste 105,CORONA,CA,fire_and_water_damage_restoration,fire_and_water_damage_restoration,0.77,0.77,"[{""dataset"":""Microsoft"",""record_id"":""1125899910365762"",""update_time"":""2023-05-04T20:10:44.313"",""confidence"":0.77}]","[{""dataset"":""Microsoft"",""record_id"":""562949960455291"",""update_time"":""2023-07-10T03:58:14.58"",""confidence"":0.77}]"
"",562949961114758,WEISSER RING e.V. - Außenstelle Schaumburg,WEISSER RING e.V. - Außenstelle Delmenhorst,42,43,1,6,6,0,Georgswall 3,Georgswall 3,Hannover,Lower Saxony,organization,organization,0.77,0.77,"[{""dataset"":""Microsoft"",""record_id"":""562949961114758"",""update_time"":""2024-01-10T23:52:50.677"",""confidence"":0.77}]","[{""dataset"":""Microsoft"",""record_id"":""562949961114925"",""update_time"":""2024-01-10T23:53:10.097"",""confidence"":0.77}]"
"",08f11aa78c7ad0e5034e75b4b7abd882,Коллегия адвокатов г. Москвы «ЭксЛедж»,Коллегия адвокатов «ЭксЛедж» г. Москва,38,38,0,5,5,0,улица Большие Каменщики 2,"улица Большие Каменщики, 2",Москва,,lawyer,Business and Professional Services > Legal Service > Law Office,0.2009132420091324,1.0,"[{""property"":"""",""dataset"":""meta"",""record_id"":""263302187447711"",""update_time"":""2025-01-06T08:00:00.000Z"",""confidence"":0.2009132420091324}]","[{""property"":"""",""dataset"":""FourSquare"",""record_id"":""6063116f01db685d4fd4fd05"",""update_time"":""2024-01-03T00:00:00.000"",""confidence"":1.0}]"
"",08f11aa7a1a188c003ef4bcf54a8e1a6,Детская городская клиническая больница 9 имени Сперанского Г.Н.,Детская городская клиническая больница № 9 им. Г.Н. Сперанского,63,63,0,8,9,1,Шмитовский проезд 29 корп 7,"Шмитовский пр., 29",Москва,,health_and_medical,Health and Medicine > Hospital,0.7927927927927928,1.0,"[{""property"":"""",""dataset"":""meta"",""record_id"":""349661745486647"",""update_time"":""2025-01-06T08:00:00.000Z"",""confidence"":0.7927927927927928}]","[{""property"":"""",""dataset"":""FourSquare"",""record_id"":""4cee54907b94370464cf2c53"",""update_time"":""2024-04-16T00:00:00.000"",""confidence"":1.0}]"
"",08f30d9a464a62c003c76c85072df561,新宮町役場 シーオーレ新宮社会教育課,新宮町役場 シーオーレ新宮歴史資料館,18,18,0,2,2,0,新宮町大字下府425-1 ,新宮町大字下府425-1 シーオーレ新宮,Sue-machi Kasuya-gun,40,community_services_non_profits,Community and Government > Library,0.48103896103896104,1.0,"[{""property"":"""",""dataset"":""meta"",""record_id"":""593742107483013"",""update_time"":""2025-01-06T08:00:00.000Z"",""confidence"":0.48103896103896104}]","[{""property"":"""",""dataset"":""FourSquare"",""record_id"":""8f9e31346d0b454522fe6d0e"",""update_time"":""2024-08-07T00:00:00.000"",""confidence"":1.0}]"
"",08f499da81376a8e035b83643df59654,Auto Técnica Medellín,Automecanica Medellin,21,21,0,3,2,-1,Avenida Fray Diego de la Magdalena 1721,Calzada Fray Diego de la Magdalena 1721,San Luis Potosí,SLP,automotive_repair,Business and Professional Services > Automotive Service > Automotive Repair Shop,0.9146576663452266,1.0,"[{""property"":"""",""dataset"":""meta"",""record_id"":""291741377655880"",""update_time"":""2025-01-06T08:00:00.000Z"",""confidence"":0.9146576663452266}]","[{""property"":"""",""dataset"":""FourSquare"",""record_id"":""780ae111420e4e2ef039d861"",""update_time"":""2023-12-08T00:00:00.000"",""confidence"":1.0}]"
"",08f60a25956e9c320304addce950be4d,Real Estate Profile1 - Local,Real Estate Profile1 - Suite,28,28,0,5,5,0,1766 Palo Verde Ave,1766 Palo Verde Ave,East Palo Alto,CA,automotive,building_supply_store,0.77,0.77,"[{""property"":"""",""dataset"":""msft"",""record_id"":""1407374890915427"",""update_time"":""2025-01-06T00:00:00.000Z""}]","[{""property"":"""",""dataset"":""msft"",""record_id"":""1407374891368766"",""update_time"":""2025-01-06T00:00:00.000Z""}]"
"",08f64a4b1341830903f21fe23c56b6d4,กิตติเวชภัณฑ์,กิตติเวชเภสัช,13,13,0,1,1,0,  ถนน พิษณุโลก ,Phitsanulok Rd,Bangkok,,pharmacy,Retail > Pharmacy,0.3941504178272981,1.0,"[{""property"":"""",""dataset"":""meta"",""record_id"":""609445026057386"",""update_time"":""2025-01-06T08:00:00.000Z"",""confidence"":0.39415041782729804}]","[{""property"":"""",""dataset"":""FourSquare"",""record_id"":""5a8081b26bdee61a7bf3922c"",""update_time"":""2024-02-07T00:00:00.000"",""confidence"":1.0}]"
"",08fa90e2a5492ac0037ab3c57ff4f525,Carlos Alberto  Hair Stylist,Carlos Alberto Hair Stailyst,28,28,0,5,4,-1,,,,,beauty_and_spa,Business and Professional Services > Health and Beauty Service > Nail Salon,0.2009132420091324,1.0,"[{""property"":"""",""dataset"":""meta"",""record_id"":""104256748892733"",""update_time"":""2025-01-06T08:00:00.000Z"",""confidence"":0.2009132420091324}]","[{""property"":"""",""dataset"":""FourSquare"",""record_id"":""53ad8e37498e1475af02cdfa"",""update_time"":""2021-08-16T00:00:00.000"",""confidence"":1.0}]"
"",1125899907047384,"Dr. Martin S. Kanovsky, MD, FACP",Dr. Martin Kanovsky MD FACC FACP,32,32,0,6,6,0,5530 Wisconsin Ave Ste 700,5530 Wisconsin Ave Ste 700,Chevy Chase,MD,cardiologist,cardiologist,0.77,0.77,"[{""dataset"":""Microsoft"",""record_id"":""1125899907047384"",""update_time"":""2015-07-20T18:34:21.193"",""confidence"":0.77}]","[{""dataset"":""Microsoft"",""record_id"":""1407374886796165"",""update_time"":""2024-10-28T15:58:03.297"",""confidence"":0.77}]"
"",1125899911800105,DANCENTER (16792) 6 Personen Ferienhaus in einem Ferienpark in Ringkøbing,DANCENTER (19612) 4 Personen Ferienhaus in einem Ferienpark in Ringkøbing,73,73,0,10,10,0,LODBERGSVEJ 245,LODBERGSVEJ 245,Ringkøbing,"",cabin,cabin,0.77,0.77,"[{""dataset"":""Microsoft"",""record_id"":""1125899911800105"",""update_time"":""2023-01-04T11:25:11.633"",""confidence"":0.77}]","[{""dataset"":""Microsoft"",""record_id"":""1125899911800242"",""update_time"":""2023-01-04T11:25:11.633"",""confidence"":0.77}]"
"",1125899911801526,DANCENTER (39892) 6 Personen Ferienhaus in einem Ferienpark in Hanstholm,DANCENTER (39905) 6 Personen Ferienhaus in einem Ferienpark in Hanstholm,72,72,0,10,10,0,VIGSØ BUGT VEJ 1,VIGSØ BUGT VEJ 1,Hanstholm,"",holiday_rental_home,holiday_rental_home,0.77,0.77,"[{""dataset"":""Microsoft"",""record_id"":""1125899911801526"",""update_time"":""2023-01-04T11:25:16.593"",""confidence"":0.77}]","[{""dataset"":""Microsoft"",""record_id"":""1125899911801538"",""update_time"":""2023-01-04T11:25:16.593"",""confidence"":0.77}]"
"",1125899911803822,DANCENTER (58195) 5 Personen Ferienhaus in einem Ferienpark in Glesborg,DANCENTER (58208) 5 Personen Ferienhaus in einem Ferienpark in Glesborg,71,71,0,10,10,0,HAVET 24A,HAVET 24A,Glesborg,"",cabin,cabin,0.77,0.77,"[{""dataset"":""Microsoft"",""record_id"":""1125899911803822"",""update_time"":""2023-01-04T11:25:33.553"",""confidence"":0.77}]","[{""dataset"":""Microsoft"",""record_id"":""1125899911803825"",""update_time"":""2023-01-04T11:25:33.553"",""confidence"":0.77}]"
"",281474980652319,Northwest RV & Self Storage,Northwest RV & Mini Storage,27,27,0,5,5,0,7041 N Camino Martin,7041 N Camino Martin Ste 125,Tucson,AZ,rv_storage_facility,rv_storage_facility,0.77,0.77,"[{""dataset"":""Microsoft"",""record_id"":""281474980652319"",""update_time"":""2024-12-10T11:40:10.177"",""confidence"":0.77}]","[{""dataset"":""Microsoft"",""record_id"":""844424931407632"",""update_time"":""2015-06-30T16:32:04.073"",""confidence"":0.77}]"
